model,tau1,tau2,final_bankroll,total_return_pct,annual_sharpe,annual_sortino,calmar_ratio,max_drawdown_pct,n_bets,total_turnover,n_capped,mean_k_risk
m12_joint_hybrid_synergy,0.25,0.1,2688.6302385893146,168.86302385893143,1.783774713783772,2.1560932344896577,7.707452434092505,-21.909058187890558,1255,6.927152630509067,0,0.48192606043582953
m12_joint_hybrid_synergy,0.25,0.15,2661.1229557219453,166.11229557219454,1.6973889575347783,2.1454866156505394,7.98445390987254,-20.80446545840807,1255,7.359875275136161,0,0.4224784998142715
m12_joint_hybrid_synergy,0.25,0.2,2559.64283844096,155.964283844096,1.605314874542267,2.024376330801332,8.122992990500233,-19.20034696896757,1255,7.5105951242009015,0,0.3737141412773578
m12_joint_hybrid_synergy,0.25,0.25,2439.148528373585,143.91485283735852,1.515623727738873,1.8856968962009815,7.825424015008031,-18.39067794426866,1255,7.518747356746391,0,0.33349435918140413
m12_joint_hybrid_synergy,0.25,0.3,2322.108275145269,132.21082751452693,1.4325414610051779,1.7439465126922913,7.400682173517326,-17.864681175963945,1255,7.452427906747527,0,0.30004598153478507
m12_joint_hybrid_synergy,0.25,0.35,2216.6449544556426,121.66449544556426,1.3578672636105358,1.6770301912781858,6.781939352061258,-17.93948443502173,1255,7.3474921851689015,0,0.2720127568782029
m12_joint_hybrid_synergy,0.3,0.1,2661.81005844051,166.18100584405101,1.8082028540298132,2.2401344085952504,7.538921911341921,-22.043072974935605,1255,6.674100091826519,0,0.42193286655937856
m12_joint_hybrid_synergy,0.3,0.15,2689.7603985860633,168.97603985860633,1.7420724771910665,2.182796214410819,7.930492476668106,-21.307130718015568,1255,7.192367785208497,0,0.3772898125217277
m12_joint_hybrid_synergy,0.3,0.2,2631.816315021544,163.1816315021544,1.666821439810786,2.099136572880213,8.023851720768924,-20.33706967437787,1255,7.432380908876073,0,0.3392862447368057
m12_joint_hybrid_synergy,0.3,0.25,2540.0076750140765,154.00076750140767,1.5900501146304231,2.00020428583531,8.151132582713135,-18.893174161835056,1255,7.5194354424106695,0,0.30705968728738686
m12_joint_hybrid_synergy,0.3,0.3,2439.1485283735838,143.91485283735838,1.5156237277388753,1.8856968962009846,7.825424015008028,-18.390677944268656,1255,7.518747356746391,0,0.2795786326511705
m12_joint_hybrid_synergy,0.3,0.35,2340.9250573416016,134.09250573416017,1.4458300514509352,1.7427184354751726,7.476724631029919,-17.93465887156645,1255,7.466875637734585,0,0.25601013542147794
m12_joint_hybrid_synergy,0.35,0.1,2624.150824130312,162.41508241303117,1.8224707607777957,2.28691625586578,7.403355003600841,-21.938037867161007,1255,6.443372947479066,0,0.37505013151646244
m12_joint_hybrid_synergy,0.35,0.15,2692.9717631971284,169.29717631971286,1.772318087535793,2.1690751355748996,7.774133846762609,-21.776982446760094,1255,7.015193819937426,0,0.3405120031193076
m12_joint_hybrid_synergy,0.35,0.2,2671.5172184309363,167.1517218430936,1.710342603266438,2.164313899748207,7.970153304681909,-20.972209122364514,1255,7.320026922202682,0,0.3101920524266526
m12_joint_hybrid_synergy,0.35,0.25,2607.6145847185358,160.76145847185356,1.644838116937195,2.0879280852015616,8.056488181309733,-19.954284652809957,1255,7.4692602035060265,0,0.2838893728421131
m12_joint_hybrid_synergy,0.35,0.3,2525.7778022079087,152.57778022079088,1.5792057787447855,1.961015133520855,8.133607580962888,-18.758930610066166,1255,7.523632304529484,0,0.26102703347572065
m12_joint_hybrid_synergy,0.35,0.35,2439.148528373584,143.91485283735844,1.5156237277388724,1.885696896200982,7.825424015008026,-18.390677944268667,1255,7.518747356746393,0,0.24106739941529007
m12_joint_hybrid_synergy,0.4,0.1,2582.612984381472,158.2612984381472,1.8302075268035698,2.353121735653614,7.29021563362962,-21.70872665385795,1255,6.236243852990139,0,0.3375669728537498
m12_joint_hybrid_synergy,0.4,0.15,2681.572325677917,168.1572325677917,1.7933771524209003,2.19461013687838,7.646623532790083,-21.991043739331946,1255,6.840651126878531,0,0.31011106950041345
m12_joint_hybrid_synergy,0.4,0.2,2689.760398586065,168.97603985860653,1.742072477191068,2.182796214410821,7.930492476668098,-21.30713071801561,1255,7.192367785208494,0,0.2854673593912954
m12_joint_hybrid_synergy,0.4,0.25,2650.878329471541,165.08783294715408,1.68597123236363,2.128451856939081,7.998290324105758,-20.64039016558349,1255,7.390217886798593,0,0.263651493053937
m12_joint_hybrid_synergy,0.4,0.3,2588.1799075549707,158.81799075549705,1.6283416075838362,2.038253233207138,8.083084661515667,-19.648190932806205,1255,7.490043141652661,0,0.24438973025197192
m12_joint_hybrid_synergy,0.4,0.35,2515.024708825998,151.5024708825998,1.5711106559171408,1.9485218443646628,8.094855413342266,-18.715895855642746,1255,7.525712318729814,0,0.22733534663858923
m12_joint_hybrid_synergy,0.45,0.1,2540.5993420947957,154.0599342094796,1.8335164283914422,2.3606529414545308,7.193715728816537,-21.415905217431288,1255,6.051081922077123,0,0.30702992868900536
m12_joint_hybrid_synergy,0.45,0.15,2661.8100584404997,166.18100584404996,1.808202854029805,2.2401344085952406,7.538921911341871,-22.043072974935615,1255,6.674100091826521,0,0.284621911039593
m12_joint_hybrid_synergy,0.45,0.2,2693.862380137856,169.38623801378557,1.7657713962967247,2.1873334112180514,7.810046149674672,-21.688250590022623,1255,7.059561399394806,0,0.2642801198001563
m12_joint_hybrid_synergy,0.45,0.25,2676.603384550172,167.66033845501718,1.717484434601635,2.174428973379463,7.96295425243286,-21.055042279540057,1255,7.295303655521245,0,0.2459412463164592
m12_joint_hybrid_synergy,0.45,0.3,2631.816315021537,163.1816315021537,1.6668214398107808,2.0991365728802065,8.023851720768885,-20.33706967437789,1255,7.432380908876076,0,0.22952416315787413
m12_joint_hybrid_synergy,0.45,0.35,2572.4858219665725,157.24858219665725,1.6155339510536084,2.0178867200615183,8.104895144380839,-19.401680021200335,1255,7.502607412358446,0,0.21481836723527775
m12_joint_hybrid_synergy,0.5,0.1,2499.793674356645,149.9793674356645,1.8337313336273884,2.3638709425725826,7.110261321035864,-21.093369239741897,1255,5.885461527270852,0,0.2817442005133023
m12_joint_hybrid_synergy,0.5,0.15,2637.379123185446,163.7379123185446,1.8185772137496037,2.2543564110974947,7.445666322810525,-21.991035485557216,1255,6.517630542054361,0,0.2629883582432207
m12_joint_hybrid_synergy,0.5,0.2,2688.6302385893146,168.86302385893143,1.783774713783772,2.1560932344896577,7.707452434092505,-21.909058187890558,1255,6.927152630509067,0,0.24596303021791477
m12_joint_hybrid_synergy,0.5,0.25,2689.760398586063,168.9760398586063,1.7420724771910652,2.1827962144108155,7.930492476668095,-21.307130718015582,1255,7.1923677852085,0,0.23037388751303606
m12_joint_hybrid_synergy,0.5,0.3,2661.1229557219453,166.11229557219454,1.6973889575347783,2.1454866156505394,7.98445390987254,-20.80446545840807,1255,7.359875275136161,0,0.21623924990713575
m12_joint_hybrid_synergy,0.5,0.35,2615.1044926089294,161.51044926089293,1.6514381737466477,2.098499281360775,8.046341381536257,-20.072532546469755,1255,7.459358513147261,0,0.20344857113304138
m13_joint_composite,0.25,0.1,2781.707588389996,178.17075883899963,1.848188666949991,2.375562659630002,8.339258717728036,-21.36529934731907,1260,6.981937669070085,0,0.47971323304432434
m13_joint_composite,0.25,0.15,2721.377018232758,172.1377018232758,1.7474156738950366,2.2341983600477393,8.473271283844678,-20.31537714972932,1260,7.408632425005004,0,0.4206393467053992
m13_joint_composite,0.25,0.2,2596.719878008514,159.6719878008514,1.6457387454315944,2.0439187511923613,8.207805355431903,-19.453676212628622,1260,7.555698040010527,0,0.37269849002053385
m13_joint_composite,0.25,0.25,2461.3733596101906,146.13733596101906,1.54839674105427,1.8960065706518725,7.62818201073642,-19.15755756159665,1260,7.560935988000416,0,0.33309218099928795
m13_joint_composite,0.25,0.3,2334.5080109747137,133.45080109747136,1.458848411871175,1.808164748164452,7.093046128283957,-18.814314567239045,1260,7.491831156606454,0,0.300082159264125
m13_joint_composite,0.25,0.35,2222.15257315204,122.215257315204,1.3786231531678064,1.731149264748752,6.378149070453454,-19.16155548658494,1260,7.383976264853662,0,0.27235842099467766
m13_joint_composite,0.3,0.1,2766.1296798429034,176.61296798429035,1.8798172500864636,2.429892078922494,8.294417368370828,-21.292992640781506,1260,6.732213392112683,0,0.4207546979086548
m13_joint_composite,0.3,0.15,2765.532473027122,176.55324730271218,1.7983367813841358,2.292738256038712,8.40550844099603,-21.004469692947104,1260,7.243642526514698,0,0.37542823150503857
m13_joint_composite,0.3,0.2,2683.200047339203,168.3200047339203,1.7133306048511696,2.1287617039995603,8.505297496294347,-19.790019668007535,1260,7.479774700474952,0,0.3379981127925783
m13_joint_composite,0.3,0.25,2574.132138607731,157.4132138607731,1.6290962564806248,1.9714172029707082,8.107305368760654,-19.41621866956228,1260,7.564024119686265,0,0.3063106520872821
m13_joint_composite,0.3,0.3,2461.3733596101883,146.13733596101883,1.548396741054269,1.8960065706518714,7.628182010736419,-19.157557561596626,1260,7.560935988000413,0,0.2792434841660731
m13_joint_composite,0.3,0.35,2354.7160208641144,135.47160208641142,1.4731456716206588,1.82861487831594,7.191461545687277,-18.837840017048244,1260,7.506748052896786,0,0.2559877416093493
m13_joint_composite,0.35,0.1,2735.4972298597354,173.54972298597352,1.9004871518389561,2.495963504795361,8.260362924104172,-21.00993922186474,1260,6.504603786579416,0,0.3750461144711443
m13_joint_composite,0.35,0.15,2781.0415454149133,178.10415454149134,1.8341366265280936,2.3520898588158867,8.358136358309045,-21.309075002638984,1260,7.068831818559895,0,0.33886294763876035
m13_joint_composite,0.35,0.2,2735.945130406254,173.59451304062537,1.7620135935437924,2.2330750404352835,8.453717298215754,-20.534695793206183,1260,7.369434677549616,0,0.3087892410253805
m13_joint_composite,0.35,0.25,2653.391617464919,165.33916174649187,1.6890519468602831,2.0893373678467295,8.472701392151029,-19.514338354902883,1260,7.51578242887791,0,0.28292842478872066
m13_joint_composite,0.35,0.3,2557.924919300486,155.79249193004864,1.6172959916767806,1.9535385522055833,8.036429237714453,-19.385785318549726,1260,7.567863210218609,0,0.2604418861853493
m13_joint_composite,0.35,0.35,2461.373359610192,146.13733596101918,1.5483967410542698,1.8960065706518725,7.628182010736441,-19.157557561596615,1260,7.560935988000415,0,0.24078012928520562
m13_joint_composite,0.4,0.1,2698.2777913673954,169.8277791367395,1.913865834086921,2.551539766430418,8.232464406883851,-20.629032904743845,1260,6.300295211466469,0,0.33866244074334395
m13_joint_composite,0.4,0.15,2778.978907011943,177.89789070119434,1.8602845108873864,2.3960022761683404,8.322646913114646,-21.37515775430371,1260,6.8965646498293305,0,0.3088433415851181
m13_joint_composite,0.4,0.2,2765.5324730271213,176.55324730271212,1.798336781384135,2.2927382560387106,8.40550844099602,-21.00446969294712,1260,7.243642526514703,0,0.2840711736287792
m13_joint_composite,0.4,0.25,2707.6632628858993,170.76632628858994,1.7346311661840186,2.188335575213948,8.490498414736193,-20.112638616386313,1260,7.438440874770914,0,0.26257124192177517
m13_joint_composite,0.4,0.3,2630.12582379265,163.012582379265,1.670928656458,2.0840901981992217,8.361230408328762,-19.496243306115023,1260,7.535954119069478,0,0.24363795803410618
m13_joint_composite,0.4,0.35,2545.7563262219555,154.57563262219557,1.6084982761140294,1.9403244412169829,7.983783303743343,-19.361200917078992,1260,7.569679290019779,0,0.2268594120173414
m13_joint_composite,0.45,0.1,2658.8681401273266,165.88681401273266,1.922094957059536,2.542468743479571,8.208401658190423,-20.20939287823582,1260,6.117595213514408,0,0.30905343793081486
m13_joint_composite,0.45,0.15,2766.129679842906,176.61296798429063,1.8798172500864627,2.4298920789224927,8.294417368370846,-21.292992640781492,1260,6.732213392112679,0,0.2838364652724369
m13_joint_composite,0.45,0.2,2779.1529424165115,177.91529424165114,1.8262503665052743,2.338956239483989,8.368619220672672,-21.259814737675473,1260,7.112618241613824,0,0.2629896258229642
m13_joint_composite,0.45,0.25,2743.4442368206032,174.34442368206032,1.7701117199601246,2.2463341498387197,8.442919599945538,-20.649778979677233,1260,7.3450939744339445,0,0.24481292711188407
m13_joint_composite,0.45,0.3,2683.2000473391927,168.3200047339193,1.7133306048511665,2.1287617039995568,8.505297496294272,-19.790019668007584,1260,7.479774700474954,0,0.2286654085283857
m13_joint_composite,0.45,0.35,2611.6587631041384,161.16587631041384,1.656904023619611,2.0616261425036417,8.275606279678259,-19.474811979174984,1260,7.548063406385957,0,0.2142088916138873
m13_joint_composite,0.5,0.1,2619.5580743576265,161.95580743576264,1.9265663311789942,2.554788506501288,8.186759288227103,-19.782651685956097,1260,5.95406374823008,0,0.28450809068170746
m13_joint_composite,0.5,0.15,2746.747506797048,174.6747506797048,1.894545499397474,2.4567186488655848,8.270870793835758,-21.11926966745619,1260,6.5778509665111065,0,0.2627249738215822
m13_joint_composite,0.5,0.2,2781.707588389996,178.17075883899963,1.848188666949991,2.375562659630002,8.339258717728036,-21.36529934731907,1260,6.981937669070085,0,0.24485661652216215
m13_joint_composite,0.5,0.25,2765.5324730271227,176.55324730271226,1.798336781384137,2.2927382560387146,8.40550844099603,-21.004469692947108,1260,7.243642526514705,0,0.2292569389030232
m13_joint_composite,0.5,0.3,2721.377018232758,172.1377018232758,1.7474156738950366,2.2341983600477393,8.473271283844678,-20.31537714972932,1260,7.408632425005004,0,0.2153196733526996
m13_joint_composite,0.5,0.35,2662.502050077555,166.25020500775548,1.6963243715059666,2.125417227406384,8.512033114718735,-19.531198101224597,1260,7.506134793388189,0,0.20274642897540499
