container,scope,model,market_key,direction,full_bets,full_kelly_roi,full_flat_roi,full_eff,full_cap_share,anchor_book_roi,sel_bets,sel_kelly_roi,sel_eff,sel_eff_anch,eval_bets,eval_kelly_roi,eval_eff,eval_eff_anch,sign_across_split,verdict_selection,verdict_reason,oos_gate,oos_gate_reason
inv,POOLED,POOLED,1X2,ALL,1580,11.04456687611831,5.338062980057913,1.8398261457755904,57.51873010814555,16.788081734349202,808,30.892118674233288,1.8401220081640755,1.8401220081640755,772,-2.6891770973490097,NaN,-0.160183702932946,reversed,KEEP,"Kelly ROI +30.89%, efficiency 1.84",false,OOS Kelly ROI -2.69%; OOS efficiency -0.16
inv,POOLED,POOLED,1X2,away,709,5.72155501766407,3.083123496176337,0.9531081330815886,27.085096616343677,16.788081734349202,379,27.3693439611616,1.6302841738709575,1.6302841738709575,330,-10.257314445300228,NaN,-0.6109878786397187,reversed,KEEP,"Kelly ROI +27.37%, efficiency 1.63",false,OOS Kelly ROI -10.26%; OOS efficiency -0.61
inv,POOLED,POOLED,1X2,draw,313,21.89598840926254,5.952417256956453,3.6474777521668535,8.392691253612497,16.788081734349202,139,28.79430267711782,1.7151633600998812,1.7151633600998812,174,19.19628192458161,NaN,1.143447013681445,held,KEEP,"Kelly ROI +28.79%, efficiency 1.72",true,all four conditions hold
inv,POOLED,POOLED,1X2,home,558,13.453795089315525,7.858599190457186,2.2411602232001187,22.040942238189352,16.788081734349202,290,35.59907956737083,2.1204971557014427,2.1204971557014427,268,-3.826454983271272,NaN,-0.22792687358926575,reversed,KEEP,"Kelly ROI +35.60%, efficiency 2.12",false,OOS Kelly ROI -3.83%; OOS efficiency -0.23
inv,POOLED,POOLED,BTTS,ALL,214,-19.28265394519374,-2.733078463773053,-3.212143245293004,7.487660160429156,16.788081734349202,61,-13.667023833193863,-0.8140908562072635,-0.8140908562072635,153,-21.003052346769945,NaN,-1.2510692215535688,held,PRUNE,Kelly ROI -13.67% <= 0 on 61 bets,false,IS Kelly ROI -13.67%; OOS Kelly ROI -21.00%; IS efficiency -0.81; OOS efficiency -1.25
inv,POOLED,POOLED,BTTS,btts_no,123,8.991870337693705,-2.3839052480418315,1.4978838312333336,2.9609902176437926,16.788081734349202,39,18.78241361937228,1.11879450651843,1.11879450651843,84,3.7940338351531713,NaN,0.22599567331092987,held,CONDITIONAL,"only 39 bets, below the 60 floor",false,OOS efficiency 0.23
inv,POOLED,POOLED,BTTS,btts_yes,91,-37.777616217315206,-3.205037865255915,-6.293071228712613,4.5266699427853645,16.788081734349202,22,-59.36712765754189,-3.536266298732271,-3.536266298732271,69,-33.6325314931072,NaN,-2.003357621513926,held,CONDITIONAL,"only 22 bets, below the 60 floor",false,IS Kelly ROI -59.37%; OOS Kelly ROI -33.63%; IS efficiency -3.54; OOS efficiency -2.00
inv,POOLED,POOLED,OU0.5,ALL,95,-24.932254469417718,-57.995153641679956,-4.1532650542550495,4.358579186599567,16.788081734349202,40,-52.32958370932227,-3.1170674849797457,-3.1170674849797457,55,-5.229077631744471,NaN,-0.3114755881278284,held,CONDITIONAL,"only 40 bets, below the 60 floor",false,IS Kelly ROI -52.33%; OOS Kelly ROI -5.23%; IS efficiency -3.12; OOS efficiency -0.31
inv,POOLED,POOLED,OU0.5,over_05,41,-15.959455018355573,-2.6716974624291727,-2.658558089642329,3.893224554005578,16.788081734349202,14,-47.936017807249016,-2.855360044451635,-2.855360044451635,27,8.04564544682322,NaN,0.4792474550776968,reversed,CONDITIONAL,"only 14 bets, below the 60 floor",false,IS Kelly ROI -47.94%; IS efficiency -2.86
inv,POOLED,POOLED,OU0.5,under_05,54,-100.0,-100.0,-16.658200963533034,0.4653546325939863,16.788081734349202,26,-100.0,-5.95660669172198,-5.95660669172198,28,-100.0,NaN,-5.95660669172198,held,CONDITIONAL,"only 26 bets, below the 60 floor",false,IS Kelly ROI -100.00%; OOS Kelly ROI -100.00%; IS efficiency -5.96; OOS efficiency -5.96
inv,POOLED,POOLED,OU1.5,ALL,196,6.701151583440794,3.370459650257978,1.1162912976405432,5.6149256608497735,16.788081734349202,69,18.488620307043494,1.1012943944164217,1.1012943944164217,127,3.442308409717617,NaN,0.20504477308294805,held,KEEP,"Kelly ROI +18.49%, efficiency 1.10",false,OOS efficiency 0.21
inv,POOLED,POOLED,OU1.5,over_15,75,16.1187040298168,14.888288008193673,2.68508611000398,3.26532103362661,16.788081734349202,23,29.13367027083826,1.7353781528969687,1.7353781528969687,52,13.796586976009205,NaN,0.8218084230422075,held,CONDITIONAL,"only 23 bets, below the 60 floor",true,all four conditions hold
inv,POOLED,POOLED,OU1.5,under_15,121,-6.386723598681312,-3.7686901583798513,-1.0639132520537218,2.3496046272231643,16.788081734349202,46,11.196785429187305,0.6669484701327226,0.6669484701327226,75,-14.182586104178162,NaN,-0.844800872940708,reversed,CONDITIONAL,"only 46 bets, below the 60 floor",false,OOS Kelly ROI -14.18%; OOS efficiency -0.84
inv,POOLED,POOLED,OU2.5,ALL,412,29.354885555358777,11.224698076170059,4.889995828426795,14.936969637066356,16.788081734349202,190,6.659304267460057,0.3966685636176532,0.3966685636176532,222,42.76167159902353,NaN,2.5471445919596127,held,CONDITIONAL,"Kelly ROI +6.66%, efficiency 0.40 — profitable but dilutive",true,all four conditions hold
inv,POOLED,POOLED,OU2.5,over_25,89,3.845702665660649,-0.4462991439956136,0.6406248785056977,2.351324292062682,16.788081734349202,50,29.950749519138455,1.7840483500778899,1.7840483500778899,39,-35.04682063097793,NaN,-2.087601262940631,reversed,CONDITIONAL,"only 50 bets, below the 60 floor",false,OOS Kelly ROI -35.05%; OOS efficiency -2.09
inv,POOLED,POOLED,OU2.5,under_25,323,34.12066114771077,14.440545607423136,5.683888304071797,12.58564534500368,16.788081734349202,140,-1.2562675166150177,-0.07483091496061968,-0.07483091496061968,183,51.461922130772585,NaN,3.0653842973303544,reversed,PRUNE,Kelly ROI -1.26% <= 0 on 140 bets,false,IS Kelly ROI -1.26%; IS efficiency -0.07
inv,POOLED,POOLED,OU3.5,ALL,214,-25.588556721792614,-16.35619878016255,-4.2625932023838535,10.083135246909618,16.788081734349202,76,-23.430018601235705,-1.3956340558729108,-1.3956340558729108,138,-26.27791370373895,NaN,-1.5652719661218415,held,PRUNE,Kelly ROI -23.43% <= 0 on 76 bets,false,IS Kelly ROI -23.43%; OOS Kelly ROI -26.28%; IS efficiency -1.40; OOS efficiency -1.57
inv,POOLED,POOLED,OU3.5,over_35,71,-3.1714529031507923,-24.662345964491575,-0.5283069980706616,0.8504799818360185,16.788081734349202,32,-16.71707036023711,-0.9957701317377553,-0.9957701317377553,39,5.961109245737165,NaN,0.3550798322324376,reversed,CONDITIONAL,"only 32 bets, below the 60 floor",false,IS Kelly ROI -16.72%; IS efficiency -1.00
inv,POOLED,POOLED,OU3.5,under_35,143,-27.653542091777926,-12.232167660670502,-4.606582615183563,9.232655265073598,16.788081734349202,44,-24.52576836755703,-1.4609035597781348,-1.4609035597781348,99,-28.573411152029966,NaN,-1.7020057207350514,held,CONDITIONAL,"only 44 bets, below the 60 floor",false,IS Kelly ROI -24.53%; OOS Kelly ROI -28.57%; IS efficiency -1.46; OOS efficiency -1.70
inv,m05,m05,1X2,ALL,778,10.69452578032639,4.826575033487381,1.7247127972996188,56.11285772869869,15.816171623190508,400,30.07255467797594,1.9013801439712483,1.9013801439712483,378,-2.4705040046717066,-2.864017032337266,-0.15620113789416162,reversed,KEEP,"Kelly ROI +30.07%, efficiency 1.90",false,OOS Kelly ROI -2.47%; OOS efficiency -0.16
inv,m05,m05,1X2,away,358,6.0148885386246365,3.406585733047866,0.9700248005367945,26.36589875863949,15.816171623190508,192,26.267655501369088,1.6608099688836242,1.6608099688836242,166,-8.95794820376816,-10.384810622396174,-0.5663790465344687,reversed,KEEP,"Kelly ROI +26.27%, efficiency 1.66",false,OOS Kelly ROI -8.96%; OOS efficiency -0.57
inv,m05,m05,1X2,draw,143,22.56821299298433,5.422192516529426,3.6395896892209536,7.994273661414483,15.816171623190508,64,25.91898107444396,1.6387645311359784,1.6387645311359784,79,21.384290459117413,24.790476754356895,1.352052251871283,held,KEEP,"Kelly ROI +25.92%, efficiency 1.64",true,all four conditions hold
inv,m05,m05,1X2,home,277,12.002931450247608,6.354311024398333,1.9357201901775511,21.752685308644708,15.816171623190508,144,35.527713445143455,2.2462903344479925,2.2462903344479925,133,-5.9183911277964985,-6.861099177329763,-0.37419871690811957,reversed,KEEP,"Kelly ROI +35.53%, efficiency 2.25",false,OOS Kelly ROI -5.92%; OOS efficiency -0.37
inv,m05,m05,BTTS,ALL,108,-18.32090103777775,1.2977154030631,-2.954623059214393,7.493909238438819,15.816171623190508,32,-13.190453490744352,-0.8339852275884393,-0.8339852275884393,76,-19.91468193292268,-23.0867823495186,-1.2591341575810115,held,CONDITIONAL,"only 32 bets, below the 60 floor",false,IS Kelly ROI -13.19%; OOS Kelly ROI -19.91%; IS efficiency -0.83; OOS efficiency -1.26
inv,m05,m05,BTTS,btts_no,58,12.42764381443403,2.430273971117985,2.00421381623727,2.917067421781814,15.816171623190508,20,17.88602412946614,1.1308693756990285,1.1308693756990285,38,9.408252347322165,10.906841242234046,0.594850168009513,held,CONDITIONAL,"only 20 bets, below the 60 floor",true,all four conditions hold
inv,m05,m05,BTTS,btts_yes,50,-37.91860225811378,-0.01605253588056499,-6.11515647478173,4.576841816657003,15.816171623190508,12,-56.98094860731615,-3.6027017134644437,-3.6027017134644437,38,-34.25817742055432,-39.71497453303569,-2.1660221093152003,held,CONDITIONAL,"only 12 bets, below the 60 floor",false,IS Kelly ROI -56.98%; OOS Kelly ROI -34.26%; IS efficiency -3.60; OOS efficiency -2.17
inv,m05,m05,OU0.5,ALL,47,-24.541974425106122,-56.390633999570184,-3.957899418022504,4.470040289135734,15.816171623190508,19,-51.016765055933156,-3.2256077052887866,-3.2256077052887866,28,-6.0247039130398,-6.984345942814157,-0.38092049432531827,held,CONDITIONAL,"only 19 bets, below the 60 floor",false,IS Kelly ROI -51.02%; OOS Kelly ROI -6.02%; IS efficiency -3.23; OOS efficiency -0.38
inv,m05,m05,OU0.5,over_05,21,-15.276428774846242,-2.3980856180856214,-2.463639131478099,3.9811874025238034,15.816171623190508,7,-46.86318692000232,-2.962991805886137,-2.962991805886137,14,8.164340173296662,9.464793123144219,0.516202047360543,reversed,CONDITIONAL,"only 7 bets, below the 60 floor",false,IS Kelly ROI -46.86%; IS efficiency -2.96
inv,m05,m05,OU0.5,under_05,26,-100.0,-100.0,-16.12706194483531,0.48885288661193194,15.816171623190508,12,-100.0,-6.32264257004993,-6.32264257004993,14,-100.0,-115.92845131687416,-6.32264257004993,held,CONDITIONAL,"only 12 bets, below the 60 floor",false,IS Kelly ROI -100.00%; OOS Kelly ROI -100.00%; IS efficiency -6.32; OOS efficiency -6.32
inv,m05,m05,OU1.5,ALL,101,9.530477596080535,4.486323393530278,1.5369860255585592,6.2808349399416725,15.816171623190508,34,15.232697562930316,0.9631090206807903,0.9631090206807903,67,8.03151818004935,9.310814643364408,0.5078041874730995,held,CONDITIONAL,"only 34 bets, below the 60 floor",true,all four conditions hold
inv,m05,m05,OU1.5,over_15,41,19.30969476166242,11.249531714811292,3.1140864355719176,3.797510662470333,15.816171623190508,12,28.30298791936011,1.7894967627855511,1.7894967627855511,29,17.584006869374637,20.384866843118782,1.1117739038435848,held,CONDITIONAL,"only 12 bets, below the 60 floor",true,all four conditions hold
inv,m05,m05,OU1.5,under_15,60,-5.423945309463111,-0.13520229267840614,-0.8747230199111052,2.4833242774713438,15.816171623190508,22,3.751760581746768,0.23721041166787404,0.23721041166787404,38,-8.997120262125868,-10.430222182999207,-0.568855755771758,reversed,CONDITIONAL,"only 22 bets, below the 60 floor",false,OOS Kelly ROI -9.00%; IS efficiency 0.24; OOS efficiency -0.57
inv,m05,m05,OU2.5,ALL,205,30.860912626296734,9.703156214272468,4.976958495984376,15.386421972845625,15.816171623190508,93,8.527567795902508,0.5391676316536005,0.5391676316536005,112,43.25592206188225,50.14592054917419,2.7349173423521864,held,KEEP,"Kelly ROI +8.53%, efficiency 0.54",true,all four conditions hold
inv,m05,m05,OU2.5,over_25,47,1.113820886327467,-2.08818775127905,0.1796265842925443,2.5767725648117192,15.816171623190508,25,27.983440410045848,1.7692929159301134,1.7692929159301134,22,-32.91583279869589,-38.158815201579856,-2.0811504568168036,reversed,CONDITIONAL,"only 25 bets, below the 60 floor",false,OOS Kelly ROI -32.92%; OOS efficiency -2.08
inv,m05,m05,OU2.5,under_25,158,36.84479926026004,13.210707900227666,5.9419836001523585,12.809649408033904,15.816171623190508,68,1.6135706698955243,0.10202030607265425,0.10202030607265425,90,53.144177621367156,61.609222081539755,3.360116397791508,held,PRUNE,capital efficiency 0.10 < 0.25 on 68 bets,false,IS efficiency 0.10
inv,m05,m05,OU3.5,ALL,113,-26.104322094357567,-25.880769054520584,-4.209860194436375,10.255935830939467,15.816171623190508,42,-26.128696036786046,-1.6520240586207833,-1.6520240586207833,71,-26.09611576573982,-30.25282286108081,-1.6499641245341772,held,CONDITIONAL,"only 42 bets, below the 60 floor",false,IS Kelly ROI -26.13%; OOS Kelly ROI -26.10%; IS efficiency -1.65; OOS efficiency -1.65
inv,m05,m05,OU3.5,over_35,44,-18.670710462291243,-43.43045454545454,-3.011037041794556,1.0187661591708894,15.816171623190508,20,-29.13322601111455,-1.8419897498075877,-1.8419897498075877,24,-12.233139007005947,-14.181688598262433,-0.7734576545103413,held,CONDITIONAL,"only 20 bets, below the 60 floor",false,IS Kelly ROI -29.13%; OOS Kelly ROI -12.23%; IS efficiency -1.84; OOS efficiency -0.77
inv,m05,m05,OU3.5,under_35,69,-26.924174088016823,-14.689665263200382,-4.3420782333097705,9.237169671768575,15.816171623190508,22,-25.59755483100284,-1.6184418986368578,-1.6184418986368578,47,-27.33772249440756,-31.692198313071426,-1.7284664801135279,held,CONDITIONAL,"only 22 bets, below the 60 floor",false,IS Kelly ROI -25.60%; OOS Kelly ROI -27.34%; IS efficiency -1.62; OOS efficiency -1.73
inv,m12,m12,1X2,ALL,802,11.354923801567757,5.834244554162496,1.9512588877727923,58.82547669019247,17.66271096018181,408,31.604066017975452,1.7893100379224085,1.7893100379224085,394,-2.8858181035850503,NaN,-0.1633847776873401,reversed,KEEP,"Kelly ROI +31.60%, efficiency 1.79",false,OOS Kelly ROI -2.89%; OOS efficiency -0.16
inv,m12,m12,1X2,away,351,5.462536591811884,2.753210445464069,0.9386961340141613,27.753584991326992,17.66271096018181,187,28.343822590149436,1.6047266274156187,1.6047266274156187,164,-11.40322551651565,NaN,-0.6456101524971268,reversed,KEEP,"Kelly ROI +28.34%, efficiency 1.60",false,OOS Kelly ROI -11.40%; OOS efficiency -0.65
inv,m12,m12,1X2,draw,170,21.325974807816646,6.398429832727426,3.664709566648569,8.763017063012754,17.66271096018181,75,30.927494802085036,1.7510049771978315,1.7510049771978315,95,17.242263267623187,NaN,0.9761957440448149,held,KEEP,"Kelly ROI +30.93%, efficiency 1.75",true,all four conditions hold
inv,m12,m12,1X2,home,281,14.768739171772214,9.341474001839044,2.5378975741026033,22.308874635852654,17.66271096018181,146,35.66212012863368,2.0190626574272263,2.0190626574272263,135,-1.8921641759562848,NaN,-0.10712761932309899,reversed,KEEP,"Kelly ROI +35.66%, efficiency 2.02",false,OOS Kelly ROI -1.89%; OOS efficiency -0.11
inv,m12,m12,BTTS,ALL,106,-20.17803585476333,-6.839925045077814,-3.467444827235997,7.481851694846184,17.66271096018181,29,-14.119956859670753,-0.7994218379897788,-0.7994218379897788,77,-22.009925264682145,NaN,-1.246123843293396,held,CONDITIONAL,"only 29 bets, below the 60 floor",false,IS Kelly ROI -14.12%; OOS Kelly ROI -22.01%; IS efficiency -0.80; OOS efficiency -1.25
inv,m12,m12,BTTS,btts_no,65,5.8885087297273815,-6.679634397445976,1.01189626591962,3.0018160879046247,17.66271096018181,19,19.634721512673096,1.111648237744303,1.111648237744303,46,-1.1404361115011223,NaN,-0.06456744460530896,reversed,CONDITIONAL,"only 19 bets, below the 60 floor",false,OOS Kelly ROI -1.14%; OOS efficiency -0.06
inv,m12,m12,BTTS,btts_yes,41,-37.643739200640326,-7.094044364494148,-6.468795561103546,4.480035606941562,17.66271096018181,10,-61.63353779375164,-3.4894721389426637,-3.4894721389426637,31,-33.03846061250106,NaN,-1.8705203684180645,held,CONDITIONAL,"only 10 bets, below the 60 floor",false,IS Kelly ROI -61.63%; OOS Kelly ROI -33.04%; IS efficiency -3.49; OOS efficiency -1.87
inv,m12,m12,OU0.5,ALL,48,-25.31335191492809,-59.566245791245805,-4.349910555674911,4.254977026901666,17.66271096018181,21,-53.57123850181169,-3.033013370517176,-3.033013370517176,27,-4.43413584843292,NaN,-0.25104503257903493,held,CONDITIONAL,"only 21 bets, below the 60 floor",false,IS Kelly ROI -53.57%; OOS Kelly ROI -4.43%; IS efficiency -3.03; OOS efficiency -0.25
inv,m12,m12,OU0.5,over_05,20,-16.622592665294235,-2.958989898989901,-2.856468457454902,3.8114638242773764,17.66271096018181,7,-48.964193289588366,-2.7721788235096816,-2.7721788235096816,13,7.929280087559809,NaN,0.44892769323097104,reversed,CONDITIONAL,"only 7 bets, below the 60 floor",false,IS Kelly ROI -48.96%; IS efficiency -2.77
inv,m12,m12,OU0.5,under_05,28,-100.00000000000001,-100.0,-17.184253473399664,0.443513202624289,17.66271096018181,14,-100.0,-5.661645045623883,-5.661645045623883,14,-100.0,NaN,-5.661645045623883,held,CONDITIONAL,"only 14 bets, below the 60 floor",false,IS Kelly ROI -100.00%; OOS Kelly ROI -100.00%; IS efficiency -5.66; OOS efficiency -5.66
inv,m12,m12,OU1.5,ALL,95,3.394974211130645,2.184120302147426,0.5834009737972407,4.995968572618878,17.66271096018181,35,21.98603689052197,1.2447713683412764,1.2447713683412764,60,-2.0471344849367594,NaN,-0.11590148814368004,reversed,CONDITIONAL,"only 35 bets, below the 60 floor",false,OOS Kelly ROI -2.05%; OOS efficiency -0.12
inv,m12,m12,OU1.5,over_15,34,12.053451484170399,19.276200009037144,2.071295655333095,2.7706552384525334,17.66271096018181,11,30.35771478764601,1.7187460552393894,1.7187460552393894,23,9.093711669839726,NaN,0.5148536762188017,held,CONDITIONAL,"only 11 bets, below the 60 floor",true,all four conditions hold
inv,m12,m12,OU1.5,under_15,61,-7.385375254827539,-7.342612649233732,-1.2691216037513007,2.2253133341663456,17.66271096018181,24,17.65621283444586,0.9996320991862123,0.9996320991862123,37,-20.00456071692365,NaN,-1.1325872207285295,reversed,CONDITIONAL,"only 24 bets, below the 60 floor",false,OOS Kelly ROI -20.00%; OOS efficiency -1.13
inv,m12,m12,OU2.5,ALL,207,27.871435324223437,12.731539050513085,4.789498092789207,14.519207461666335,17.66271096018181,97,4.955864697359424,0.28058346810587287,0.28058346810587287,110,42.252116250514426,NaN,2.3921648463684937,held,CONDITIONAL,"Kelly ROI +4.96%, efficiency 0.28 — profitable but dilutive",true,all four conditions hold
inv,m12,m12,OU2.5,over_25,42,6.900695698778203,1.3910523927263254,1.1858330403060344,2.1417720139539846,17.66271096018181,25,31.863696615457066,1.80400940078165,1.80400940078165,17,-37.988971269078995,NaN,-2.1508007097392916,reversed,CONDITIONAL,"only 25 bets, below the 60 floor",false,OOS Kelly ROI -37.99%; OOS efficiency -2.15
inv,m12,m12,OU2.5,under_25,165,31.500179213168227,15.618208381586074,5.41307064056598,12.377435447712344,17.66271096018181,72,-3.816232419431058,-0.21606153370421097,-0.21606153370421097,93,49.78278265531201,NaN,2.8185244477781786,reversed,PRUNE,Kelly ROI -3.82% <= 0 on 72 bets,false,IS Kelly ROI -3.82%; IS efficiency -0.22
inv,m12,m12,OU3.5,ALL,101,-25.093048311050442,-5.6999963939995775,-4.312053025973541,9.922518553774538,17.66271096018181,34,-20.62269347993234,-1.167583703680789,-1.167583703680789,67,-26.448188241583928,NaN,-1.497402539236915,held,CONDITIONAL,"only 34 bets, below the 60 floor",false,IS Kelly ROI -20.62%; OOS Kelly ROI -26.45%; IS efficiency -1.17; OOS efficiency -1.50
inv,m12,m12,OU3.5,over_35,27,17.97484004762839,5.922719871151787,3.0888420752226153,0.6940593918500291,17.66271096018181,12,-1.7947793455492727,-0.10161403589717115,-0.10161403589717115,15,33.03678733144905,NaN,1.870425633184284,reversed,CONDITIONAL,"only 12 bets, below the 60 floor",false,IS Kelly ROI -1.79%; IS efficiency -0.10
inv,m12,m12,OU3.5,under_35,74,-28.332123424024775,-9.940717193446691,-4.868663903580857,9.228459161924505,17.66271096018181,22,-23.43671642174522,-1.3269036941486574,-1.3269036941486574,52,-29.69359210932934,NaN,-1.681145786525609,held,CONDITIONAL,"only 22 bets, below the 60 floor",false,IS Kelly ROI -23.44%; OOS Kelly ROI -29.69%; IS efficiency -1.33; OOS efficiency -1.68
inv_anch,POOLED,POOLED,1X2,ALL,1585,10.975346832339284,4.907798492903491,1.8235427777307458,58.00185287463068,16.809397134554445,810,30.56307285400145,1.8182135033965074,1.8182135033965074,775,-2.6416380558759647,NaN,-0.15715245673181513,reversed,KEEP,"Kelly ROI +30.56%, efficiency 1.82",false,OOS Kelly ROI -2.64%; OOS efficiency -0.16
inv_anch,POOLED,POOLED,1X2,away,714,5.848097833604166,2.865034396063056,0.9716555413546526,27.525502998994238,16.809397134554445,381,27.18614235898633,1.6173181073282397,1.6173181073282397,333,-10.029605548155384,NaN,-0.596666582856675,reversed,KEEP,"Kelly ROI +27.19%, efficiency 1.62",false,OOS Kelly ROI -10.03%; OOS efficiency -0.60
inv_anch,POOLED,POOLED,1X2,draw,309,21.833693203052434,5.046872963598615,3.62764604707522,8.289270337078946,16.809397134554445,138,30.481355623967108,1.8133521018018983,1.8133521018018983,171,18.489158823806576,NaN,1.0999299187119036,held,KEEP,"Kelly ROI +30.48%, efficiency 1.81",true,all four conditions hold
inv_anch,POOLED,POOLED,1X2,home,562,13.279495926047245,7.4265877343612825,2.206374819654513,22.187079538557473,16.809397134554445,291,34.65787661106424,2.0618155626663937,2.0618155626663937,271,-3.4212603897536953,NaN,-0.20353260514743501,reversed,KEEP,"Kelly ROI +34.66%, efficiency 2.06",false,OOS Kelly ROI -3.42%; OOS efficiency -0.20
inv_anch,POOLED,POOLED,BTTS,ALL,225,-18.904154037428995,-7.713194620071517,-3.140906077108061,7.677913507965025,16.809397134554445,62,-11.48208280226751,-0.6830752293111229,-0.6830752293111229,163,-21.304394619225064,NaN,-1.2674097975489211,held,PRUNE,Kelly ROI -11.48% <= 0 on 62 bets,false,IS Kelly ROI -11.48%; OOS Kelly ROI -21.30%; IS efficiency -0.68; OOS efficiency -1.27
inv_anch,POOLED,POOLED,BTTS,btts_no,151,7.117578666621833,-5.606526366733213,1.1825784980393452,3.699972960965302,16.809397134554445,46,16.33892400658546,0.972011302713418,0.972011302713418,105,2.2833197409256063,NaN,0.13583590908396542,held,CONDITIONAL,"only 46 bets, below the 60 floor",false,OOS efficiency 0.14
inv_anch,POOLED,POOLED,BTTS,btts_yes,74,-43.107559358574704,-12.011936596478053,-7.162277396310192,3.977940546999727,16.809397134554445,16,-70.13089219001981,-4.172124177246927,-4.172124177246927,58,-38.273073061052564,NaN,-2.2768855274634476,held,CONDITIONAL,"only 16 bets, below the 60 floor",false,IS Kelly ROI -70.13%; OOS Kelly ROI -38.27%; IS efficiency -4.17; OOS efficiency -2.28
inv_anch,POOLED,POOLED,OU0.5,ALL,100,-29.44230995987549,-63.310995959595964,-4.891810027255205,3.816247758086429,16.809397134554445,43,-57.514727064893826,-3.421581785741915,-3.421581785741915,57,-8.738736097752835,NaN,-0.5198720708304847,held,CONDITIONAL,"only 43 bets, below the 60 floor",false,IS Kelly ROI -57.51%; OOS Kelly ROI -8.74%; IS efficiency -3.42; OOS efficiency -0.52
inv_anch,POOLED,POOLED,OU0.5,over_05,38,-17.97035719764083,-3.44998936735779,-2.9857566764489327,3.282540521115597,16.809397134554445,13,-51.84974547247557,-3.0845690096695972,-3.0845690096695972,25,8.158076287617774,NaN,0.4853283090591943,reversed,CONDITIONAL,"only 13 bets, below the 60 floor",false,IS Kelly ROI -51.85%; IS efficiency -3.08
inv_anch,POOLED,POOLED,OU0.5,under_05,62,-100.00000000000001,-100.0,-16.614898878253275,0.5337072369708316,16.809397134554445,30,-99.99999999999999,-5.949053330082478,-5.949053330082478,32,-100.0,NaN,-5.949053330082479,held,CONDITIONAL,"only 30 bets, below the 60 floor",false,IS Kelly ROI -100.00%; OOS Kelly ROI -100.00%; IS efficiency -5.95; OOS efficiency -5.95
inv_anch,POOLED,POOLED,OU1.5,ALL,199,5.589561459788189,-2.5512817097341443,0.928699984281625,5.543227705502356,16.809397134554445,72,16.451461247824803,0.97870620321095,0.97870620321095,127,2.5710262756003925,NaN,0.1529517242659007,held,KEEP,"Kelly ROI +16.45%, efficiency 0.98",false,OOS efficiency 0.15
inv_anch,POOLED,POOLED,OU1.5,over_15,64,16.60582308145562,15.758112732567403,2.7590407128854926,2.9197930173290403,16.809397134554445,18,30.38875119590087,1.8078430149902198,1.8078430149902198,46,14.635252904958847,NaN,0.870659000308447,held,CONDITIONAL,"only 18 bets, below the 60 floor",true,all four conditions hold
inv_anch,POOLED,POOLED,OU1.5,under_15,135,-6.671160678642824,-11.23129092682525,-1.1084066007623,2.6234346881733175,16.809397134554445,54,10.393270872300416,0.6183012269330802,0.6183012269330802,81,-14.711881529058946,NaN,-0.8752176780222704,reversed,CONDITIONAL,"only 54 bets, below the 60 floor",false,OOS Kelly ROI -14.71%; OOS efficiency -0.88
inv_anch,POOLED,POOLED,OU2.5,ALL,419,29.08155459070662,12.93121557873782,4.831870887469927,15.262994139543117,16.809397134554445,190,7.213803586025424,0.42915302246005477,0.42915302246005477,229,42.10637675746547,NaN,2.5049308086670745,held,CONDITIONAL,"Kelly ROI +7.21%, efficiency 0.43 — profitable but dilutive",true,all four conditions hold
inv_anch,POOLED,POOLED,OU2.5,over_25,80,4.870913101479004,1.007110661412956,0.8092972862583266,2.2397696384665404,16.809397134554445,44,33.04556651322034,1.9658983750993555,1.9658983750993555,36,-36.109006784179826,NaN,-2.148144070553958,reversed,CONDITIONAL,"only 44 bets, below the 60 floor",false,OOS Kelly ROI -36.11%; OOS efficiency -2.15
inv_anch,POOLED,POOLED,OU2.5,under_25,339,33.24536668892296,15.745163641823332,5.5236840570690475,13.023224501076584,16.809397134554445,146,-0.631488484684793,-0.03756758672722806,-0.03756758672722806,193,50.35466531414259,NaN,2.995625893722887,reversed,PRUNE,Kelly ROI -0.63% <= 0 on 146 bets,false,IS Kelly ROI -0.63%; IS efficiency -0.04
inv_anch,POOLED,POOLED,OU3.5,ALL,215,-25.992920125676545,-18.065693399539974,-4.318697394386302,9.697764014272387,16.809397134554445,79,-25.231685233685866,-1.5010464106305181,-1.5010464106305181,136,-26.235643546393987,NaN,-1.5607724260653204,held,PRUNE,Kelly ROI -25.23% <= 0 on 79 bets,false,IS Kelly ROI -25.23%; OOS Kelly ROI -26.24%; IS efficiency -1.50; OOS efficiency -1.56
inv_anch,POOLED,POOLED,OU3.5,over_35,81,-4.59728952119956,-26.903769820064323,-0.763835005087841,0.9818340543068117,16.809397134554445,38,-21.727900680192118,-1.2926043989719829,-1.2926043989719829,43,7.178611094148599,NaN,0.4270594023501175,reversed,CONDITIONAL,"only 38 bets, below the 60 floor",false,IS Kelly ROI -21.73%; IS efficiency -1.29
inv_anch,POOLED,POOLED,OU3.5,under_35,134,-28.403099973074898,-12.723274070715537,-4.719146338815577,8.715929959965576,16.809397134554445,41,-25.952361472965496,-1.543919824442496,-1.543919824442496,93,-29.106913664900606,NaN,-1.7315858166660016,held,CONDITIONAL,"only 41 bets, below the 60 floor",false,IS Kelly ROI -25.95%; OOS Kelly ROI -29.11%; IS efficiency -1.54; OOS efficiency -1.73
inv_anch,m05,m05,1X2,ALL,783,10.638698533502584,4.127986306706365,1.707727266112404,56.76765127769197,15.802962772600317,401,29.68577137227945,1.8784940393423941,1.8784940393423941,382,-2.3825428908157176,-2.827083874219003,-0.15076558270115314,reversed,KEEP,"Kelly ROI +29.69%, efficiency 1.88",false,OOS Kelly ROI -2.38%; OOS efficiency -0.15
inv_anch,m05,m05,1X2,away,361,6.166686449328518,2.547251225571013,0.9898784666113728,26.933038035673214,15.802962772600317,193,26.075036183049747,1.6500093405433744,1.6500093405433744,168,-8.700686042932574,-10.324082433704055,-0.5505730898776844,reversed,KEEP,"Kelly ROI +26.08%, efficiency 1.65",false,OOS Kelly ROI -8.70%; OOS efficiency -0.55
inv_anch,m05,m05,1X2,draw,143,22.512768704315715,5.422192516529426,3.6137567796447825,7.889966587930138,15.802962772600317,65,28.13450901387381,1.7803312846281156,1.7803312846281156,78,20.550193485404332,24.38450146632035,1.3004013096224536,held,KEEP,"Kelly ROI +28.13%, efficiency 1.78",true,all four conditions hold
inv_anch,m05,m05,1X2,home,279,11.858078142133078,5.509971526366457,1.9034624680115961,21.94464665408858,15.802962772600317,143,34.39841398889314,2.1767066393736125,2.1767066393736125,136,-5.330285204526864,-6.324823534046335,-0.33729657414422837,reversed,KEEP,"Kelly ROI +34.40%, efficiency 2.18",false,OOS Kelly ROI -5.33%; OOS efficiency -0.34
inv_anch,m05,m05,BTTS,ALL,117,-17.92778873459232,-4.599048415063278,-2.8777743392909594,7.709128307666213,15.802962772600317,33,-10.815499967047197,-0.6843969781286492,-0.6843969781286492,84,-20.32110099009449,-24.112664303727527,-1.2859045030042002,held,CONDITIONAL,"only 33 bets, below the 60 floor",false,IS Kelly ROI -10.82%; OOS Kelly ROI -20.32%; IS efficiency -0.68; OOS efficiency -1.29
inv_anch,m05,m05,BTTS,btts_no,79,9.622272041840379,-1.7444208296547619,1.5445701629813835,3.8310450421953552,15.802962772600317,25,14.103965980019971,0.8924887176519759,0.8924887176519759,54,7.176207832465126,8.515163155891937,0.4541052165804924,held,CONDITIONAL,"only 25 bets, below the 60 floor",true,all four conditions hold
inv_anch,m05,m05,BTTS,btts_yes,38,-45.143688065448586,-10.533668921570456,-7.246479140231665,3.878083265470857,15.802962772600317,8,-68.11000063854743,-4.3099513438479224,-4.3099513438479224,30,-41.036490182596864,-48.69318411726311,-2.596759276921619,held,CONDITIONAL,"only 8 bets, below the 60 floor",false,IS Kelly ROI -68.11%; OOS Kelly ROI -41.04%; IS efficiency -4.31; OOS efficiency -2.60
inv_anch,m05,m05,OU0.5,ALL,50,-29.97320109797018,-63.301195959595965,-4.81130775597059,3.820973327563337,15.802962772600317,21,-57.25494450867405,-3.6230512804816897,-3.6230512804816897,29,-10.29857096929724,-12.220104841357982,-0.6516860868110904,held,CONDITIONAL,"only 21 bets, below the 60 floor",false,IS Kelly ROI -57.25%; OOS Kelly ROI -10.30%; IS efficiency -3.62; OOS efficiency -0.65
inv_anch,m05,m05,OU0.5,over_05,19,-17.77894621799639,-3.4241998936735802,-2.8538820912732903,3.254282431464809,15.802962772600317,6,-51.68297390417324,-3.270461029863516,-3.270461029863516,13,8.3483429615458,9.90599827353175,0.528277075740533,reversed,CONDITIONAL,"only 6 bets, below the 60 floor",false,IS Kelly ROI -51.68%; IS efficiency -3.27
inv_anch,m05,m05,OU0.5,under_05,31,-100.0,-100.0,-16.052031747441276,0.5666908960985281,15.802962772600317,15,-100.0,-6.327927328499641,-6.327927328499641,16,-100.0,-118.65825732316982,-6.327927328499641,held,CONDITIONAL,"only 15 bets, below the 60 floor",false,IS Kelly ROI -100.00%; OOS Kelly ROI -100.00%; IS efficiency -6.33; OOS efficiency -6.33
inv_anch,m05,m05,OU1.5,ALL,101,8.645868910908948,-2.15030342634234,1.3878376224212596,6.163685938218832,15.802962772600317,35,13.44732035755685,0.8509366598567355,0.8509366598567355,66,7.380508926974877,8.757583274329368,0.4670332413723988,held,CONDITIONAL,"only 35 bets, below the 60 floor",true,all four conditions hold
inv_anch,m05,m05,OU1.5,over_15,34,20.87902788911397,14.439161514709648,3.3515081853176927,3.362630874929337,15.802962772600317,9,29.819313754335102,1.886944504231623,1.886944504231623,25,19.46935347496428,23.10199554548062,1.232006539224459,held,CONDITIONAL,"only 9 bets, below the 60 floor",true,all four conditions hold
inv_anch,m05,m05,OU1.5,under_15,67,-6.039882403712682,-10.568837874040364,-0.969523840952079,2.801055063289497,15.802962772600317,26,4.38675538946115,0.277590693124143,0.277590693124143,41,-10.412247534466182,-12.354991472572287,-0.6588794572445156,reversed,CONDITIONAL,"only 26 bets, below the 60 floor",false,OOS Kelly ROI -10.41%; OOS efficiency -0.66
inv_anch,m05,m05,OU2.5,ALL,208,30.53071411895382,11.197847589984208,4.900799923095003,15.723676490502825,15.802962772600317,93,8.786651613584052,0.5560129287160399,0.5560129287160399,115,42.76682684684595,50.74637144888494,2.706253723573686,held,KEEP,"Kelly ROI +8.79%, efficiency 0.56",true,all four conditions hold
inv_anch,m05,m05,OU2.5,over_25,42,2.0598324286234146,-4.502395966674696,0.3306449553867212,2.43285195729755,15.802962772600317,21,31.549734025978537,1.996444241498846,1.996444241498846,21,-34.43352458107193,-40.85822020284526,-2.178928412131292,reversed,CONDITIONAL,"only 21 bets, below the 60 floor",false,OOS Kelly ROI -34.43%; OOS efficiency -2.18
inv_anch,m05,m05,OU2.5,under_25,166,35.742237307244885,15.17019836937983,5.737355279804748,13.290824533205281,15.802962772600317,72,1.6909380705773014,0.10700133227606559,0.10700133227606559,94,52.12028627507001,61.84502340584533,3.2981338388924026,held,PRUNE,capital efficiency 0.11 < 0.25 on 72 bets,false,IS efficiency 0.11
inv_anch,m05,m05,OU3.5,ALL,115,-26.650430069449527,-24.660386479192486,-4.277935495577674,9.81488465835684,15.802962772600317,45,-28.19223793400005,-1.7839843287412318,-1.7839843287412318,70,-26.132258755399842,-31.008082838338918,-1.6536303433371866,held,CONDITIONAL,"only 45 bets, below the 60 floor",false,IS Kelly ROI -28.19%; OOS Kelly ROI -26.13%; IS efficiency -1.78; OOS efficiency -1.65
inv_anch,m05,m05,OU3.5,over_35,50,-19.311761747257485,-38.78237583892617,-3.0999301266599915,1.1890852498915598,15.802962772600317,23,-34.49423688496194,-2.18277024260091,-2.18277024260091,27,-9.709347658365072,-11.52094272886399,-0.6144004638927233,held,CONDITIONAL,"only 23 bets, below the 60 floor",false,IS Kelly ROI -34.49%; OOS Kelly ROI -9.71%; IS efficiency -2.18; OOS efficiency -0.61
inv_anch,m05,m05,OU3.5,under_35,65,-27.66208149357158,-13.797317740935794,-4.440326103351188,8.625799408465282,15.802962772600317,22,-26.74651640800334,-1.6925001212036839,-1.6925001212036839,43,-27.93991638895571,-33.15301788468556,-1.7680176047366782,held,CONDITIONAL,"only 22 bets, below the 60 floor",false,IS Kelly ROI -26.75%; OOS Kelly ROI -27.94%; IS efficiency -1.69; OOS efficiency -1.77
inv_anch,m12,m12,1X2,ALL,802,11.27680574814099,5.669136325562282,1.9370078598319769,59.153494334045384,17.722960622894266,409,31.334112071115776,1.767995355732993,1.767995355732993,393,-2.876684512482195,NaN,-0.16231399333845695,reversed,KEEP,"Kelly ROI +31.33%, efficiency 1.77",false,OOS Kelly ROI -2.88%; OOS efficiency -0.16
inv_anch,m12,m12,1X2,away,353,5.562946491655686,3.190019451438777,0.9555428477552829,28.078335872248875,17.722960622894266,188,28.184537382112737,1.5902838121585823,1.5902838121585823,165,-11.215585586309153,NaN,-0.6328279921708465,reversed,KEEP,"Kelly ROI +28.18%, efficiency 1.59",false,OOS Kelly ROI -11.22%; OOS efficiency -0.63
inv_anch,m12,m12,1X2,draw,166,21.25651078694938,4.7235555173991814,3.651213773342845,8.661863237266488,17.722960622894266,73,32.22517360976417,1.81827259538884,1.81827259538884,93,16.644735087947765,NaN,0.9391622225039723,held,KEEP,"Kelly ROI +32.23%, efficiency 1.82",true,all four conditions hold
inv_anch,m12,m12,1X2,home,283,14.57809716444974,9.316113960617667,2.5040680330587843,22.413295224530057,17.722960622894266,148,34.888855443331764,1.9685681295405486,1.9685681295405486,135,-1.6415472735522565,NaN,-0.09262263278019865,reversed,KEEP,"Kelly ROI +34.89%, efficiency 1.97",false,OOS Kelly ROI -1.64%; OOS efficiency -0.09
inv_anch,m12,m12,BTTS,ALL,108,-19.822394115249754,-11.086853008830435,-3.404876705290024,7.64878677731391,17.722960622894266,29,-12.146968865844256,-0.6853803449832742,-0.6853803449832742,79,-22.21170729334636,NaN,-1.2532729585063567,held,CONDITIONAL,"only 29 bets, below the 60 floor",false,IS Kelly ROI -12.15%; OOS Kelly ROI -22.21%; IS efficiency -0.69; OOS efficiency -1.25
inv_anch,m12,m12,BTTS,btts_no,72,4.614912722251446,-9.844114386583176,0.7926998491495051,3.577668757753516,17.722960622894266,21,18.693998382808417,1.0547898164745555,1.0547898164745555,51,-2.4712609075059446,NaN,-0.13943837940448872,reversed,CONDITIONAL,"only 21 bets, below the 60 floor",false,OOS Kelly ROI -2.47%; OOS efficiency -0.14
inv_anch,m12,m12,BTTS,btts_yes,36,-41.29772073955749,-13.57233025332496,-7.09367629914669,4.071118019560397,17.722960622894266,8,-71.92614660282582,-4.05835955590358,-4.05835955590358,28,-35.81652036940308,NaN,-2.0209106780464103,held,CONDITIONAL,"only 8 bets, below the 60 floor",false,IS Kelly ROI -71.93%; OOS Kelly ROI -35.82%; IS efficiency -4.06; OOS efficiency -2.02
inv_anch,m12,m12,OU0.5,ALL,50,-28.94574485171144,-63.32079595959597,-4.971987328565894,3.8118382987708266,17.722960622894266,22,-57.75173088903382,-3.258582587743888,-3.258582587743888,28,-7.2527075471623945,NaN,-0.4092266355201089,held,CONDITIONAL,"only 22 bets, below the 60 floor",false,IS Kelly ROI -57.75%; OOS Kelly ROI -7.25%; IS efficiency -3.26; OOS efficiency -0.41
inv_anch,m12,m12,OU0.5,over_05,19,-18.14601544273233,-3.475778841042001,-3.1169264880703786,3.308908326574952,17.722960622894266,7,-52.00266441244665,-2.9341973679764517,-2.9341973679764517,12,7.983355764142993,NaN,0.45045271690273964,reversed,CONDITIONAL,"only 7 bets, below the 60 floor",false,IS Kelly ROI -52.00%; IS efficiency -2.93
inv_anch,m12,m12,OU0.5,under_05,31,-100.0,-100.0,-17.176919626830475,0.5029299721958747,17.722960622894266,15,-100.0,-5.642398136958079,-5.642398136958079,16,-100.0,NaN,-5.642398136958079,held,CONDITIONAL,"only 15 bets, below the 60 floor",false,IS Kelly ROI -100.00%; OOS Kelly ROI -100.00%; IS efficiency -5.64; OOS efficiency -5.64
inv_anch,m12,m12,OU1.5,ALL,98,2.0486670719913387,-2.964534838535902,0.35189789637729346,4.9642741322742765,17.722960622894266,37,19.638495413947158,1.1080820993631522,1.1080820993631522,61,-3.1395720673545378,NaN,-0.17714715583686869,reversed,CONDITIONAL,"only 37 bets, below the 60 floor",false,OOS Kelly ROI -3.14%; OOS efficiency -0.18
inv_anch,m12,m12,OU1.5,over_15,30,11.25669692728312,17.2529241128062,1.9335537838353172,2.5065781601486123,17.722960622894266,9,31.262008560664064,1.7639269886025843,1.7639269886025843,21,8.754377054326794,NaN,0.4939568078156205,held,CONDITIONAL,"only 9 bets, below the 60 floor",true,all four conditions hold
inv_anch,m12,m12,OU1.5,under_15,68,-7.3425053085811305,-11.884002022951535,-1.2612162354507417,2.457695972125667,17.722960622894266,28,15.836926157945747,0.8935824264873575,0.8935824264873575,40,-19.64303278015923,NaN,-1.1083381156297691,reversed,CONDITIONAL,"only 28 bets, below the 60 floor",false,OOS Kelly ROI -19.64%; OOS efficiency -1.11
inv_anch,m12,m12,OU2.5,ALL,211,27.648150216480865,14.639938524997309,4.749100540990274,14.833128470675257,17.722960622894266,97,5.763693572383773,0.32521053874815453,0.32521053874815453,114,41.42518199047541,NaN,2.337373696862078,held,CONDITIONAL,"Kelly ROI +5.76%, efficiency 0.33 — profitable but dilutive",true,all four conditions hold
inv_anch,m12,m12,OU2.5,over_25,38,7.969306818065124,7.096565355615097,1.3688814269545675,2.059603283150471,17.722960622894266,23,34.47899267420258,1.9454420402911188,1.9454420402911188,15,-38.3773321833261,NaN,-2.165401876126205,reversed,CONDITIONAL,"only 23 bets, below the 60 floor",false,OOS Kelly ROI -38.38%; OOS efficiency -2.17
inv_anch,m12,m12,OU2.5,under_25,173,30.82116705223776,16.296864423474325,5.294127092614036,12.773525187524786,17.722960622894266,74,-2.747684471501419,-0.1550352974294825,-0.1550352974294825,99,48.584659221083726,NaN,2.7413399067378594,reversed,PRUNE,Kelly ROI -2.75% <= 0 on 74 bets,false,IS Kelly ROI -2.75%; IS efficiency -0.16
inv_anch,m12,m12,OU3.5,ALL,100,-25.364906542458794,-10.481796357939574,-4.356909610218811,9.588477986920314,17.722960622894266,34,-22.171420487359786,-1.2509998165159304,-1.2509998165159304,66,-26.331931610516666,NaN,-1.4857524186168678,held,CONDITIONAL,"only 34 bets, below the 60 floor",false,IS Kelly ROI -22.17%; OOS Kelly ROI -26.33%; IS efficiency -1.25; OOS efficiency -1.49
inv_anch,m12,m12,OU3.5,over_35,31,16.109681135982125,-7.744727854158122,2.76714698086632,0.7884466288321765,17.722960622894266,15,-5.743670213054447,-0.3240807410944002,-0.3240807410944002,16,32.9657665677809,NaN,1.860059798654419,reversed,CONDITIONAL,"only 15 bets, below the 60 floor",false,IS Kelly ROI -5.74%; IS efficiency -0.32
inv_anch,m12,m12,OU3.5,under_35,69,-29.08085907792517,-11.711493801667467,-4.99519579060704,8.800031358088141,17.722960622894266,19,-25.163041839846336,-1.4197990039734716,-1.4197990039734716,50,-30.149061025675625,NaN,-1.7011300576230757,held,CONDITIONAL,"only 19 bets, below the 60 floor",false,IS Kelly ROI -25.16%; OOS Kelly ROI -30.15%; IS efficiency -1.42; OOS efficiency -1.70
raw,POOLED,POOLED,1X2,ALL,1854,8.130088092628625,5.015357968016538,1.4382686737646582,63.75088800594843,14.687462732801464,968,21.198291145758045,1.443291569919423,1.443291569919423,886,-0.15640507139898852,-0.22191242497568017,-0.0106488829448867,reversed,KEEP,"Kelly ROI +21.20%, efficiency 1.44",false,OOS Kelly ROI -0.16%; OOS efficiency -0.01
raw,POOLED,POOLED,1X2,away,690,6.993546937627275,3.7663107141850274,1.2372067023495086,27.976349680243416,14.687462732801464,375,24.926331980965124,1.6971162708244512,1.6971162708244512,315,-4.846381707264985,-6.876198497895414,-0.32996725135115246,reversed,KEEP,"Kelly ROI +24.93%, efficiency 1.70",false,OOS Kelly ROI -4.85%; OOS efficiency -0.33
raw,POOLED,POOLED,1X2,draw,623,7.868711086553476,5.716083889775942,1.3920292781274657,12.334325596668968,14.687462732801464,305,-2.4262093559251223,-0.1651891412467503,-0.1651891412467503,318,12.934874821359921,18.35240643215749,0.8806745628346349,reversed,PRUNE,Kelly ROI -2.43% <= 0 on 305 bets,false,IS Kelly ROI -2.43%; IS efficiency -0.17
raw,POOLED,POOLED,1X2,home,541,9.6241095965947,5.8014769252949625,1.7025713851994138,23.44021272903598,14.687462732801464,288,26.921621536568583,1.832966117179968,1.832966117179968,253,-2.256900681169158,-3.202161532281051,-0.15366171286541064,reversed,KEEP,"Kelly ROI +26.92%, efficiency 1.83",false,OOS Kelly ROI -2.26%; OOS efficiency -0.15
raw,POOLED,POOLED,BTTS,ALL,276,-8.937939415732668,1.923883380821582,-1.5811831462576873,6.493026216480932,14.687462732801464,76,8.230379154470157,0.5603676621482945,0.5603676621482945,200,-13.545303570251631,-19.218501902910273,-0.9222357745971296,reversed,KEEP,"Kelly ROI +8.23%, efficiency 0.56",false,OOS Kelly ROI -13.55%; OOS efficiency -0.92
raw,POOLED,POOLED,BTTS,btts_no,136,7.313878629807344,0.18290396841111906,1.2938755886921234,2.4098084849951396,14.687462732801464,39,40.7604355641742,2.7751856331961307,2.7751856331961307,97,-5.115669704477093,-7.258272761496112,-0.34830179981000287,reversed,CONDITIONAL,"only 39 bets, below the 60 floor",false,OOS Kelly ROI -5.12%; OOS efficiency -0.35
raw,POOLED,POOLED,BTTS,btts_yes,140,-18.52933806213515,3.615120524306032,-3.2779677386924324,4.083217731485791,14.687462732801464,37,-21.23126385725796,-1.4455365261858502,-1.4455365261858502,103,-17.950023094945028,-25.468056232059464,-1.2221323329629492,held,CONDITIONAL,"only 37 bets, below the 60 floor",false,IS Kelly ROI -21.23%; OOS Kelly ROI -17.95%; IS efficiency -1.45; OOS efficiency -1.22
raw,POOLED,POOLED,OU0.5,ALL,109,-27.64628010241058,-71.26898897229172,-4.890817684186272,2.340244526348035,14.687462732801464,47,-62.64476400971131,-4.265186244170476,-4.265186244170476,62,-10.794247930533261,-15.31521780353757,-0.7349293834411917,held,CONDITIONAL,"only 47 bets, below the 60 floor",false,IS Kelly ROI -62.64%; OOS Kelly ROI -10.79%; IS efficiency -4.27; OOS efficiency -0.73
raw,POOLED,POOLED,OU0.5,over_05,35,-14.101176189807253,-10.523422799422805,-2.4945953532071137,1.9712190393363727,14.687462732801464,12,-54.25154193538917,-3.6937313763683206,-3.6937313763683206,23,4.367718658574419,6.197056338814104,0.29737734406774063,reversed,CONDITIONAL,"only 12 bets, below the 60 floor",false,IS Kelly ROI -54.25%; IS efficiency -3.69
raw,POOLED,POOLED,OU0.5,under_05,74,-100.0,-100.0,-17.690689908621106,0.3690254870116615,14.687462732801464,35,-100.0,-6.808527913856103,-6.808527913856103,39,-100.0,-141.8831390764707,-6.808527913856103,held,CONDITIONAL,"only 35 bets, below the 60 floor",false,IS Kelly ROI -100.00%; OOS Kelly ROI -100.00%; IS efficiency -6.81; OOS efficiency -6.81
raw,POOLED,POOLED,OU1.5,ALL,247,2.063407306383441,-1.7477129921913432,0.365030988124126,4.833732172794577,14.687462732801464,90,23.615111582114725,1.6078414639565466,1.6078414639565466,157,-5.4341377069031305,-7.710125160292304,-0.36998478265187956,reversed,KEEP,"Kelly ROI +23.62%, efficiency 1.61",false,OOS Kelly ROI -5.43%; OOS efficiency -0.37
raw,POOLED,POOLED,OU1.5,over_15,96,11.988256951571785,11.543911549903022,2.1208053627512777,2.741297308698289,14.687462732801464,32,34.44259974306308,2.34503401776418,2.34503401776418,64,5.777444340123952,8.197219388163752,0.3933589106048388,held,CONDITIONAL,"only 32 bets, below the 60 floor",true,all four conditions hold
raw,POOLED,POOLED,OU1.5,under_15,151,-10.939130592611336,-10.198017336834116,-1.9352076718379778,2.092434864096289,14.687462732801464,58,13.776144588768457,0.9379526497794773,0.9379526497794773,93,-22.166821369202182,-31.45098199209796,-1.5092342205367502,reversed,CONDITIONAL,"only 58 bets, below the 60 floor",false,OOS Kelly ROI -22.17%; OOS efficiency -1.51
raw,POOLED,POOLED,OU2.5,ALL,537,22.41209115127429,11.799469682593633,3.964853547609444,14.042307075011912,14.687462732801464,263,4.341654071141809,0.29560272935675996,0.29560272935675996,274,33.02343321109058,46.85468367071706,2.2484096682907286,held,CONDITIONAL,"Kelly ROI +4.34%, efficiency 0.30 — profitable but dilutive",true,all four conditions hold
raw,POOLED,POOLED,OU2.5,over_25,152,5.991755506737245,9.947368984138272,1.0599828867796153,3.3451015014228838,14.687462732801464,85,27.575573765386668,1.8774906372223317,1.8774906372223317,67,-13.051779051905351,-18.51827382416854,-0.8886340200037992,reversed,KEEP,"Kelly ROI +27.58%, efficiency 1.88",false,OOS Kelly ROI -13.05%; OOS efficiency -0.89
raw,POOLED,POOLED,OU2.5,under_25,385,27.54686107231077,12.530688659646144,4.873229771861157,10.697205573589025,14.687462732801464,178,-5.7018525574522965,-0.3882122229810577,-0.3882122229810577,207,44.60503588767123,63.28702510361424,3.036946319397628,reversed,PRUNE,Kelly ROI -5.70% <= 0 on 178 bets,false,IS Kelly ROI -5.70%; IS efficiency -0.39
raw,POOLED,POOLED,OU3.5,ALL,269,-18.14905658479382,-13.311367979707867,-3.2106933217560543,8.53980200341621,14.687462732801464,101,-9.82738195146713,-0.6691000433668961,-0.6691000433668961,168,-20.81279386889856,-29.529845270708513,-1.41704488021729,held,PRUNE,Kelly ROI -9.83% <= 0 on 101 bets,false,IS Kelly ROI -9.83%; OOS Kelly ROI -20.81%; IS efficiency -0.67; OOS efficiency -1.42
raw,POOLED,POOLED,OU3.5,over_35,89,6.8501585086411785,-14.510582283916525,1.211840300012735,1.1209704849333493,14.687462732801464,47,-0.501285684555935,-0.034130175761155485,-0.034130175761155485,42,12.831468723137615,18.20569061400318,0.8736341297725397,reversed,CONDITIONAL,"only 47 bets, below the 60 floor",false,IS Kelly ROI -0.50%; IS efficiency -0.03
raw,POOLED,POOLED,OU3.5,under_35,180,-21.926387583135668,-12.71842312929358,-3.8789292354949323,7.418831518482866,14.687462732801464,54,-12.818743112690466,-0.872767703033037,-0.872767703033037,126,-24.366884427432662,-34.57250052077717,-1.6590261279788086,held,CONDITIONAL,"only 54 bets, below the 60 floor",false,IS Kelly ROI -12.82%; OOS Kelly ROI -24.37%; IS efficiency -0.87; OOS efficiency -1.66
raw,m05,m05,1X2,ALL,925,7.898497539270405,4.985755225337883,1.4439843888522037,62.37155426189076,13.924446221325512,485,20.952157797769644,1.5047031289245154,1.5047031289245154,440,-0.39149011628654945,-0.4400062653781728,-0.02811530958315427,reversed,KEEP,"Kelly ROI +20.95%, efficiency 1.50",false,OOS Kelly ROI -0.39%; OOS efficiency -0.03
raw,m05,m05,1X2,away,347,7.412192481427865,3.0182379090542772,1.3550792637631401,27.337009662439762,13.924446221325512,189,24.355573748852347,1.749123330416645,1.749123330416645,158,-3.967511535189922,-4.459192865461664,-0.2849313697742331,reversed,KEEP,"Kelly ROI +24.36%, efficiency 1.75",false,OOS Kelly ROI -3.97%; OOS efficiency -0.28
raw,m05,m05,1X2,draw,305,7.949387593346383,7.192908248413332,1.4532879865640724,11.8713257545671,13.924446221325512,151,-3.5458794831770293,-0.25465138267017456,-0.25465138267017456,154,13.472753486067504,15.142389805382154,0.9675611706147255,reversed,PRUNE,Kelly ROI -3.55% <= 0 on 151 bets,false,IS Kelly ROI -3.55%; IS efficiency -0.25
raw,m05,m05,1X2,home,273,8.44634858452074,5.020725323185507,1.5441412038445042,23.16321884488395,13.924446221325512,145,27.02354822969943,1.9407269632247517,1.9407269632247517,128,-4.216792661289351,-4.739366624034898,-0.3028337783969653,reversed,KEEP,"Kelly ROI +27.02%, efficiency 1.94",false,OOS Kelly ROI -4.22%; OOS efficiency -0.30
raw,m05,m05,BTTS,ALL,141,-7.215326171866852,5.815009072496393,-1.3190886369023125,6.79322379399404,13.924446221325512,39,10.305496402669958,0.7401009877783811,0.7401009877783811,102,-11.98372705419126,-13.46883297193276,-0.8606250377008164,reversed,CONDITIONAL,"only 39 bets, below the 60 floor",false,OOS Kelly ROI -11.98%; OOS efficiency -0.86
raw,m05,m05,BTTS,btts_no,65,10.401906256213266,9.759881176642928,1.9016515702635088,2.4333557566565935,13.924446221325512,21,44.165680707426674,3.171808774684786,3.171808774684786,44,-3.0146212892574913,-3.3882139033232455,-0.2164984690479504,reversed,CONDITIONAL,"only 21 bets, below the 60 floor",false,OOS Kelly ROI -3.01%; OOS efficiency -0.22
raw,m05,m05,BTTS,btts_yes,76,-17.047961833795256,2.4411052992131745,-3.116667521557833,4.359868037337446,13.924446221325512,18,-20.469801725694552,-1.4700621770038311,-1.4700621770038311,58,-16.324017007994637,-18.34700152276685,-1.1723279151305956,held,CONDITIONAL,"only 18 bets, below the 60 floor",false,IS Kelly ROI -20.47%; OOS Kelly ROI -16.32%; IS efficiency -1.47; OOS efficiency -1.17
raw,m05,m05,OU0.5,ALL,57,-26.74548105460807,-69.7703313840156,-4.889544742298396,2.56424456458969,13.924446221325512,24,-62.60750877880813,-4.496229708792565,-4.496229708792565,33,-12.09353279714853,-13.592246598141244,-0.8685108624734456,held,CONDITIONAL,"only 24 bets, below the 60 floor",false,IS Kelly ROI -62.61%; OOS Kelly ROI -12.09%; IS efficiency -4.50; OOS efficiency -0.87
raw,m05,m05,OU0.5,over_05,19,-13.445417827178836,-9.310994152046788,-2.4580590609179,2.170220193106516,13.924446221325512,6,-54.13195100423593,-3.887547852447588,-3.887547852447588,13,2.3294258163425647,2.618104292508312,0.16729037401681454,reversed,CONDITIONAL,"only 6 bets, below the 60 floor",false,IS Kelly ROI -54.13%; IS efficiency -3.89; OOS efficiency 0.17
raw,m05,m05,OU0.5,under_05,38,-100.0,-100.0,-18.2817603179957,0.3940243714831742,13.924446221325512,18,-100.0,-7.181614148995627,-7.181614148995627,20,-100.0,-112.39268810968197,-7.181614148995627,held,CONDITIONAL,"only 18 bets, below the 60 floor",false,IS Kelly ROI -100.00%; OOS Kelly ROI -100.00%; IS efficiency -7.18; OOS efficiency -7.18
raw,m05,m05,OU1.5,ALL,122,4.70464328325477,2.707008247111619,0.8600916088613205,5.226619904644873,13.924446221325512,42,19.109720277297935,1.372386375267915,1.372386375267915,80,-0.02501579150676586,-0.028115920526367664,-0.0017965376223331435,reversed,CONDITIONAL,"only 42 bets, below the 60 floor",false,OOS Kelly ROI -0.03%; OOS efficiency -0.00
raw,m05,m05,OU1.5,over_15,51,15.271677528350713,10.864465772457747,2.791931482270287,3.0530820537245202,13.924446221325512,16,33.5090987215955,2.4064941749910154,2.4064941749910154,35,10.0873794639396,11.337476939345743,0.7244366708451656,held,CONDITIONAL,"only 16 bets, below the 60 floor",true,all four conditions hold
raw,m05,m05,OU1.5,under_15,71,-10.138448867698095,-3.152573918982076,-1.8534869219551147,2.1735378509203533,13.924446221325512,26,3.3156465914212467,0.2381169447401995,0.2381169447401995,45,-15.460833009914369,-17.37684582399181,-1.1103373709925968,reversed,CONDITIONAL,"only 26 bets, below the 60 floor",false,OOS Kelly ROI -15.46%; IS efficiency 0.24; OOS efficiency -1.11
raw,m05,m05,OU2.5,ALL,268,22.239353884599133,11.97351587481903,4.06574537345328,14.383746898093086,13.924446221325512,132,3.5154211327195206,0.25246398146416743,0.25246398146416743,136,32.94832355980877,37.031506535944736,2.3662214666280863,held,CONDITIONAL,"Kelly ROI +3.52%, efficiency 0.25 — profitable but dilutive",true,all four conditions hold
raw,m05,m05,OU2.5,over_25,81,1.341009911371407,8.992103679589764,0.24516021783748718,3.741680104150865,13.924446221325512,44,21.026710406169922,1.510057209597835,1.510057209597835,37,-14.84034448955055,-16.679462096542924,-1.065776279621255,reversed,CONDITIONAL,"only 44 bets, below the 60 floor",false,OOS Kelly ROI -14.84%; OOS efficiency -1.07
raw,m05,m05,OU2.5,under_25,187,29.587073023031717,13.264929713394277,5.409037775181023,10.642066793942229,13.924446221325512,88,-4.8221790612953495,-0.34631029375589134,-0.34631029375589134,99,46.77733495885755,52.57430418633,3.359367705928392,reversed,PRUNE,Kelly ROI -4.82% <= 0 on 88 bets,false,IS Kelly ROI -4.82%; IS efficiency -0.35
raw,m05,m05,OU3.5,ALL,136,-19.920723645567406,-20.286986132309366,-3.6418589504929284,8.660610576787503,13.924446221325512,51,-13.598187845489438,-0.9765693823186732,-0.9765693823186732,85,-22.061397285666665,-24.795397443917178,-1.5843644289335745,held,CONDITIONAL,"only 51 bets, below the 60 floor",false,IS Kelly ROI -13.60%; OOS Kelly ROI -22.06%; IS efficiency -0.98; OOS efficiency -1.58
raw,m05,m05,OU3.5,over_35,54,-10.54638467412415,-27.88574643717482,-1.928064768337209,1.474111958354336,13.924446221325512,27,-8.707123008470727,-0.6253119779467875,-0.6253119779467875,27,-11.878120876109096,-13.350139349576319,-0.8530408094734542,held,CONDITIONAL,"only 27 bets, below the 60 floor",false,IS Kelly ROI -8.71%; OOS Kelly ROI -11.88%; IS efficiency -0.63; OOS efficiency -0.85
raw,m05,m05,OU3.5,under_35,82,-21.84361070269794,-15.282924468129666,-3.9933965534632936,7.186498618433167,13.924446221325512,24,-15.524991499729413,-1.114944986174936,-1.114944986174936,58,-23.612059199026667,-26.53822805183551,-1.6957269843065228,held,CONDITIONAL,"only 24 bets, below the 60 floor",false,IS Kelly ROI -15.52%; OOS Kelly ROI -23.61%; IS efficiency -1.11; OOS efficiency -1.70
raw,m12,m12,1X2,ALL,929,8.323495293867035,5.044833250016274,1.4322142200046377,64.9504332880297,15.342402208041388,483,21.404198103356496,1.395100833175782,1.395100833175782,446,0.03970592882689884,0.07314712745300232,0.0025879864370970435,held,KEEP,"Kelly ROI +21.40%, efficiency 1.40",false,OOS efficiency 0.00
raw,m12,m12,1X2,away,343,6.644722308002619,4.523107400425187,1.1433496916272075,28.532355291870225,15.342402208041388,186,25.410977106835798,1.6562580463127987,1.6562580463127987,157,-5.569578533800887,-10.260398960757882,-0.36301867584215153,reversed,KEEP,"Kelly ROI +25.41%, efficiency 1.66",false,OOS Kelly ROI -5.57%; OOS efficiency -0.36
raw,m12,m12,1X2,draw,318,7.803318688544931,4.299632853975928,1.3427080324292096,12.736975991173168,15.342402208041388,154,-1.54451715103735,-0.10066983840560671,-0.10066983840560671,164,12.49266562720366,23.014260888962013,0.8142574714053513,reversed,PRUNE,Kelly ROI -1.54% <= 0 on 154 bets,false,IS Kelly ROI -1.54%; IS efficiency -0.10
raw,m12,m12,1X2,home,268,10.625956733742328,6.596794788637805,1.8283961001856137,23.681102004986304,15.342402208041388,143,26.835640275393494,1.7491159410048691,1.7491159410048691,125,-0.5801549142019646,-1.068774027088568,-0.037813825132148406,reversed,KEEP,"Kelly ROI +26.84%, efficiency 1.75",false,OOS Kelly ROI -0.58%; OOS efficiency -0.04
raw,m12,m12,BTTS,ALL,135,-10.570940570255065,-2.1401812304832206,-1.818929532488433,6.231957719208604,15.342402208041388,37,6.220197160464367,0.4054252441123063,0.4054252441123063,98,-15.017074174448556,-27.664781332742116,-0.9787954956999941,reversed,CONDITIONAL,"only 37 bets, below the 60 floor",false,OOS Kelly ROI -15.02%; OOS efficiency -0.98
raw,m12,m12,BTTS,btts_no,71,4.578875364401629,-8.584751222223634,0.787881794485663,2.389330468888396,15.342402208041388,18,37.44963528529893,2.440923838228574,2.440923838228574,53,-6.9129253989914705,-12.73514183329129,-0.4505764680949513,reversed,CONDITIONAL,"only 18 bets, below the 60 floor",false,OOS Kelly ROI -6.91%; OOS efficiency -0.45
raw,m12,m12,BTTS,btts_yes,64,-19.991036367397435,5.009263604103802,-3.4398345343107057,3.8426272503202092,15.342402208041388,19,-21.966453295523696,-1.4317479751645708,-1.4317479751645708,45,-19.5619249785081,-36.037404536413646,-1.275023605381375,held,CONDITIONAL,"only 19 bets, below the 60 floor",false,IS Kelly ROI -21.97%; OOS Kelly ROI -19.56%; IS efficiency -1.43; OOS efficiency -1.28
raw,m12,m12,OU0.5,ALL,52,-28.58258639439402,-72.91174825174826,-4.9181726225910385,2.145441644002526,15.342402208041388,23,-62.67584823233953,-4.085139170676241,-4.085139170676241,29,-9.293005483948848,-17.11977723828875,-0.6057073304386532,held,CONDITIONAL,"only 23 bets, below the 60 floor",false,IS Kelly ROI -62.68%; OOS Kelly ROI -9.29%; IS efficiency -4.09; OOS efficiency -0.61
raw,m12,m12,OU0.5,over_05,16,-14.789459784395929,-11.963181818181827,-2.544805260478224,1.7981565762724865,15.342402208041388,6,-54.351028899386485,-3.5425370918055825,-3.5425370918055825,10,6.748695232466131,12.432593441215431,0.43987213612017995,reversed,CONDITIONAL,"only 6 bets, below the 60 floor",false,IS Kelly ROI -54.35%; IS efficiency -3.54
raw,m12,m12,OU0.5,under_05,36,-100.0,-100.0,-17.20688448108969,0.3472850677300394,15.342402208041388,17,-100.0,-6.517884138612085,-6.517884138612085,19,-100.0,-184.22217944300724,-6.517884138612085,held,CONDITIONAL,"only 17 bets, below the 60 floor",false,IS Kelly ROI -100.00%; OOS Kelly ROI -100.00%; IS efficiency -6.52; OOS efficiency -6.52
raw,m12,m12,OU1.5,ALL,125,-0.609170313136897,-6.095520921751034,-0.1048192320745582,4.49205516593595,15.342402208041388,48,27.80180490732814,1.8120894323026173,1.8120894323026173,77,-11.071991592138057,-20.397064218783246,-0.7216595838124301,reversed,CONDITIONAL,"only 48 bets, below the 60 floor",false,OOS Kelly ROI -11.07%; OOS efficiency -0.72
raw,m12,m12,OU1.5,over_15,45,8.458956712053093,12.313950097674336,1.4555229097483584,2.4701519665847993,15.342402208041388,16,35.49202569593994,2.3133291133077947,2.3133291133077947,29,1.2017974310300938,2.2139774199337108,0.078331764135358,held,CONDITIONAL,"only 16 bets, below the 60 floor",false,OOS efficiency 0.08
raw,m12,m12,OU1.5,under_15,80,-11.68766893349719,-16.450848370177805,-2.011083691919069,2.0219031993511547,15.342402208041388,32,21.94342661696034,1.4302471229348406,1.4302471229348406,48,-28.96704815486483,-53.363727431197404,-1.8880386371100595,reversed,CONDITIONAL,"only 32 bets, below the 60 floor",false,OOS Kelly ROI -28.97%; OOS efficiency -1.89
raw,m12,m12,OU2.5,ALL,269,22.569289819655108,11.626070502235255,3.8834716274703904,13.745372028902663,15.342402208041388,131,5.070140996821107,0.3304659158370716,0.3304659158370716,138,33.09306685147277,60.96476899831451,2.1569677552924373,held,CONDITIONAL,"Kelly ROI +5.07%, efficiency 0.33 — profitable but dilutive",true,all four conditions hold
raw,m12,m12,OU2.5,over_25,71,11.035861318212108,11.037178697778124,1.8989279085180195,3.000214708124123,15.342402208041388,41,34.1444826247086,2.2254978172070414,2.2254978172070414,30,-10.973072811357481,-20.214833884950817,-0.7152121722898245,reversed,CONDITIONAL,"only 41 bets, below the 60 floor",false,OOS Kelly ROI -10.97%; OOS efficiency -0.72
raw,m12,m12,OU2.5,under_25,198,25.789602076806887,11.837238775550688,4.4375870374888695,10.745157320778542,15.342402208041388,90,-6.4352102708867855,-0.4194395495324656,-0.4194395495324656,108,42.70249415152642,78.66746540246469,2.783299093094094,reversed,PRUNE,Kelly ROI -6.44% <= 0 on 90 bets,false,IS Kelly ROI -6.44%; IS efficiency -0.42
raw,m12,m12,OU3.5,ALL,133,-16.567057602248102,-6.178405056746939,-2.8506744635344186,8.434740153920512,15.342402208041388,50,-6.174321481068061,-0.4024351204814539,-0.4024351204814539,83,-19.72664656850372,-36.340858239516756,-1.2857599677685692,held,CONDITIONAL,"only 50 bets, below the 60 floor",false,IS Kelly ROI -6.17%; OOS Kelly ROI -19.73%; IS efficiency -0.40; OOS efficiency -1.29
raw,m12,m12,OU3.5,over_35,35,34.2527430645712,6.125385266824829,5.893829930725228,0.813859033354345,15.342402208041388,20,10.493282521881317,0.6839399971134567,0.6839399971134567,15,57.42433186271698,105.78835568808246,3.7428514181839962,held,CONDITIONAL,"only 20 bets, below the 60 floor",true,all four conditions hold
raw,m12,m12,OU3.5,under_35,98,-21.994271751323467,-10.572615886593997,-3.784528932707172,7.620881120566166,15.342402208041388,30,-10.454901637268755,-0.6814383755230353,-0.6814383755230353,68,-24.975494597279383,-46.0104004737786,-1.6278738008959912,held,CONDITIONAL,"only 30 bets, below the 60 floor",false,IS Kelly ROI -10.45%; OOS Kelly ROI -24.98%; IS efficiency -0.68; OOS efficiency -1.63
std,POOLED,POOLED,1X2,ALL,1774,9.501832083492634,4.458509365793816,1.4819911644517811,62.561049167425224,12.285838260477833,926,16.94567940155078,1.379285567844657,1.379285567844657,848,3.5809395051363224,1.4878001515344443,0.29146887898205565,held,KEEP,"Kelly ROI +16.95%, efficiency 1.38",true,all four conditions hold
std,POOLED,POOLED,1X2,away,694,9.227073386425397,4.530738564975337,1.4391373276514727,28.55172353756978,12.285838260477833,375,17.57822981342499,1.4307717097312105,1.4307717097312105,319,2.229204267187847,0.9261844389624921,0.18144502800097473,held,KEEP,"Kelly ROI +17.58%, efficiency 1.43",false,OOS efficiency 0.18
std,POOLED,POOLED,1X2,draw,526,6.021827179217467,2.766191779179415,0.939218310220394,9.419032732061154,12.285838260477833,254,3.434690022878228,0.2795649714783599,0.2795649714783599,272,7.691100903621636,3.195480145213834,0.6260135239093165,held,CONDITIONAL,"Kelly ROI +3.43%, efficiency 0.28 — profitable but dilutive",true,all four conditions hold
std,POOLED,POOLED,1X2,home,554,11.153830074250651,5.974812590211154,1.7396516245065081,24.590292897794342,12.285838260477833,297,20.732621058019753,1.6875218945958514,1.6875218945958514,257,3.3945289609421883,1.4103507460078093,0.2762960808186779,held,KEEP,"Kelly ROI +20.73%, efficiency 1.69",true,all four conditions hold
std,POOLED,POOLED,BTTS,ALL,249,-8.901805062482742,5.286360249442288,-1.3884055553023797,6.7469047198665795,12.285838260477833,68,8.209718529702211,0.6682261605308575,0.6682261605308575,181,-14.581449712229013,-6.058265731752519,-1.1868502094102853,reversed,KEEP,"Kelly ROI +8.21%, efficiency 0.67",false,OOS Kelly ROI -14.58%; OOS efficiency -1.19
std,POOLED,POOLED,BTTS,btts_no,122,6.475834787021039,6.807402225948198,1.0100294187988847,2.7695449057128263,12.285838260477833,36,32.770136155305536,2.667309748063622,2.667309748063622,86,-6.875275484504793,-2.856522958015699,-0.5596097994079724,reversed,CONDITIONAL,"only 36 bets, below the 60 floor",false,OOS Kelly ROI -6.88%; OOS efficiency -0.56
std,POOLED,POOLED,BTTS,btts_yes,127,-19.609678148423605,3.825201815318497,-3.05850171823124,3.9773598141537545,12.285838260477833,32,-22.387089472466318,-1.822186569432798,-1.822186569432798,95,-18.965647042011703,-7.879801516496047,-1.5436998794801058,held,CONDITIONAL,"only 32 bets, below the 60 floor",false,IS Kelly ROI -22.39%; OOS Kelly ROI -18.97%; IS efficiency -1.82; OOS efficiency -1.54
std,POOLED,POOLED,OU0.5,ALL,103,-25.469840727817562,-55.673890359909784,-3.972505363907172,3.3141548423228198,12.285838260477833,43,-62.63735783838764,-5.0983381443238605,-5.0983381443238605,60,-1.997216494617934,-0.8297987159731518,-0.16256249286975852,held,CONDITIONAL,"only 43 bets, below the 60 floor",false,IS Kelly ROI -62.64%; OOS Kelly ROI -2.00%; IS efficiency -5.10; OOS efficiency -0.16
std,POOLED,POOLED,OU0.5,over_05,35,-17.277692098406124,-7.411734487734491,-2.694784206557388,2.940782502795861,12.285838260477833,12,-57.674914778573324,-4.694422436286425,-4.694422436286425,23,8.020182028407305,3.3322059811630247,0.652798926566316,reversed,CONDITIONAL,"only 12 bets, below the 60 floor",false,IS Kelly ROI -57.67%; IS efficiency -4.69
std,POOLED,POOLED,OU0.5,under_05,68,-89.99344036082333,-80.51470588235294,-14.036186106157247,0.3733723395269595,12.285838260477833,31,-100.0,-8.13945274875454,-8.13945274875454,37,-83.24315731301682,-34.58566722137274,-6.775537456064414,held,CONDITIONAL,"only 31 bets, below the 60 floor",false,IS Kelly ROI -100.00%; OOS Kelly ROI -83.24%; IS efficiency -8.14; OOS efficiency -6.78
std,POOLED,POOLED,OU1.5,ALL,220,4.3852548729475815,-11.56760292744961,0.6839637786135869,5.00470047420962,12.285838260477833,82,35.18345631724137,2.8637408023205557,2.8637408023205557,138,-8.432891509233714,-3.5036775257765265,-0.6863912197478118,reversed,KEEP,"Kelly ROI +35.18%, efficiency 2.86",false,OOS Kelly ROI -8.43%; OOS efficiency -0.69
std,POOLED,POOLED,OU1.5,over_15,86,13.957686021895054,13.020776191267359,2.1769662080828156,3.281863761360158,12.285838260477833,25,34.31754897633413,2.793260683459414,2.793260683459414,61,8.463229396825636,3.5162822385039414,0.6888605577733266,held,CONDITIONAL,"only 25 bets, below the 60 floor",true,all four conditions hold
std,POOLED,POOLED,OU1.5,under_15,134,-13.849447615999743,-27.348204451402275,-2.160084373108077,1.7228367128494635,12.285838260477833,57,35.96437525049646,2.9273033298989315,2.9273033298989315,77,-54.422708050539335,-22.611416129305653,-4.4297106063662826,reversed,CONDITIONAL,"only 57 bets, below the 60 floor",false,OOS Kelly ROI -54.42%; OOS efficiency -4.43
std,POOLED,POOLED,OU2.5,ALL,515,20.0864290614619,11.323705388102487,3.1328600771833557,14.933249378524696,12.285838260477833,251,12.63032270223085,1.0280391483632978,1.0280391483632978,264,25.380783802066063,10.545147141584934,2.0658569048327133,held,KEEP,"Kelly ROI +12.63%, efficiency 1.03",true,all four conditions hold
std,POOLED,POOLED,OU2.5,over_25,112,13.673474493587012,13.06866727354842,2.1326380227300565,3.2807769588790814,12.285838260477833,63,37.97969943406795,3.0913396895549567,3.0913396895549567,49,-10.485196613457306,-4.356364325058977,-0.8534376239663687,reversed,KEEP,"Kelly ROI +37.98%, efficiency 3.09",false,OOS Kelly ROI -10.49%; OOS efficiency -0.85
std,POOLED,POOLED,OU2.5,under_25,403,21.89200927027238,10.838753201576575,3.414474600851359,11.65247241964562,12.285838260477833,188,3.549632349387029,0.2889206478328629,0.2889206478328629,215,33.70757446173312,14.00474214101976,2.7436120960640196,held,CONDITIONAL,"Kelly ROI +3.55%, efficiency 0.29 — profitable but dilutive",true,all four conditions hold
std,POOLED,POOLED,OU3.5,ALL,238,-17.570489577335533,-12.329538784516872,-2.7404515339669078,7.4399414176509735,12.285838260477833,89,-16.08162889427893,-1.3089565850798905,-1.3089565850798905,149,-18.18976753887868,-7.557440962602849,-1.4805475339353218,held,PRUNE,Kelly ROI -16.08% <= 0 on 89 bets,false,IS Kelly ROI -16.08%; OOS Kelly ROI -18.19%; IS efficiency -1.31; OOS efficiency -1.48
std,POOLED,POOLED,OU3.5,over_35,73,1.7758728098180918,-12.742879147839023,0.2769810906164926,1.3242902314173886,12.285838260477833,36,-19.55513972271109,-1.591681357682999,-1.591681357682999,37,19.276795661635315,8.00907679823754,1.5690256743527717,reversed,CONDITIONAL,"only 36 bets, below the 60 floor",false,IS Kelly ROI -19.56%; IS efficiency -1.59
std,POOLED,POOLED,OU3.5,under_35,165,-21.759773423418814,-12.146666987410718,-3.3938499092193903,6.115651186233582,12.285838260477833,53,-14.776706685588085,-1.2027430584954952,-1.2027430584954952,112,-24.210407863338425,-10.058882155400823,-1.9705947083171849,held,CONDITIONAL,"only 53 bets, below the 60 floor",false,IS Kelly ROI -14.78%; OOS Kelly ROI -24.21%; IS efficiency -1.20; OOS efficiency -1.97
std,m05,m05,1X2,ALL,882,8.750152985334017,3.3227643908329973,1.4810955835316495,61.49106722676552,12.05788905642552,462,16.624850432581688,1.3787529769750604,1.3787529769750604,420,2.4856177009420257,1.4141848634594274,0.2061403691235214,held,KEEP,"Kelly ROI +16.62%, efficiency 1.38",false,OOS efficiency 0.21
std,m05,m05,1X2,away,350,8.982594664370204,2.849333654512903,1.520439849263483,28.192801484508276,12.05788905642552,189,17.431736874249708,1.445670696809117,1.445670696809117,161,1.8677350312336791,1.0626423400197678,0.15489734749536305,held,KEEP,"Kelly ROI +17.43%, efficiency 1.45",false,OOS efficiency 0.15
std,m05,m05,1X2,draw,255,4.827446358059854,1.4759362509431964,0.8171182255489975,9.087339367257167,12.05788905642552,125,0.9426804011791956,0.07817955504216978,0.07817955504216978,130,7.261141429488648,4.131205010782347,0.6021901010624462,held,PRUNE,capital efficiency 0.08 < 0.25 on 125 bets,false,IS efficiency 0.08
std,m05,m05,1X2,home,277,9.951832912644798,5.62111072073889,1.6844980653101655,24.21092637500007,12.05788905642552,148,20.72312844387235,1.7186365164663062,1.7186365164663062,129,1.195821664851714,0.6803592109877679,0.099173384267827,held,KEEP,"Kelly ROI +20.72%, efficiency 1.72",false,OOS efficiency 0.10
std,m05,m05,BTTS,ALL,126,-7.132774169993709,9.398022576453236,-1.2073297848863884,7.125825527636348,12.05788905642552,34,11.109228253260735,0.9213244707489447,0.9213244707489447,92,-13.269466435474783,-7.549623810660593,-1.1004800569469186,reversed,CONDITIONAL,"only 34 bets, below the 60 floor",false,OOS Kelly ROI -13.27%; OOS efficiency -1.10
std,m05,m05,BTTS,btts_no,60,8.479615344693961,15.245062531527104,1.4353030007730792,2.9576565387913853,12.05788905642552,18,36.550985477665776,3.0312922358651284,3.0312922358651284,42,-6.045549339252422,-3.4395974745544047,-0.5013770910448718,reversed,CONDITIONAL,"only 18 bets, below the 60 floor",false,OOS Kelly ROI -6.05%; OOS efficiency -0.50
std,m05,m05,BTTS,btts_yes,66,-18.21104044419049,4.0825317082042645,-3.0824937139515827,4.168168988844963,12.05788905642552,16,-21.569420634430998,-1.7888222833611895,-1.7888222833611895,50,-17.431553669411528,-9.917631072758999,-1.4456555030353708,held,CONDITIONAL,"only 16 bets, below the 60 floor",false,IS Kelly ROI -21.57%; OOS Kelly ROI -17.43%; IS efficiency -1.79; OOS efficiency -1.45
std,m05,m05,OU0.5,ALL,53,-25.474198152576697,-67.43169430150564,-4.311892882447838,3.4710269552899455,12.05788905642552,22,-63.920592662167095,-5.301142875261777,-5.301142875261777,31,-3.492123879066912,-1.9868335863676858,-0.2896132036648651,held,CONDITIONAL,"only 22 bets, below the 60 floor",false,IS Kelly ROI -63.92%; OOS Kelly ROI -3.49%; IS efficiency -5.30; OOS efficiency -0.29
std,m05,m05,OU0.5,over_05,19,-16.32902258300076,-9.151568314726214,-2.7639337588276227,3.0916462919727756,12.05788905642552,6,-59.02380087345564,-4.8950359882439365,-4.8950359882439365,13,7.6454071432565005,4.3498318558321625,0.6340585078764135,reversed,CONDITIONAL,"only 6 bets, below the 60 floor",false,IS Kelly ROI -59.02%; IS efficiency -4.90
std,m05,m05,OU0.5,under_05,34,-100.0,-100.0,-16.926510725173475,0.3793806633171702,12.05788905642552,16,-100.0,-8.293325600529645,-8.293325600529645,18,-100.0,-56.894705204403095,-8.293325600529645,held,CONDITIONAL,"only 16 bets, below the 60 floor",false,IS Kelly ROI -100.00%; OOS Kelly ROI -100.00%; IS efficiency -8.29; OOS efficiency -8.29
std,m05,m05,OU1.5,ALL,113,7.170424122013336,-7.729980993321228,1.2137026080530133,5.414643197193814,12.05788905642552,41,32.93283596958132,2.7312273164457226,2.7312273164457226,72,-2.962538538540657,-1.6855275680695385,-0.24569296704234908,reversed,CONDITIONAL,"only 41 bets, below the 60 floor",false,OOS Kelly ROI -2.96%; OOS efficiency -0.25
std,m05,m05,OU1.5,over_15,45,16.80484248597114,10.351650784786788,2.8444734657364137,3.6856692206077377,12.05788905642552,13,33.19121679839589,2.7526556798686626,2.7526556798686626,32,12.32748039376698,7.013683629164313,1.0223580873965494,held,CONDITIONAL,"only 13 bets, below the 60 floor",true,all four conditions hold
std,m05,m05,OU1.5,under_15,68,-13.367351288933957,-19.69576672883389,-2.262626149593021,1.7289739765860723,12.05788905642552,28,32.655754361283805,2.7082480364904256,2.7082480364904256,40,-47.606364263333205,-27.085500606157733,-3.9481507949324084,reversed,CONDITIONAL,"only 28 bets, below the 60 floor",false,OOS Kelly ROI -47.61%; OOS efficiency -3.95
std,m05,m05,OU2.5,ALL,254,19.809579823534,12.778476415655781,3.3530706534422836,14.978972041968134,12.05788905642552,123,13.846100352025625,1.1483021851695663,1.1483021851695663,131,24.030939231665393,13.672332033705276,1.9929640353474278,held,KEEP,"Kelly ROI +13.85%, efficiency 1.15",true,all four conditions hold
std,m05,m05,OU2.5,over_25,59,8.458759738280055,14.710632938838526,1.4317728743166291,3.641435055872796,12.05788905642552,32,34.99780179505227,2.9024816558916933,2.9024816558916933,27,-17.282809040127958,-9.83300325442073,-1.4333196266155837,reversed,CONDITIONAL,"only 32 bets, below the 60 floor",false,OOS Kelly ROI -17.28%; OOS efficiency -1.43
std,m05,m05,OU2.5,under_25,195,23.45528119783083,12.193875211205617,3.970160687570433,11.337536986095328,12.05788905642552,91,5.2572295429458995,0.4359991635637399,0.4359991635637399,104,35.063478085893394,19.94926249137953,2.9079284045334988,held,CONDITIONAL,"Kelly ROI +5.26%, efficiency 0.44 — profitable but dilutive",true,all four conditions hold
std,m05,m05,OU3.5,ALL,120,-19.095776380188227,-17.746250138037947,-3.2322486370477033,7.518465051146248,12.05788905642552,43,-18.891221387036172,-1.5667104995438021,-1.5667104995438021,77,-19.183424298785997,-10.914352702904125,-1.5909438384294434,held,CONDITIONAL,"only 43 bets, below the 60 floor",false,IS Kelly ROI -18.89%; OOS Kelly ROI -19.18%; IS efficiency -1.57; OOS efficiency -1.59
std,m05,m05,OU3.5,over_35,45,-9.814014943993577,-22.104686769385893,-1.6611702920652005,1.6922955270516993,12.05788905642552,21,-18.94498782772001,-1.5711695255335285,-1.5711695255335285,24,-2.8075636452235813,-1.5973550593759502,-0.23284039454049055,held,CONDITIONAL,"only 21 bets, below the 60 floor",false,IS Kelly ROI -18.94%; OOS Kelly ROI -2.81%; IS efficiency -1.57; OOS efficiency -0.23
std,m05,m05,OU3.5,under_35,75,-21.79179874903172,-15.131188159229184,-3.6885911524630735,5.826169524094548,12.05788905642552,22,-18.86523907932291,-1.56455570216661,-1.56455570216661,53,-22.82524013383458,-12.986353086342287,-1.89297148340167,held,CONDITIONAL,"only 22 bets, below the 60 floor",false,IS Kelly ROI -18.87%; OOS Kelly ROI -22.83%; IS efficiency -1.56; OOS efficiency -1.89
std,m12,m12,1X2,ALL,892,10.182952548617113,5.5815217737707705,1.4793765205311802,63.56326689977135,12.496871251197016,464,17.236439169467783,1.3792603622940252,1.3792603622940252,428,4.57331968132589,1.5144206612897388,0.3659571735515666,held,KEEP,"Kelly ROI +17.24%, efficiency 1.38",true,all four conditions hold
std,m12,m12,1X2,away,344,9.450558576137663,6.241470305271431,1.372974527446002,28.887914301580704,12.496871251197016,186,17.712830597313726,1.4173812181682754,1.4173812181682754,158,2.5582192550757092,0.847135202862681,0.20470877899383572,held,KEEP,"Kelly ROI +17.71%, efficiency 1.42",false,OOS efficiency 0.20
std,m12,m12,1X2,draw,271,7.066703515688809,3.980269859254084,1.0266487257750119,9.729719257950677,12.496871251197016,129,5.542868288248514,0.44354048119985146,0.44354048119985146,142,8.075452855285423,2.6741259097308205,0.646197971713273,held,CONDITIONAL,"Kelly ROI +5.54%, efficiency 0.44 — profitable but dilutive",true,all four conditions hold
std,m12,m12,1X2,home,277,12.246542670307663,6.328514459683412,1.7791743207717075,24.945633340239993,12.496871251197016,149,20.741282664834085,1.6597180404533156,1.6597180404533156,128,5.387336836084251,1.78397636342971,0.43109484988638447,held,KEEP,"Kelly ROI +20.74%, efficiency 1.66",true,all four conditions hold
std,m12,m12,BTTS,ALL,123,-10.749033939939277,1.0744134754310712,-1.5616166679769583,6.391981764374837,12.496871251197016,34,5.118789390287414,0.4096056754843425,0.4096056754843425,89,-15.94206143259693,-5.279094596351416,-1.27568421824542,reversed,CONDITIONAL,"only 34 bets, below the 60 floor",false,OOS Kelly ROI -15.94%; OOS efficiency -1.28
std,m12,m12,BTTS,btts_no,62,4.335296801811693,-1.3580754891281643,0.6298307163382708,2.593346778279331,12.496871251197016,18,28.62486745034647,2.2905627236581023,2.2905627236581023,44,-7.750014814155444,-2.5663595326132658,-0.6201564102225272,reversed,CONDITIONAL,"only 18 bets, below the 60 floor",false,OOS Kelly ROI -7.75%; OOS efficiency -0.62
std,m12,m12,BTTS,btts_yes,61,-21.047180688655654,3.546779308261768,-3.0577285699325922,3.798634986095507,12.496871251197016,16,-23.228793961654727,-1.8587687665766544,-1.8587687665766544,45,-20.541797896828378,-6.802262978033486,-1.643755263531324,held,CONDITIONAL,"only 16 bets, below the 60 floor",false,IS Kelly ROI -23.23%; OOS Kelly ROI -20.54%; IS efficiency -1.86; OOS efficiency -1.64
std,m12,m12,OU0.5,ALL,50,-25.465367761864414,-43.21061818181819,-3.6996015618976834,3.167217770441677,12.496871251197016,21,-61.47149522206771,-4.918950830687293,-4.918950830687293,29,-0.33959451864660123,-0.11245418893394625,-0.027174363232242878,held,CONDITIONAL,"only 21 bets, below the 60 floor",false,IS Kelly ROI -61.47%; OOS Kelly ROI -0.34%; IS efficiency -4.92; OOS efficiency -0.03
std,m12,m12,OU0.5,over_05,16,-18.259019807301897,-5.34568181818182,-2.652665330793918,2.7994732349134597,12.496871251197016,6,-56.45537306389241,-4.517560590094486,-4.517560590094486,10,8.441999218355663,2.795505000683248,0.6755290223180498,reversed,CONDITIONAL,"only 6 bets, below the 60 floor",false,IS Kelly ROI -56.46%; IS efficiency -4.52
std,m12,m12,OU0.5,under_05,34,-80.32404347622611,-61.029411764705884,-11.669454746599223,0.36774453552821823,12.496871251197016,15,-100.0,-8.002002900559729,-8.002002900559729,19,-66.77641607070113,-22.112511530143287,-5.343450750867337,held,CONDITIONAL,"only 15 bets, below the 60 floor",false,IS Kelly ROI -100.00%; OOS Kelly ROI -66.78%; IS efficiency -8.00; OOS efficiency -5.34
std,m12,m12,OU1.5,ALL,107,1.3282411341006772,-15.620418614893591,0.19296650338011243,4.620720286686408,12.496871251197016,41,37.4578347181544,2.9973770206335844,2.9973770206335844,66,-14.647735894134119,-4.850488359641814,-1.1721122511149407,reversed,CONDITIONAL,"only 41 bets, below the 60 floor",false,OOS Kelly ROI -14.65%; OOS efficiency -1.17
std,m12,m12,OU1.5,over_15,41,10.572584264853512,15.950304076428953,1.535982108144635,2.903632151743898,12.496871251197016,12,35.685779032874336,2.8555770732979395,2.8555770732979395,29,3.8953954354364426,1.2899311096503934,0.3117096557318954,held,CONDITIONAL,"only 12 bets, below the 60 floor",true,all four conditions hold
std,m12,m12,OU1.5,under_15,66,-14.30413753649417,-35.23253422616972,-2.0781011319562688,1.7170881349425113,12.496871251197016,29,38.79723396660802,3.1045557873449177,3.1045557873449177,37,-61.37692541797737,-20.324510521091806,-4.9113833522209305,reversed,CONDITIONAL,"only 29 bets, below the 60 floor",false,OOS Kelly ROI -61.38%; OOS efficiency -4.91
std,m12,m12,OU2.5,ALL,261,20.347286940563443,9.907951208031474,2.9560482004276993,14.890422427590524,12.496871251197016,128,11.488802230708192,0.9193342877408403,0.9193342877408403,133,26.65584627554081,8.826884442099326,2.133001592137518,held,KEEP,"Kelly ROI +11.49%, efficiency 0.92",true,all four conditions hold
std,m12,m12,OU2.5,over_25,53,19.717195213105537,11.240818702753785,2.864508649110754,2.9429600982520587,12.496871251197016,31,41.34554681099753,3.3084718550683028,3.3084718550683028,22,-2.39694085508788,-0.7937290650502224,-0.1918032767488333,reversed,CONDITIONAL,"only 31 bets, below the 60 floor",false,OOS Kelly ROI -2.40%; OOS efficiency -0.19
std,m12,m12,OU2.5,under_25,208,20.50249436127182,9.56832631754935,2.978596691438723,11.947462329338464,12.496871251197016,97,2.048825394156985,0.16394706746784624,0.16394706746784624,111,32.493611921357484,10.760016942303004,2.6001397684436474,held,PRUNE,capital efficiency 0.16 < 0.25 on 97 bets,false,IS efficiency 0.16
std,m12,m12,OU3.5,ALL,118,-16.11230810911516,-6.821018763986976,-2.340791650985956,7.366390851135161,12.496871251197016,46,-13.282477699745888,-1.0628642507998651,-1.0628642507998651,72,-17.256002659587462,-5.714196421837177,-1.3808258333408525,held,CONDITIONAL,"only 46 bets, below the 60 floor",false,IS Kelly ROI -13.28%; OOS Kelly ROI -17.26%; IS efficiency -1.06; OOS efficiency -1.38
std,m12,m12,OU3.5,over_35,28,20.529965994639987,2.3028831010755875,2.9825877627111734,0.9795914857034715,12.496871251197016,15,-20.453059174812243,-1.6366543884216733,-1.6366543884216733,13,57.96816266138858,19.195724189121158,4.638614057565496,reversed,CONDITIONAL,"only 15 bets, below the 60 floor",false,IS Kelly ROI -20.45%; IS efficiency -1.64
std,m12,m12,OU3.5,under_35,90,-21.732409458020648,-9.659566010895336,-3.157278415397473,6.386799365431691,12.496871251197016,31,-11.253336974545894,-0.9004923511129228,-0.9004923511129228,59,-25.39042123190871,-8.407848388438994,-2.031742243441668,held,CONDITIONAL,"only 31 bets, below the 60 floor",false,IS Kelly ROI -11.25%; OOS Kelly ROI -25.39%; IS efficiency -0.90; OOS efficiency -2.03
