model,split,subset,n_obs,n_clusters,beta_intercept,se_intercept,beta_mkt,se_mkt,z_mkt,p_mkt,beta_edge,se_edge_naive,se_edge,z_edge_naive,z_edge,p_edge_naive,p_edge,mean_spread,sd_spread,deviance,nulldeviance,pseudo_r2
m05_joint_production_wealth,all,all,2899,627,-2.2338019767698865,0.13505939097419098,4.500771824963976,0.3304064060559467,13.621926640858998,2.9663749951688944e-42,2.031428464210609,0.7423337272699138,0.8289488873894945,2.7365434030346547,2.450607625046622,0.006208840387012794,0.014261532060428177,-9.13812863958787e-8,0.06485826846642824,3710.6905819535377,3895.875497625732,0.04753358154926968
m05_joint_production_wealth,all,1X2,1785,595,-2.275690815792198,0.2840433402812291,4.654799216979516,0.832999739684276,5.587996004349029,2.2970492821708384e-8,1.9207391164143885,1.1070199806538783,1.374967002690903,1.735053702716255,1.3969346992730536,0.08273129360043784,0.16243320885376503,-7.561781844873779e-8,0.07346467393059464,2182.2974080956865,2272.3555808125334,0.03963207760144849
m05_joint_production_wealth,all,BTTS,356,178,-2.113066606548159,1.2071437124398654,4.226133564728878,2.4142879868000873,1.7504678761750467,0.08003761256961646,1.6152843238949457,3.7204605426043424,5.183475327088525,0.43416246601670394,0.3116218795242583,0.6641704670551409,0.7553279042224961,-1.0971730136110817e-7,0.03329562219189438,486.37567675232674,493.5207925586821,0.014477841489334509
m05_joint_production_wealth,all,OU2.5,758,379,-2.3289199547043085,1.0471086389659365,4.657840719868622,2.0942176287959087,2.224143592252489,0.02613878477463739,3.4211737743713098,1.7546192352191263,2.4807462708060855,1.9498097967357888,1.3790905642517182,0.051198793463058515,0.16786683272627229,-1.1989074412502248e-7,0.0535257291805085,1040.7259721500157,1050.8111257288774,0.0095974940994904
m05_joint_production_wealth,24/25,all,1372,318,-2.2808873544572466,0.20044790097165607,4.632755830276758,0.500694444543065,9.252660741032631,2.1897255943335277e-20,3.00562987297314,1.221492750305894,1.3834647758709981,2.4606203124991537,2.1725380547407602,0.013869706010898993,0.02981510250022271,-8.76069485699866e-8,0.0538614412393246,1755.2694879628982,1834.0749815188678,0.04296743282038984
m05_joint_production_wealth,24/25,1X2,912,304,-2.5504126606209856,0.40897556601361945,5.48377412265606,1.195104057806626,4.588532761507335,4.4637226215416665e-6,4.3006693116849,1.6831568830829833,2.090628643204508,2.5551208891517616,2.057117760088109,0.010615092419392961,0.03967489973850156,-7.234316995723377e-8,0.06020180485866902,1120.0369873802786,1161.001842969737,0.0352840573316181
m05_joint_production_wealth,24/25,BTTS,84,42,-0.48927416783284333,2.730062316501395,0.978546523783168,5.460125625363133,0.17921685157529474,0.8577674322973236,-9.43385246671158,8.175422047719419,11.82566065017957,-1.1539284958803084,-0.7977442229892102,0.24852948532318975,0.4250189351397693,-9.569721353910744e-8,0.030037645445693307,114.46688691908952,116.44872633407087,0.017018987475189706
m05_joint_production_wealth,24/25,OU2.5,376,188,-2.276223821529532,1.6232515697576269,4.552448422115832,3.2465034934316166,1.4022619816446915,0.1608370288801845,3.206381132398303,2.798128596040995,4.020112371168433,1.1459019921153497,0.797584951951574,0.2518357068836836,0.42511138640470464,-1.228223311163282e-7,0.04002533207374976,517.1176448905584,521.2466797810799,0.007921460319432083
m05_joint_production_wealth,25/26,all,1527,309,-2.190427294684678,0.18531427873381728,4.384054932736621,0.44514521983314936,9.84859487962123,6.950890218326216e-23,1.4853983208471486,0.9497447315206538,1.0490925343155773,1.5639974316770886,1.4158887536228777,0.11781817157241578,0.15680807821285425,-9.477250545058799e-8,0.07336405422367681,1954.3838161052972,2061.075057505323,0.05176485010165632
m05_joint_production_wealth,25/26,1X2,873,291,-2.0055792628287286,0.3962999869632016,3.8311298938803398,1.1668866179337694,3.2832066415023267,0.0010263340328704824,0.10669983835818557,1.5029807923441156,1.8578683299806897,0.0709921503333198,0.05743132418824028,0.943404002855512,0.9542016110793312,-7.903875707846524e-8,0.08517826441486909,1058.72989973845,1111.3537378427402,0.04735111451232332
m05_joint_production_wealth,25/26,BTTS,272,136,-2.647759128737714,1.3712493717911078,5.295519330319089,2.7424994463487518,1.9309098994967238,0.05349419574428432,4.764711055050107,4.231634559838876,5.984615198481789,1.1259741330857096,0.7961599696934308,0.26017646834414115,0.42593906126731884,-1.1404703436557359e-7,0.034291180987386434,369.29801345678004,377.072066224611,0.020616888558380175
m05_joint_production_wealth,25/26,OU2.5,382,191,-2.387688048309956,1.4142020938909756,4.775376924994828,2.8284047102883285,1.6883640829844413,0.09134136070159941,3.5858152755886135,2.3417734020659955,3.2887876464122723,1.531239219142672,1.0903152350077596,0.12571028117565825,0.2755743064161832,-1.170052030031261e-7,0.06415302379757373,523.597023913552,529.5644459477993,0.011268547350392843
m05_hierarchical_kappa,all,all,2899,627,-2.2264862735191864,0.13450070750596396,4.4825834852782105,0.3290255295789732,13.623816641262465,2.890577049224902e-42,2.0020700757807606,0.7528531758772534,0.837248405096196,2.659310128363172,2.39124979348361,0.007830085051065066,0.016791124446502107,-1.0199832537845505e-7,0.0638844185855633,3711.1067376632136,3895.875497625732,0.047426761988447086
m05_hierarchical_kappa,all,1X2,1785,595,-2.253549507480841,0.2827187278145892,4.589000762688551,0.8293146310125559,5.5334858340622635,3.139283482701395e-8,1.8053765145385638,1.1220439090819418,1.388065694551649,1.6090070093742819,1.3006419808694343,0.10761480895569217,0.19338103026143624,-8.471145770739953e-8,0.07239894923806793,2182.7168723645195,2272.3555808125334,0.03944748313376267
m05_hierarchical_kappa,all,BTTS,356,178,-2.0033904215703515,1.2125445779844057,4.006781004222833,2.4250898218878794,1.6522196283449995,0.0984897865002065,0.6577694054203702,3.8746538017105383,5.378473125096175,0.1697621101348424,0.1222966797679422,0.8651972260679363,0.9026640614233947,-1.2334401134201e-7,0.032211817675711504,486.53543843721786,493.5207925586821,0.014154123244227157
m05_hierarchical_kappa,all,OU2.5,758,379,-2.36470520130048,1.0378176814555111,4.729411362753785,2.075635742152063,2.2785362897298307,0.022694644904251538,3.666706005924583,1.7623627384617933,2.4888192688247233,2.0805626026370247,1.473271302522535,0.03747395992926378,0.14067789552785706,-1.3268169554860794e-7,0.05276997829620218,1040.1924393671334,1050.8111257288774,0.010105228334329364
m05_hierarchical_kappa,24/25,all,1372,318,-2.2887065645993325,0.19936445048075116,4.6526132988143925,0.4979318932476566,9.343874859006712,9.287161704351944e-21,3.132502101367793,1.2385445567190627,1.3970287387805833,2.5291799833716713,2.2422603160633923,0.011432938174103806,0.02494455293305887,-9.466208382342889e-8,0.053138240917525566,1754.9256156086774,1834.0749815188678,0.04315492371235763
m05_hierarchical_kappa,24/25,1X2,912,304,-2.554491311348287,0.40942144527787866,5.4959144458924145,1.1964248723362734,4.5936143363188995,4.35634155709895e-6,4.384168624199972,1.71829534751365,2.1284406396894524,2.551463943927803,2.0598030983093985,0.01072714229389826,0.03941736827095451,-7.868834450073302e-8,0.05925360508947874,1120.0543521416587,1161.001842969737,0.03526910062721211
m05_hierarchical_kappa,24/25,BTTS,84,42,-0.14497251175798703,2.793012089409634,0.2899423328246825,5.586025352743281,0.05190494394771994,0.9586044348875696,-12.94006374615968,8.486328259490522,12.244223996551563,-1.5248130110555655,-1.0568300408261146,0.12730574370656372,0.29058916142526703,-1.0356786791272071e-7,0.029703352881147577,113.4130160176206,116.44872633407087,0.026069072732846754
m05_hierarchical_kappa,24/25,OU2.5,376,188,-2.3811491915854663,1.6195543435958215,4.762299424821331,3.2391090542704424,1.4702497955549578,0.14149411274406362,4.012318354075526,2.795154778100528,4.027770284555622,1.4354548039740869,0.9961636515023347,0.15115753860645617,0.31917063712617455,-1.3141730828780083e-7,0.03998378229468083,516.3600431150478,521.2466797810799,0.009374902240306793
m05_hierarchical_kappa,25/26,all,1527,309,-2.1698857903404796,0.184766686337652,4.333842246730808,0.44385743161642494,9.764041194371734,1.606241110742084e-22,1.358592065583901,0.9631017708791401,1.0601362482049683,1.410642267165337,1.281525905641167,0.15835012203862645,0.20000900668858862,-1.0858989277514456e-7,0.07220600572160907,1954.839010017302,2061.075057505323,0.0515439974401547
m05_hierarchical_kappa,25/26,1X2,873,291,-1.968358541128954,0.3925146214768127,3.719677321593089,1.1562115847456431,3.2171251098572817,0.0012948212220727498,-0.12009171368572373,1.5149333703879164,1.8648696286230118,-0.07927194425387359,-0.06439684138906666,0.9368163213004721,0.9486542450149787,-9.10036446987863e-8,0.08399784820322978,1058.7286512330302,1111.3537378427402,0.04735223792188892
m05_hierarchical_kappa,25/26,BTTS,272,136,-2.620746070338355,1.3745837197860507,5.241493323815068,2.7491682798890835,1.9065742036084232,0.056575748229718954,4.629578967664232,4.428913949020317,6.233724732319854,1.045307951555099,0.74266657038309,0.29588066380101213,0.4576835738240663,-1.2945134975420047e-7,0.032999967794503315,369.47484590398443,377.072066224611,0.02014792661968523
m05_hierarchical_kappa,25/26,OU2.5,382,191,-2.312810290636193,1.3963021771899427,4.625621490623367,2.7926049424017125,1.656382333351173,0.09764441648658272,3.445876700912949,2.35684037903224,3.30141597175198,1.4620747045788,1.0437572030901356,0.14372073960573833,0.2965977366786742,-1.3392622332931057e-7,0.06292273485185514,523.8068128924792,529.5644459477993,0.010872393529016477
m12_joint_hybrid_synergy,all,all,2899,627,-2.2545894188150255,0.13123833469908433,4.551791539563635,0.3208671093845834,14.18590876545084,1.1200530264442783e-45,2.045224058623467,0.7182907834124829,0.7969163756844421,2.8473483244584314,2.566422426527375,0.0044085096355541906,0.010275360604002182,-6.683463108693078e-8,0.06818409216563118,3710.0771816997103,3895.875497625732,0.047691030177749005
m12_joint_hybrid_synergy,all,1X2,1785,595,-2.3132494839119726,0.2762262516265565,4.7658942148690935,0.8085435236151156,5.894418884910595,3.7600224231160725e-9,2.0634987259215154,0.9945509604091707,1.2319088528489937,2.0748044173348004,1.6750417217550895,0.03800466502838172,0.09392604600100071,-5.4761598565119936e-8,0.07880842637252324,2181.0124224446827,2272.3555808125334,0.04019756377001038
m12_joint_hybrid_synergy,all,BTTS,356,178,-1.9912414406182595,1.465690853252764,3.982482946311222,2.9313824512262343,1.3585681884140703,0.17428346135056166,0.37539822529341543,4.420540513657629,6.134158936433807,0.08492134030523897,0.06119799457163386,0.9323239259593733,0.9512015268411749,-8.703152714673659e-8,0.034240324939419454,486.55704661470236,493.5207925586821,0.014110339521615445
m12_joint_hybrid_synergy,all,OU2.5,758,379,-2.8789662611159286,1.3045838109391903,5.757933307257078,2.6091680442433676,2.2068081509586404,0.027327465373166153,4.615455161139798,2.3095030176825153,3.2655599926193495,1.9984624942257943,1.4133732565230503,0.04566654219926297,0.1575460046847613,-8.577957575033863e-8,0.0511013951851052,1040.531557883379,1050.8111257288774,0.009782507620832548
m12_joint_hybrid_synergy,24/25,all,1372,318,-2.3465208107148574,0.19841779300769505,4.7986279933733025,0.49542628219735335,9.685856737535305,3.4629282099824466e-22,3.239551715821633,1.150641251129618,1.3002475124829844,2.815431580122189,2.491488493321788,0.0048711768149640915,0.01272090874892913,-5.565810981795702e-8,0.058561967489846,1753.4018709753175,1834.0749815188678,0.043985721061819305
m12_joint_hybrid_synergy,24/25,1X2,912,304,-2.565220931680573,0.41356706001390653,5.528203433727926,1.208990206289897,4.572579169762397,4.8175710344776055e-6,3.928046980019339,1.5368190776537622,1.9042122025748336,2.5559592779237406,2.0628199812541483,0.010589551083086693,0.0391297348897399,-4.697468037781312e-8,0.06682752768220317,1120.039958499009,1161.001842969737,0.035281498232553554
m12_joint_hybrid_synergy,24/25,BTTS,84,42,-0.9962431585827846,3.0253085891330325,1.9924860324443119,6.050618071995916,0.32930289248732086,0.7419267580470261,-2.226548787050533,8.263691050242665,11.796775043144914,-0.2694375640997796,-0.18874215867533872,0.7875929826172681,0.8502949075447441,-6.385872548412116e-8,0.03288183859096177,115.7549149167856,116.44872633407087,0.00595808506565243
m12_joint_hybrid_synergy,24/25,OU2.5,376,188,-3.0960000175666633,1.8216642094691984,6.192000906853982,3.643328808684508,1.699544903027767,0.08921656153735963,5.88939840725259,3.3284819748358467,4.773357650506043,1.769394712598088,1.233806230008395,0.07682802738520354,0.21727511738457606,-7.488799262021163e-8,0.03807562473336935,515.271083653928,521.2466797810799,0.011464046408241169
m12_joint_hybrid_synergy,25/26,all,1527,309,-2.17305319111128,0.1767630940402216,4.340954469382952,0.424285418304303,10.231212957381352,1.4370801708396626e-24,1.2937272617885078,0.9303861627030716,1.0132731036032225,1.3905271957504326,1.276780422956046,0.16436884689969475,0.20167977900987885,-7.687666591326396e-8,0.07581430397339693,1954.8954720332217,2061.075057505323,0.05151660299097427
m12_joint_hybrid_synergy,25/26,1X2,873,291,-2.1097736740645656,0.3731932137286686,4.142336276855823,1.0936728449648225,3.787546061810705,0.0001521424861305439,0.726936038893604,1.3151367977420276,1.624864058279327,0.5527455699982604,0.44738268114774066,0.5804376443457426,0.6545987782693308,-6.289638595116496e-8,0.08967038595668693,1058.4302165137265,1111.3537378427402,0.0476207705313918
m12_joint_hybrid_synergy,25/26,BTTS,272,136,-2.3393656757571493,1.7108180068214096,4.678731644711703,3.421637018314642,1.367395670454914,0.1715013186773071,1.564313032938868,5.239901524277756,7.324414930090303,0.2985386320126475,0.21357515212748623,0.7652920954966134,0.8308783780277575,-9.418783354356472e-8,0.0347081174926022,370.48410610787977,377.072066224611,0.017471355496291086
m12_joint_hybrid_synergy,25/26,OU2.5,382,191,-2.4670788330332867,1.9525004647853546,4.934158311328897,3.9050017144846034,1.2635483085774075,0.20639219698099442,3.3666143458428435,3.3977665741886516,4.8147763610541485,0.9908315572404361,0.6992254869976465,0.3217678371939261,0.48441112500264616,-9.650008689093157e-8,0.06133117495125697,524.9729907546854,529.5644459477993,0.008670248216713805
m12_hierarchical_kappa,all,all,2899,627,-2.2493779598132946,0.13065963982921083,4.538936514018261,0.3194549312869916,14.208378301540684,8.128614910427967e-46,2.0359717410690927,0.7309397740924609,0.8042696134018061,2.78541654624961,2.531454262529671,0.005345899904865766,0.011359063071258868,-7.512424542978865e-8,0.06705966047294357,3710.4263669720776,3895.875497625732,0.04760140070355756
m12_hierarchical_kappa,all,1X2,1785,595,-2.296711511647747,0.2769659858257002,4.716890431488241,0.8110432504518017,5.815830942259415,6.033341935833548e-9,1.985113435594599,1.01591627627091,1.2552158152229402,1.9540128275937154,1.5814917335486414,0.050699700185511676,0.11376564757211123,-6.16479245529784e-8,0.07761756255880284,2181.4963980748626,2272.3555808125334,0.03998457966036373
m12_hierarchical_kappa,all,BTTS,356,178,-1.7635272299539149,1.4704750050268878,3.5270542546181995,2.9409508921732566,1.199290428141707,0.23041503569876398,-1.0466919327051758,4.619208457218077,6.401983910733297,-0.2265955179116439,-0.1634949333362641,0.8207382778372103,0.8701287620905852,-9.845130860319047e-8,0.033011436838092045,486.51288130146634,493.5207925586821,0.014199829800245922
m12_hierarchical_kappa,all,OU2.5,758,379,-2.9752431185711923,1.2749318626538102,5.950487206584089,2.5498641848355064,2.33364868684877,0.019614125010915508,5.1012802418621,2.30205002699604,3.25091071792249,2.2159727990441604,1.5691849713799884,0.02669336509648231,0.1166048450001432,-9.590366268031982e-8,0.050069361651082375,1039.6031311120328,1050.8111257288774,0.010666041063345566
m12_hierarchical_kappa,24/25,all,1372,318,-2.3539052002849328,0.196834633283897,4.817498680539275,0.49145118460999404,9.80259857214984,1.0972584929161953e-22,3.371119317273914,1.1801734984545085,1.3241373384532669,2.8564607845274868,2.545898540412537,0.00428392920598282,0.010899686327903791,-6.157757453921331e-8,0.05723550657187633,1753.1690271748428,1834.0749815188678,0.04411267541364294
m12_hierarchical_kappa,24/25,1X2,912,304,-2.5880210676004243,0.4164913119676821,5.595722457390078,1.217492539656722,4.596104103412264,4.3046368954716635e-6,4.138275308458266,1.5915539174349467,1.9695636318765746,2.6001477318014987,2.1011127751761802,0.009318363545078702,0.03563106772259056,-5.21391750873798e-8,0.06527333773960572,1119.8114801025638,1161.001842969737,0.03547829240461153
m12_hierarchical_kappa,24/25,BTTS,84,42,-0.35796248026449345,3.0878828081396974,0.715923993368991,6.175766694976313,0.11592471489432406,0.9077122080935498,-6.7808294998898155,8.62443063058852,12.407479533091806,-0.7862350328194477,-0.5465114394752588,0.43172980558471963,0.5847144264798395,-7.111905934733436e-8,0.032018403238886106,115.2028403874437,116.44872633407087,0.010699008789954001
m12_hierarchical_kappa,24/25,OU2.5,376,188,-3.193803233852726,1.8020228372420724,6.387607553176589,3.604046090328981,1.7723434698343499,0.07633755948353885,6.663934394219067,3.343810390697686,4.8194196581706645,1.9929163485937482,1.382725487065913,0.04627060781154327,0.16674905388846836,-8.233910532695267e-8,0.037407987231166284,514.4092996026142,521.2466797810799,0.013117359675724805
m12_hierarchical_kappa,25/26,all,1527,309,-2.159306847888823,0.1765486697249143,4.3074463662900975,0.4238035146897033,10.163781603944189,2.8769639050086217e-24,1.2141962335315886,0.9424086751090919,1.0183981526877859,1.2883967068650286,1.1922608366158627,0.19760790450587132,0.23315898559597775,-8.729584494631165e-8,0.07481316650826285,1955.1684315492605,2061.075057505323,0.05138416748599606
m12_hierarchical_kappa,25/26,1X2,873,291,-2.0723142202670184,0.3728231179421818,4.0305700788274486,1.0933886611028323,3.6863104788027217,0.00022752874204324798,0.5093039882845098,1.33209589253561,1.6407618690223251,0.3823328268921113,0.31040701146229527,0.702214508535612,0.7562514629205594,-7.158146351385809e-8,0.08873647075342207,1058.5890455361487,1111.3537378427402,0.04747785561869222
m12_hierarchical_kappa,25/26,BTTS,272,136,-2.3098372681116635,1.7175931306043117,4.6196748417185765,3.435187460451497,1.3448101144126203,0.17868656312385323,1.4366764367462608,5.48894745201295,7.676719051304827,0.26173987805610915,0.18714719493376092,0.7935219937244143,0.8515452255807519,-1.0689215028616646e-7,0.033369961603221386,370.5047047118887,377.072066224611,0.017416727731855652
m12_hierarchical_kappa,25/26,OU2.5,382,191,-2.5269314415472155,1.8855776980792267,5.053863674296599,3.7711562560036485,1.3401363749515527,0.1802010121043478,3.651998797070902,3.3608485136058066,4.7378386938555375,1.086629993076577,0.7708153512712765,0.2772003643052215,0.4408163867111612,-1.0925516415655637e-7,0.06003050959180182,524.7732033460741,529.5644459477993,0.0090475156298494
