model,spec,method,w_base,sigma,w_max,identity_spec,head_logloss,head_market_logloss,head_delta_logloss,head_ece,head_market_ece,head_mce,head_brier,head_rps,head_market_rps,head_n_obs,wide_logloss,wide_market_logloss,wide_ece,wide_market_ece,wide_brier,wide_market_brier,wide_n_obs,crps_all,crps_home,crps_away,lpd_all,lpd_all_market,lpd_small,lpd_small_market,n_small,lpd_large,lpd_large_market,n_large,n_shifted,w_median,w_p10,w_p90,var_retention_median,price,rates
m12_joint_hybrid_synergy,uncalibrated,static_geometric,1.0,NaN,1.0,true,0.6348776748799607,0.633061118131463,0.0018165567484976775,0.01506271590749618,0.018347074313313467,0.19640169051638687,0.22195660379177787,0.22464227757688746,0.21091067161472066,2148,0.6344651650773406,0.6313810201519001,0.013269705687567725,0.019667429027437587,0.22169788506488966,0.22020097994061438,2442,0.6283192113476559,0.6383234483339266,0.6183149743613853,-0.6344651650773397,-0.6313810201518996,-0.6376816569297239,-0.6370898801032477,824,-0.6547642952354207,-0.6483062421337173,875,-1,NaN,NaN,NaN,NaN,t25,none
m12_joint_hybrid_synergy,uncalibrated,static_geometric,1.0,NaN,1.0,true,0.6348776748799607,0.6320549140397302,0.002822760840230476,0.01506271590749618,0.011926728486626454,0.19640169051638687,0.22195660379177787,0.22464227757688746,0.2102948013034943,2148,0.6344651650773406,0.6304956888188648,0.013269705687567725,0.015801220370742747,0.22169788506488966,0.21981282822316894,2442,0.6283192113476559,0.6383234483339266,0.6183149743613853,-0.6344651650773397,-0.6304956888188656,-0.6376816569297239,-0.6366210752613237,824,-0.6547642952354207,-0.646466320345068,875,-1,NaN,NaN,NaN,NaN,close,none
m05_joint_production_wealth,uncalibrated,static_geometric,1.0,NaN,1.0,true,0.633809660720174,0.633061118131463,0.000748542588710932,0.017940470262691816,0.018347074313313467,0.12503165820865836,0.22146339756741482,0.22403520433970808,0.21091067161472066,2148,0.6334251458234493,0.6313810201519001,0.014284294446890174,0.019667429027437587,0.22120289182162403,0.22020097994061438,2442,0.6270457522503458,0.63771835774312,0.6163731467575714,-0.6334251458234498,-0.6313810201518996,-0.6397852742540557,-0.6402389761854332,851,-0.65708074199572,-0.6510763235992629,859,-1,NaN,NaN,NaN,NaN,t25,none
m05_joint_production_wealth,uncalibrated,static_geometric,1.0,NaN,1.0,true,0.633809660720174,0.6320549140397302,0.0017547466804437306,0.017940470262691816,0.011926728486626454,0.12503165820865836,0.22146339756741482,0.22403520433970808,0.2102948013034943,2148,0.6334251458234493,0.6304956888188648,0.014284294446890174,0.015801220370742747,0.22120289182162403,0.21981282822316894,2442,0.6270457522503458,0.63771835774312,0.6163731467575714,-0.6334251458234498,-0.6304956888188656,-0.6397852742540557,-0.6392909809508557,851,-0.65708074199572,-0.6503244398266417,859,-1,NaN,NaN,NaN,NaN,close,none
m12_joint_hybrid_synergy,inv_w0.25_s0.15,inverse_gaussian,0.25,0.15,1.0,false,0.6324872854926318,0.633061118131463,-0.000573832638831262,0.012868523131570365,0.018347074313313467,0.09770806416393518,0.22084401279092972,0.22252176525170594,0.21091067161472066,2148,0.6321655724853847,0.6313810201519001,0.010553439660305345,0.019667429027437587,0.22063249842450114,0.22020097994061438,2442,0.626678619063671,0.6364049652353773,0.6169522728919646,-0.632165572485385,-0.6313810201518996,-0.6371138026755956,-0.6370898801032477,824,-0.6499438933907146,-0.6483062421337173,875,580,0.44976068685560605,0.2566223624806386,0.8951013517608828,0.20228473005627923,t25,t25
m12_joint_hybrid_synergy,inv_w0.25_s0.25,inverse_gaussian,0.25,0.25,1.0,false,0.6310341829115725,0.633061118131463,-0.002026935219890502,0.014456262948330707,0.018347074313313467,0.12472562889380912,0.22017117358276803,0.2211699817354133,0.21091067161472066,2148,0.6304765501339743,0.6313810201519001,0.010668434577342465,0.019667429027437587,0.21986022518572013,0.22020097994061438,2442,0.6250074586254983,0.6336877858654993,0.6163271313854976,-0.6304765501339736,-0.6313810201518996,-0.6370831709803252,-0.6370898801032477,824,-0.6459064893205798,-0.6483062421337173,875,580,0.32913091150619533,0.25239081943273284,0.6305854559723417,0.10832716743076856,t25,t25
m12_joint_hybrid_synergy,inv_w0.25_s0.35,inverse_gaussian,0.25,0.35,1.0,false,0.6306418226148336,0.633061118131463,-0.0024192955166294494,0.0133186874350188,0.018347074313313467,0.07784262225102978,0.22001023668360054,0.2205386974354024,0.21091067161472066,2148,0.629852358664521,0.6313810201519001,0.010780380821118105,0.019667429027437587,0.21959082829029905,0.22020097994061438,2442,0.6242468876966478,0.6320154543041909,0.616478321089105,-0.629852358664522,-0.6313810201518996,-0.6371849670723639,-0.6370898801032477,824,-0.6441843329842408,-0.6483062421337173,875,580,0.2914746325456702,0.25122075961635265,0.47742449018766425,0.0849574644726673,t25,t25
m12_joint_hybrid_synergy,inv_w0.25_s0.50,inverse_gaussian,0.25,0.5,1.0,false,0.6306431397492854,0.633061118131463,-0.00241797838217761,0.013171718777692392,0.018347074313313467,0.20638317845017085,0.22003708230157817,0.22020483483511663,0.21091067161472066,2148,0.6296776377898333,0.6313810201519001,0.011463243281444664,0.019667429027437587,0.21952403745536023,0.22020097994061438,2442,0.6238450658279701,0.6307681508308338,0.6169219808251061,-0.629677637789833,-0.6313810201518996,-0.6373018171655953,-0.6370898801032477,824,-0.6435181068940259,-0.6483062421337173,875,580,0.27061741127257655,0.2505984206919564,0.37168968067653135,0.07323378406120573,t25,t25
m12_joint_hybrid_synergy,inv_w0.25_s0.75,inverse_gaussian,0.25,0.75,1.0,false,0.6308217588158165,0.633061118131463,-0.0022393593156465608,0.007715810689677019,0.018347074313313467,0.08854728791893621,0.220138899295487,0.22007854601809476,0.21091067161472066,2148,0.6297564738295159,0.6313810201519001,0.01005358494294777,0.019667429027437587,0.2195635460509638,0.22020097994061438,2442,0.6237116405294828,0.6300053339777353,0.61741794708123,-0.6297564738295155,-0.6313810201518996,-0.6373916851384892,-0.6370898801032477,824,-0.6435321346554655,-0.6483062421337173,875,580,0.259234280904912,0.2502660237240908,0.3067510649295727,0.06720241255466455,t25,t25
m12_joint_hybrid_synergy,inv_w0.25_s1.00,inverse_gaussian,0.25,1.0,1.0,false,0.6309383490015218,0.633061118131463,-0.0021227691299412488,0.01140674869906382,0.018347074313313467,0.08551398434781679,0.2201995427801059,0.22005351089915476,0.21091067161472066,2148,0.62984074189566,0.6313810201519001,0.013735183517385396,0.019667429027437587,0.21960072324473676,0.22020097994061438,2442,0.6237014321261045,0.6297366515527957,0.6176662126994135,-0.6298407418956588,-0.6313810201518996,-0.6374283968023384,-0.6370898801032477,824,-0.6436709607788795,-0.6483062421337173,875,580,0.25520835612438736,0.2501496499572522,0.2824709645318924,0.06513130508637,t25,t25
m12_joint_hybrid_synergy,inv_w0.40_s0.15,inverse_gaussian,0.4,0.15,1.0,false,0.6328359947350177,0.633061118131463,-0.00022512339644531476,0.014705665132705388,0.018347074313313467,0.16286158435324816,0.22100679519889205,0.22284272048306367,0.21091067161472066,2148,0.6325051934025123,0.6313810201519001,0.011895857798005323,0.019667429027437587,0.2207908586427137,0.22020097994061438,2442,0.6268526764849597,0.6366158781443336,0.617089474825586,-0.6325051934025118,-0.6313810201518996,-0.6371946308631653,-0.6370898801032477,824,-0.6506608747915593,-0.6483062421337173,875,580,0.5598085494844849,0.4052978899845109,0.916081081408706,0.3133856470298127,t25,t25
m12_joint_hybrid_synergy,inv_w0.40_s0.25,inverse_gaussian,0.4,0.25,1.0,false,0.6314681271809173,0.633061118131463,-0.0015929909505457696,0.013191790352385536,0.018347074313313467,0.14028134033860096,0.22037427550825023,0.2215840776873812,0.21091067161472066,2148,0.6309720177106648,0.6313810201519001,0.009849464176178874,0.019667429027437587,0.2200902122866973,0.22020097994061438,2442,0.6252906046185821,0.6342043538145212,0.616376855422643,-0.6309720177106655,-0.6313810201518996,-0.6371632014960221,-0.6370898801032477,824,-0.6469468720575826,-0.6483062421337173,875,580,0.46330472920495624,0.40191265554618627,0.7044683647778733,0.2146512788376744,t25,t25
m12_joint_hybrid_synergy,inv_w0.40_s0.35,inverse_gaussian,0.4,0.35,1.0,false,0.6309749232871849,0.633061118131463,-0.0020861948442781886,0.012125973659812333,0.018347074313313467,0.07930517875643983,0.22016314968666648,0.2209284619934095,0.21091067161472066,2148,0.6303144903955333,0.6313810201519001,0.009565360595652982,0.019667429027437587,0.21980306843898612,0.22020097994061438,2442,0.6244912743073899,0.6326710728641411,0.6163114757506386,-0.6303144903955358,-0.6313810201518996,-0.6372378904392373,-0.6370898801032477,824,-0.6451354388782168,-0.6483062421337173,875,580,0.4331797060365362,0.4009766076930821,0.5819395921501315,0.18764465967712157,t25,t25
m12_joint_hybrid_synergy,inv_w0.40_s0.50,inverse_gaussian,0.4,0.5,1.0,false,0.6307968647421338,0.633061118131463,-0.0022642533893292294,0.011018141428972129,0.018347074313313467,0.04513544271797876,0.22010362036606584,0.22051610642625952,0.21091067161472066,2148,0.630014026615029,0.6313810201519001,0.009643983167093377,0.019667429027437587,0.21967903683459308,0.22020097994061438,2442,0.6239778978111177,0.6314799882330016,0.6164758073892339,-0.6300140266150306,-0.6313810201518996,-0.6373258678244245,-0.6370898801032477,824,-0.6441500749012832,-0.6483062421337173,875,580,0.41649392901806126,0.4004787365535652,0.4973517445412251,0.17346719340639616,t25,t25
m12_joint_hybrid_synergy,inv_w0.40_s0.75,inverse_gaussian,0.4,0.75,1.0,false,0.630791141802915,0.633061118131463,-0.0022699763285480845,0.00986290220217373,0.018347074313313467,0.2243514092923189,0.22012004561453932,0.22030153878917125,0.21091067161472066,2148,0.6299395697780014,0.6313810201519001,0.007273153105425471,0.019667429027437587,0.21965290688522654,0.22020097994061438,2442,0.623707519894842,0.6307036760544358,0.6167113637352482,-0.6299395697780023,-0.6313810201518996,-0.6373948804662875,-0.6370898801032477,824,-0.6437651724810722,-0.6483062421337173,875,580,0.40738742472392964,0.40021281897927263,0.4454008519436582,0.1659645139245572,t25,t25
m12_joint_hybrid_synergy,inv_w0.40_s1.00,inverse_gaussian,0.4,1.0,1.0,false,0.6308179852605527,0.633061118131463,-0.0022431328709103804,0.009733902976660734,0.018347074313313467,0.24335819484449162,0.22014037815370366,0.2202335821585649,0.21091067161472066,2148,0.6299439208085775,0.6313810201519001,0.007441337640803471,0.019667429027437587,0.21965713894167233,0.22020097994061438,2442,0.6236241195120042,0.6304109165886576,0.6168373224353509,-0.6299439208085781,-0.6313810201518996,-0.63742345276903,-0.6370898801032477,824,-0.643692224896294,-0.6483062421337173,875,580,0.4041666848995099,0.4001197199658018,0.4259767716255139,0.16335070921508077,t25,t25
m12_joint_hybrid_synergy,inv_w0.55_s0.15,inverse_gaussian,0.55,0.15,1.0,false,0.6332497141923993,0.633061118131463,0.00018859606093624137,0.013528256567449803,0.018347074313313467,0.28290417592422645,0.22119953625258634,0.22321530184650573,0.21091067161472066,2148,0.6329053591736771,0.6313810201519001,0.010497892116716551,0.019667429027437587,0.22097670989424661,0.22020097994061438,2442,0.6271034125108482,0.6369133378552981,0.6172934871663985,-0.632905359173677,-0.6313810201518996,-0.6372923689079996,-0.6370898801032477,824,-0.6515017676011826,-0.6483062421337173,875,580,0.6698564121133637,0.5539734174883832,0.9370608110565296,0.44870763251095147,t25,t25
m12_joint_hybrid_synergy,inv_w0.55_s0.25,inverse_gaussian,0.55,0.25,1.0,false,0.6320707521779138,0.633061118131463,-0.0009903659535492881,0.01668059600493752,0.018347074313313467,0.2504207297731036,0.22065451229911373,0.2221377920584818,0.21091067161472066,2148,0.6316202912301688,0.6313810201519001,0.012421008850057546,0.019667429027437587,0.22038933478573453,0.22020097994061438,2442,0.625763041948538,0.6349279052417722,0.6165981786553038,-0.6316202912301688,-0.6313810201518996,-0.6372648281486916,-0.6370898801032477,824,-0.6483546320310778,-0.6483062421337173,875,580,0.5974785469037172,0.5514344916596396,0.7783512735834051,0.35698061779805046,t25,t25
m12_joint_hybrid_synergy,inv_w0.55_s0.35,inverse_gaussian,0.55,0.35,1.0,false,0.6315676908434333,0.633061118131463,-0.0014934272880297028,0.01640392175870334,0.018347074313313467,0.16698627394982557,0.2204342433951391,0.22153169990422789,0.21091067161472066,2148,0.6310104880595527,0.6313810201519001,0.012336822230098382,0.019667429027437587,0.22012044639976258,0.22020097994061438,2442,0.6250213886624613,0.6336345947637969,0.6164081825611255,-0.631010488059553,-0.6313810201518996,-0.6373168035506751,-0.6370898801032477,824,-0.646673669811326,-0.6483062421337173,875,580,0.5748847795274021,0.5507324557698117,0.6864546941125985,0.330492510832082,t25,t25
m12_joint_hybrid_synergy,inv_w0.55_s0.50,inverse_gaussian,0.55,0.5,1.0,false,0.6313016083245191,0.633061118131463,-0.0017595098069439485,0.013048809585141272,0.018347074313313467,0.1711516393200716,0.22032824792241462,0.22111054752539075,0.21091067161472066,2148,0.6306677780859002,0.6313810201519001,0.009955996768150014,0.019667429027437587,0.21997453625009597,0.22020097994061438,2442,0.6244948900236068,0.6326027484542192,0.6163870315929946,-0.630667778085899,-0.6313810201518996,-0.6373794990920232,-0.6370898801032477,824,-0.6456011281668557,-0.6483062421337173,875,580,0.562370446763546,0.5503590524151739,0.6230138084059188,0.31626051967287083,t25,t25
m12_joint_hybrid_synergy,inv_w0.55_s0.75,inverse_gaussian,0.55,0.75,1.0,false,0.6311878134707274,0.633061118131463,-0.001873304660735653,0.014833922388366597,0.018347074313313467,0.07499137177336945,0.22029072370543049,0.22086027493991833,0.21091067161472066,2148,0.630512739555814,0.6313810201519001,0.012837028968386508,0.019667429027437587,0.21991152841384118,0.22020097994061438,2442,0.624173375716066,0.6319054950388893,0.6164412563932428,-0.6305127395558134,-0.6313810201518996,-0.6374296526736699,-0.6370898801032477,824,-0.6450236762453001,-0.6483062421337173,875,580,0.5555405685429473,0.5501596142344545,0.5840506389577438,0.30862532335403703,t25,t25
m12_joint_hybrid_synergy,inv_w0.55_s1.00,inverse_gaussian,0.55,1.0,1.0,false,0.6311591364453337,0.633061118131463,-0.001901981686129317,0.013798905345338444,0.018347074313313467,0.29383539184787766,0.22028413253841742,0.22077086577511554,0.21091067161472066,2148,0.630470922106072,0.6313810201519001,0.011509417888894596,0.019667429027437587,0.21989545250792897,0.22020097994061438,2442,0.6240569881374453,0.6316335248367779,0.6164804514381127,-0.6304709221060726,-0.6313810201518996,-0.6374506991896136,-0.6370898801032477,824,-0.6448358878343919,-0.6483062421337173,875,580,0.5531250136746324,0.5500897899743513,0.5694825787191354,0.3059472807707992,t25,t25
m12_joint_hybrid_synergy,inv_w0.70_s0.15,inverse_gaussian,0.7,0.15,1.0,false,0.6337281230811204,0.633061118131463,0.0006670049496573238,0.015179267256315535,0.018347074313313467,0.2267867200070901,0.22142215917682737,0.2236394979661543,0.21091067161472066,2148,0.6333656732899625,0.6313810201519001,0.015246238307507641,0.019667429027437587,0.22118992918388103,0.22020097994061438,2442,0.6274311037344102,0.63729710354893,0.6175651039198903,-0.6333656732899612,-0.6313810201518996,-0.6374064383593261,-0.6370898801032477,824,-0.6524662502267768,-0.6483062421337173,875,580,0.7799042747422424,0.7026489449922554,0.9580405407043531,0.6082506864996955,t25,t25
m12_joint_hybrid_synergy,inv_w0.70_s0.25,inverse_gaussian,0.7,0.25,1.0,false,0.6328407176238583,0.633061118131463,-0.0002204005076047455,0.01638039163436953,0.018347074313313467,0.26909282420448233,0.22101181553678334,0.22283192341409216,0.21091067161472066,2148,0.6324196293052526,0.6313810201519001,0.012834263289130463,0.019667429027437587,0.22075727838786224,0.22020097994061438,2442,0.6264248137743058,0.6358564392517129,0.6169931882968986,-0.6324196293052508,-0.6313810201518996,-0.637386094064762,-0.6370898801032477,824,-0.6501281074747648,-0.6483062421337173,875,580,0.7316523646024781,0.7009563277730931,0.8522341823889366,0.5353151843118966,t25,t25
m12_joint_hybrid_synergy,inv_w0.70_s0.35,inverse_gaussian,0.7,0.35,1.0,false,0.6324173385123948,0.633061118131463,-0.0006437796190682521,0.016713467905373064,0.018347074313313467,0.29276193610398393,0.22082368879150566,0.222350962179853,0.21091067161472066,2148,0.6319364812266279,0.6313810201519001,0.01242396842641547,0.019667429027437587,0.22054251549132425,0.22020097994061438,2442,0.6258359639579791,0.6349004649597506,0.6167714629562079,-0.6319364812266289,-0.6313810201518996,-0.6374185331408219,-0.6370898801032477,824,-0.6487944435889325,-0.6483062421337173,875,580,0.716589853018268,0.700488303846541,0.7909697960750657,0.5135010179375483,t25,t25
m12_joint_hybrid_synergy,inv_w0.70_s0.50,inverse_gaussian,0.7,0.5,1.0,false,0.6321525542527304,0.633061118131463,-0.0009085638787326156,0.01625295736726794,0.018347074313313467,0.23458737345391967,0.2207118890408296,0.22199413215611832,0.21091067161472066,2148,0.6316315586252744,0.6313810201519001,0.011798546374821488,0.019667429027437587,0.22041010256193466,0.22020097994061438,2442,0.6253917455332488,0.6341238553820095,0.6166596356844882,-0.631631558625274,-0.6313810201518996,-0.6374584601564196,-0.6370898801032477,824,-0.6478606355155243,-0.6483062421337173,875,580,0.7082469645090306,0.7002393682767826,0.7486758722706125,0.5016137628606296,t25,t25
m12_joint_hybrid_synergy,inv_w0.70_s0.75,inverse_gaussian,0.7,0.75,1.0,false,0.6320046954603535,0.633061118131463,-0.0010564226711095026,0.014418896650383796,0.018347074313313467,0.16992561126331673,0.22065312896717115,0.2217654589267999,0.21091067161472066,2148,0.631464284950826,0.6313810201519001,0.01073457869439064,0.019667429027437587,0.2203391608343104,0.22020097994061438,2442,0.6251001079475291,0.6335877500354483,0.6166124658596099,-0.6314642849508258,-0.6313810201518996,-0.6374909689673249,-0.6370898801032477,824,-0.6472881755768481,-0.6483062421337173,875,580,0.7036937123619648,0.7001064094896363,0.7227004259718292,0.49518484084310405,t25,t25
m12_joint_hybrid_synergy,inv_w0.70_s1.00,inverse_gaussian,0.7,1.0,1.0,false,0.6319535496421804,0.633061118131463,-0.0011075684892826176,0.015954744709317466,0.018347074313313467,0.1831878577317121,0.22063381889516478,0.22167882097613612,0.21091067161472066,2148,0.6314075959100998,0.6313810201519001,0.011783424900229492,0.019667429027437587,0.22031556977100597,0.22020097994061438,2442,0.6249878428250513,0.6333748643373432,0.6166008213127592,-0.6314075959100993,-0.6313810201518996,-0.6375047777535929,-0.6370898801032477,824,-0.6470772392186416,-0.6483062421337173,875,580,0.7020833424497549,0.7000598599829009,0.712988385812757,0.4929210197535251,t25,t25
m12_joint_hybrid_synergy,inv_w0.85_s0.15,inverse_gaussian,0.85,0.15,1.0,false,0.6342708904278762,0.633061118131463,0.0012097722964131696,0.013772779895173053,0.018347074313313467,0.19489981742748316,0.22167455925569288,0.22411521524859546,0.21091067161472066,2148,0.6338857400819954,0.6313810201519001,0.013873130355206776,0.019667429027437587,0.22143037451362413,0.22020097994061438,2442,0.6278361772513089,0.6377671061278718,0.6179052483747459,-0.6338857400819953,-0.6313810201518996,-0.6375363405633677,-0.6370898801032477,824,-0.6535539204217883,-0.6483062421337173,875,580,0.8899521373711212,0.8513244724961276,0.9790202703521764,0.7920148089960451,t25,t25
m12_joint_hybrid_synergy,inv_w0.85_s0.25,inverse_gaussian,0.85,0.25,1.0,false,0.6337767558891587,0.633061118131463,0.0007156377576956752,0.013057292638255901,0.018347074313313467,0.19052849141521147,0.22144596790704132,0.22366680060145577,0.21091067161472066,2148,0.6333684159697861,0.6313810201519001,0.013339846221027046,0.019667429027437587,0.22119363131773284,0.22020097994061438,2442,0.6272764985286338,0.6369885546955465,0.6175644423617209,-0.6333684159697855,-0.6313810201518996,-0.6375254295123394,-0.6370898801032477,824,-0.6522653834322999,-0.6483062421337173,875,580,0.865826182301239,0.8504781638865466,0.9261170911944684,0.7496549783792132,t25,t25
m12_joint_hybrid_synergy,inv_w0.85_s0.35,inverse_gaussian,0.85,0.35,1.0,false,0.6335213859443959,0.633061118131463,0.00046026781293284635,0.014369929773851016,0.018347074313313467,0.18552422656813627,0.2213313129590816,0.22338770696061983,0.21091067161472066,2148,0.6330890343987984,0.6313810201519001,0.013866118449253319,0.019667429027437587,0.22106861733613634,0.22020097994061438,2442,0.6269348895013978,0.6364644142403056,0.6174053647624896,-0.6330890343987986,-0.6313810201518996,-0.6375406843459007,-0.6370898801032477,824,-0.6514929753244302,-0.6483062421337173,875,580,0.858294926509134,0.8502441519232705,0.8954848980375328,0.7366701809935212,t25,t25
m12_joint_hybrid_synergy,inv_w0.85_s0.50,inverse_gaussian,0.85,0.5,1.0,false,0.6333456523492802,0.633061118131463,0.00028453421781715615,0.017211752831434963,0.018347074313313467,0.19327841028282144,0.22125480446067816,0.22317078091189274,0.21091067161472066,2148,0.6328990810867704,0.6313810201519001,0.016288560515030498,0.019667429027437587,0.22098493843177686,0.22020097994061438,2442,0.6266664378571197,0.6360332688802427,0.6172996068339969,-0.63289908108677,-0.6313810201518996,-0.6375597511346707,-0.6370898801032477,824,-0.6509183097156132,-0.6483062421337173,875,580,0.8541234822545153,0.8501196841383912,0.8743379361353062,0.7295269229696727,t25,t25
m12_joint_hybrid_synergy,inv_w0.85_s0.75,inverse_gaussian,0.85,0.75,1.0,false,0.6332360590608062,0.633061118131463,0.00017494092934311478,0.017533842131271783,0.018347074313313467,0.1796653656095133,0.2212083937670167,0.22302470152198833,0.21091067161472066,2148,0.6327843669528851,0.6313810201519001,0.016619524069843794,0.019667429027437587,0.22093504142835174,0.22020097994061438,2442,0.6264824974242328,0.635731827296543,0.6172331675519228,-0.6327843669528846,-0.6313810201518996,-0.6375754972382465,-0.6370898801032477,824,-0.6505405435665131,-0.6483062421337173,875,580,0.8518468561809824,0.8500532047448182,0.8613502129859145,0.7256430663917584,t25,t25
m12_joint_hybrid_synergy,inv_w0.85_s1.00,inverse_gaussian,0.85,1.0,1.0,false,0.6331946326801027,0.633061118131463,0.00013351454863963497,0.017996047862200423,0.018347074313313467,0.1777246177643157,0.22119115993929153,0.22296732081776438,0.21091067161472066,2148,0.6327421056592977,0.6313810201519001,0.016756452636099654,0.019667429027437587,0.22091680989366408,0.22020097994061438,2442,0.6264093818578047,0.6356109811315653,0.6172077825840442,-0.6327421056592984,-0.6313810201518996,-0.6375822503225681,-0.6370898801032477,824,-0.650393499836071,-0.6483062421337173,875,580,0.8510416712248774,0.8500299299914504,0.8564941929063784,0.7242719261632588,t25,t25
m12_joint_hybrid_synergy,inv_w1.00_s0.15,inverse_gaussian,1.0,0.15,1.0,true,0.6348776748799607,0.633061118131463,0.0018165567484976775,0.01506271590749618,0.018347074313313467,0.19640169051638687,0.22195660379177787,0.22464227757688746,0.21091067161472066,2148,0.6344651650773406,0.6313810201519001,0.013269705687567725,0.019667429027437587,0.22169788506488966,0.22020097994061438,2442,0.6283192113476559,0.6383234483339266,0.6183149743613853,-0.6344651650773397,-0.6313810201518996,-0.6376816569297239,-0.6370898801032477,824,-0.6547642952354207,-0.6483062421337173,875,580,1.0,1.0,1.0,1.0,t25,t25
m12_joint_hybrid_synergy,std_w0.25_s0.15,standard_gaussian,0.25,0.15,1.0,false,0.6318851304275237,0.633061118131463,-0.0011759877039393407,0.007859122950852003,0.018347074313313467,0.3124571441971393,0.22067470682376072,0.22066845262930224,0.21091067161472066,2148,0.630919372722713,0.6313810201519001,0.007059966747683736,0.019667429027437587,0.22011011220129983,0.22020097994061438,2442,0.6236014463843405,0.6294187143569379,0.6177841784117429,-0.6309193727227133,-0.6313810201518996,-0.6380672838855866,-0.6370898801032477,824,-0.6449350559767982,-0.6483062421337173,875,580,0.8002393131443939,0.35489864823911704,0.9933776375193614,0.6403830129172641,t25,t25
m12_joint_hybrid_synergy,std_w0.25_s0.25,standard_gaussian,0.25,0.25,1.0,false,0.6326740138415456,0.633061118131463,-0.00038710428991739487,0.010883721334988258,0.018347074313313467,0.7809009145507771,0.22103620025157358,0.2215179927315129,0.21091067161472066,2148,0.6319900143817564,0.6313810201519001,0.011414341297943482,0.019667429027437587,0.22060718942082924,0.22020097994061438,2442,0.6245587562563204,0.6314686933612922,0.6176488191513486,-0.6319900143817564,-0.6313810201518996,-0.6380385528799096,-0.6370898801032477,824,-0.6471746767489358,-0.6483062421337173,875,580,0.9208690884938047,0.6194145440276582,0.9976091805672671,0.8479998886652802,t25,t25
m12_joint_hybrid_synergy,std_w0.25_s0.35,standard_gaussian,0.25,0.35,1.0,false,0.633228844304893,0.633061118131463,0.00016772617342997176,0.014056426038031778,0.018347074313313467,0.25278368047228794,0.22127070200667315,0.2223304761199105,0.21091067161472066,2148,0.6327167337958852,0.6313810201519001,0.012246944172185987,0.019667429027437587,0.2209360004510591,0.22020097994061438,2442,0.6254668838614549,0.6333607285373134,0.6175730391855963,-0.6327167337958858,-0.6313810201518996,-0.6379397537863538,-0.6370898801032477,824,-0.649077121509916,-0.6483062421337173,875,580,0.9585253674543298,0.7725755098123356,0.9987792403836473,0.9187708831084918,t25,t25
m12_joint_hybrid_synergy,std_w0.25_s0.50,standard_gaussian,0.25,0.5,1.0,false,0.6337809280439421,0.633061118131463,0.000719809912479108,0.01706551848737984,0.018347074313313467,0.2983173049375709,0.2214962244381056,0.22315581647523347,0.21091067161472066,2148,0.6333583208903553,0.6313810201519001,0.014766612074842854,0.019667429027437587,0.2212169767986314,0.22020097994061438,2442,0.6264536868829143,0.6352547243777701,0.6176526493880583,-0.633358320890355,-0.6313810201518996,-0.6378406944602928,-0.6370898801032477,824,-0.6510147009779753,-0.6483062421337173,875,580,0.9793825887274235,0.8783103193234685,0.9994015793080435,0.9591902558797643,t25,t25
m12_joint_hybrid_synergy,std_w0.25_s0.75,standard_gaussian,0.25,0.75,1.0,false,0.634274556100845,0.633061118131463,0.001213437969382003,0.017157181311493304,0.018347074313313467,0.18123951846731765,0.22170013449259665,0.22384922577526656,0.21091067161472066,2148,0.6338762501928832,0.6313810201519001,0.015326940703961437,0.019667429027437587,0.22144089342694437,0.22020097994061438,2442,0.6273179423472935,0.6367573100881603,0.6178785746064267,-0.6338762501928832,-0.6313810201518996,-0.6377625743160434,-0.6370898801032477,824,-0.6527246564232013,-0.6483062421337173,875,580,0.990765719095088,0.9432489350704272,0.9997339762759092,0.9816167102923845,t25,t25
m12_joint_hybrid_synergy,std_w0.25_s1.00,standard_gaussian,0.25,1.0,1.0,false,0.6345080697768384,0.633061118131463,0.0014469516453753384,0.014945202086212429,0.018347074313313467,0.18449914108203438,0.22179843516747602,0.2241624476829695,0.21091067161472066,2148,0.6341088060981298,0.6313810201519001,0.013337898234623613,0.019667429027437587,0.22154186813413684,0.22020097994061438,2442,0.6277129134653215,0.6373969808342265,0.6180288460964163,-0.6341088060981299,-0.6313810201518996,-0.6377294465474312,-0.6370898801032477,824,-0.653521275245723,-0.6483062421337173,875,580,0.9947916438756126,0.9675290354681076,0.9998503500427478,0.9896104147754016,t25,t25
m12_joint_hybrid_synergy,std_w0.40_s0.15,standard_gaussian,0.4,0.15,1.0,false,0.6318780957930537,0.633061118131463,-0.0011830223384093896,0.009323681753599308,0.018347074313313467,0.27009944353601933,0.22065686697214854,0.22099006060281814,0.21091067161472066,2148,0.6310650342821877,0.6313810201519001,0.008817980372381684,0.019667429027437587,0.22018268529863494,0.22020097994061438,2442,0.6238690280820528,0.6305251417813956,0.6172129143827098,-0.6310650342821903,-0.6313810201518996,-0.6379725002485396,-0.6370898801032477,824,-0.6453014632148983,-0.6483062421337173,875,580,0.8401914505155152,0.48391891859129366,0.9947021100154891,0.7059217084732552,t25,t25
m12_joint_hybrid_synergy,std_w0.40_s0.25,standard_gaussian,0.4,0.25,1.0,false,0.6328264392346745,0.633061118131463,-0.0002346788967885205,0.010738120830599782,0.018347074313313467,0.25528685518153615,0.22108769280875235,0.22191633994166696,0.21091067161472066,2148,0.6322138806280627,0.6313810201519001,0.009740553759993512,0.019667429027437587,0.22070777376901576,0.22020097994061438,2442,0.6249871834214056,0.6325379722035224,0.617436394639289,-0.6322138806280612,-0.6313810201518996,-0.6379634311810719,-0.6370898801032477,824,-0.6478922999714865,-0.6483062421337173,875,580,0.9366952707950438,0.6955316352221265,0.9980873444538138,0.8773980370637969,t25,t25
m12_joint_hybrid_synergy,std_w0.40_s0.35,standard_gaussian,0.4,0.35,1.0,false,0.6334224203515705,0.633061118131463,0.00036130222010744006,0.013980050522890806,0.018347074313313467,0.2183956575636199,0.2213435533301375,0.22268309111188347,0.21091067161472066,2148,0.6329396894661828,0.6313810201519001,0.012201417239929938,0.019667429027437587,0.22103207417159823,0.22020097994061438,2442,0.6258875833104868,0.6342289273112182,0.6175462393097552,-0.6329396894661815,-0.6313810201518996,-0.6378873076583235,-0.6370898801032477,824,-0.6498327189802762,-0.6483062421337173,875,580,0.9668202939634638,0.8180604078498686,0.999023392306918,0.9347414827748202,t25,t25
m12_joint_hybrid_synergy,std_w0.40_s0.50,standard_gaussian,0.4,0.5,1.0,false,0.6339506465668103,0.633061118131463,0.0008895284353472865,0.0172302336080603,0.018347074313313467,0.17121982939816935,0.2215641595906512,0.2234116261645679,0.21091067161472066,2148,0.6335345123044797,0.6313810201519001,0.01563464301402962,0.019667429027437587,0.22129230298312713,0.22020097994061438,2442,0.6267738234144843,0.6358315558502252,0.6177160909787435,-0.6335345123044793,-0.6313810201518996,-0.6378085812500036,-0.6370898801032477,824,-0.6516271069367875,-0.6483062421337173,875,580,0.9835060709819388,0.9026482554587749,0.9995212634464349,0.9672841921558247,t25,t25
m12_joint_hybrid_synergy,std_w0.40_s0.75,standard_gaussian,0.4,0.75,1.0,false,0.634382291385946,0.633061118131463,0.001321173254482999,0.01586196826728065,0.018347074313313467,0.18286350702412885,0.22174504828900624,0.22399672150193514,0.21091067161472066,2148,0.6339825342747751,0.6313810201519001,0.014166179398328583,0.019667429027437587,0.22148682982211207,0.22020097994061438,2442,0.6275046978209115,0.6370627137525176,0.6179466818893052,-0.6339825342747746,-0.6313810201518996,-0.6377462786670473,-0.6370898801032477,824,-0.6530975771322404,-0.6483062421337173,875,580,0.9926125752760704,0.9545991480563418,0.9997871810207275,0.9852797246975542,t25,t25
m12_joint_hybrid_synergy,std_w0.40_s1.00,standard_gaussian,0.4,1.0,1.0,false,0.6345774464156081,0.633061118131463,0.001516328284145052,0.015047440925680815,0.018347074313313467,0.1879317647544425,0.2218278083217137,0.22425444345802406,0.21091067161472066,2148,0.6341760572194346,0.6313810201519001,0.013544925832333585,0.019667429027437587,0.2215711430486315,0.22020097994061438,2442,0.6278294358043194,0.6375797689876129,0.6180791026210262,-0.6341760572194347,-0.6313810201518996,-0.637719842854046,-0.6370898801032477,824,-0.6537576711988129,-0.6483062421337173,875,580,0.9958333151004901,0.9740232283744861,0.9998802800341984,0.991683991496453,t25,t25
m12_joint_hybrid_synergy,std_w0.55_s0.15,standard_gaussian,0.55,0.15,1.0,false,0.6321786470505703,0.633061118131463,-0.0008824710808927883,0.01383241418740617,0.018347074313313467,0.22336636309286395,0.22077301311931433,0.22153696398980963,0.21091067161472066,2148,0.6315037075763283,0.6313810201519001,0.011832152730906601,0.019667429027437587,0.22037772544759224,0.22020097994061438,2442,0.6244871005591703,0.6320000964493131,0.6169741046690275,-0.6315037075763285,-0.6313810201518996,-0.6378863306405413,-0.6370898801032477,824,-0.6464947455594685,-0.6483062421337173,875,580,0.8801435878866364,0.6129391889434703,0.9960265825116168,0.7746527549595241,t25,t25
m12_joint_hybrid_synergy,std_w0.55_s0.25,standard_gaussian,0.55,0.25,1.0,false,0.6331240012239072,0.633061118131463,6.2883092444177e-5,0.01641180834320887,0.018347074313313467,0.22335372381141683,0.22120357680948893,0.2224223595944657,0.21091067161472066,2148,0.6325780280249553,0.6313810201519001,0.012392860795193963,0.019667429027437587,0.22086674268715298,0.22020097994061438,2442,0.6255834003298278,0.6337752908452332,0.6173915098144225,-0.632578028024954,-0.6313810201518996,-0.6378893838222506,-0.6370898801032477,824,-0.6490239961247467,-0.6483062421337173,875,580,0.9525214530962829,0.7716487264165949,0.9985655083403604,0.9072971223965272,t25,t25
m12_joint_hybrid_synergy,std_w0.55_s0.35,standard_gaussian,0.55,0.35,1.0,false,0.6336840042174609,0.633061118131463,0.0006228860859978091,0.01647553663820991,0.018347074313313467,0.061219832800826934,0.22144776316195827,0.2230882295642502,0.21091067161472066,2148,0.6332274339871835,0.6313810201519001,0.014178228448226754,0.019667429027437587,0.22115602172810844,0.22020097994061438,2442,0.6263848953970447,0.6351659336208889,0.6176038571732005,-0.6332274339871824,-0.6313810201518996,-0.6378348782471833,-0.6370898801032477,824,-0.6507841976803971,-0.6483062421337173,875,580,0.9751152204725979,0.8635453058874013,0.9992675442301884,0.9508496942971354,t25,t25
m12_joint_hybrid_synergy,std_w0.55_s0.50,standard_gaussian,0.55,0.5,1.0,false,0.6341450315877099,0.633061118131463,0.00108391345624681,0.017676912857332673,0.018347074313313467,0.177416047323297,0.22164396688672688,0.22368755303118396,0.21091067161472066,2148,0.6337334982070966,0.6313810201519001,0.015799089522494966,0.019667429027437587,0.22137797118757788,0.22020097994061438,2442,0.6271205985883882,0.6364282736686803,0.617812923508096,-0.6337334982070967,-0.6313810201518996,-0.6377765177155625,-0.6370898801032477,824,-0.6523092471151559,-0.6483062421337173,875,580,0.9876295532364541,0.9269861915940811,0.9996409475848261,0.9754121347058784,t25,t25
m12_joint_hybrid_synergy,std_w0.55_s0.75,standard_gaussian,0.55,0.75,1.0,false,0.6344964352047069,0.633061118131463,0.001435317073243847,0.015490221786066682,0.018347074313313467,0.18432966508912138,0.22179312552641342,0.22414968320040665,0.21091067161472066,2148,0.6340945777087478,0.6313810201519001,0.013817496954163552,0.019667429027437587,0.2215354845658945,0.22020097994061438,2442,0.6276981857193774,0.6373721980093419,0.6180241734294126,-0.6340945777087487,-0.6313810201518996,-0.6377300250700055,-0.6370898801032477,824,-0.6534881080570047,-0.6483062421337173,875,580,0.9944594314570527,0.9659493610422564,0.9998403857655456,0.9889495608709007,t25,t25
m12_joint_hybrid_synergy,std_w0.55_s1.00,standard_gaussian,0.55,1.0,1.0,false,0.6346490863115649,0.633061118131463,0.001587968180101873,0.014772431804426415,0.018347074313313467,0.19142123010596304,0.221858306260397,0.22434840472530956,0.21091067161472066,2148,0.6342453189970099,0.6313810201519001,0.013495598634070398,0.019667429027437587,0.22160137952271114,0.22020097994061438,2442,0.62794831936508,0.6377638426677475,0.6181327960624123,-0.6342453189970101,-0.6313810201518996,-0.6377102591353649,-0.6370898801032477,824,-0.6540001914247467,-0.6483062421337173,875,580,0.9968749863253675,0.9805174212808646,0.9999102100256486,0.9937597383794385,t25,t25
m12_joint_hybrid_synergy,std_w0.70_s0.15,standard_gaussian,0.7,0.15,1.0,false,0.6327811173657535,0.633061118131463,-0.0002800007657095538,0.01628766701465254,0.018347074313313467,0.1946907768805174,0.22102678452274552,0.22232161759785035,0.21091067161472066,2148,0.6322229365215336,0.6313810201519001,0.012577084669168319,0.019667429027437587,0.22069541216109023,0.22020097994061438,2442,0.6254406600314016,0.6338093322161584,0.6170719878466447,-0.6322229365215342,-0.6313810201518996,-0.6378085236511831,-0.6370898801032477,824,-0.6484859773873485,-0.6483062421337173,875,580,0.9200957252577575,0.7419594592956469,0.9973510550077446,0.8465761523760713,t25,t25
m12_joint_hybrid_synergy,std_w0.70_s0.25,standard_gaussian,0.7,0.25,1.0,false,0.6335653814251594,0.633061118131463,0.0005042632936963498,0.0158795988064258,0.018347074313313467,0.17042658335950756,0.22138596690715023,0.22304200592292447,0.21091067161472066,2148,0.6330772559068534,0.6313810201519001,0.014492544542207945,0.019667429027437587,0.22108455856504725,0.22020097994061438,2442,0.6263402374952765,0.635161958572261,0.6175185164182916,-0.6330772559068533,-0.6313810201518996,-0.6378170919075665,-0.6370898801032477,824,-0.6505549223994885,-0.6483062421337173,875,580,0.9683476353975219,0.8477658176110632,0.9990436722269068,0.9376971446634711,t25,t25
m12_joint_hybrid_synergy,std_w0.70_s0.35,standard_gaussian,0.7,0.35,1.0,false,0.6340135833601104,0.633061118131463,0.0009524652286473367,0.018151173924972595,0.018347074313313467,0.17572688464268116,0.22158420526518943,0.22354834340680235,0.21091067161472066,2148,0.6335783864554269,0.6313810201519001,0.016445739166268673,0.019667429027437587,0.22130815224439468,0.22020097994061438,2442,0.6269566808487791,0.6361646196833913,0.617748742014167,-0.633578386455428,-0.6313810201518996,-0.6377828394561577,-0.6370898801032477,824,-0.6519262997607861,-0.6483062421337173,875,580,0.9834101469817319,0.9090302039249342,0.9995116961534589,0.967095517675437,t25,t25
m12_joint_hybrid_synergy,std_w0.70_s0.50,standard_gaussian,0.7,0.5,1.0,false,0.634364216166735,0.633061118131463,0.0013030980352719546,0.01585269647859416,0.018347074313313467,0.1833178036606382,0.22173585607775256,0.22398423926431524,0.21091067161472066,2148,0.6339550467971641,0.6313810201519001,0.01415375380646805,0.019667429027437587,0.22147407392919308,0.22020097994061438,2442,0.627493788221178,0.6370433705693753,0.6179442058729806,-0.6339550467971647,-0.6313810201518996,-0.6377446049520636,-0.6370898801032477,824,-0.6530601001179968,-0.6483062421337173,875,580,0.9917530354909694,0.9513241277293873,0.9997606317232175,0.9835740835299256,t25,t25
m12_joint_hybrid_synergy,std_w0.70_s0.75,standard_gaussian,0.7,0.75,1.0,false,0.6346170221311414,0.633061118131463,0.0015559039996783097,0.014731523536109794,0.018347074313313467,0.1901375165134997,0.22184439368296996,0.2243082039341751,0.21091067161472066,2148,0.6342123686667599,0.6313810201519001,0.013235405683652158,0.019667429027437587,0.22158687086501977,0.22020097994061438,2442,0.6278984174445045,0.6376855889403498,0.6181112459486592,-0.6342123686667611,-0.6313810201518996,-0.6377138274730568,-0.6370898801032477,824,-0.6538961399332128,-0.6483062421337173,875,580,0.9963062876380352,0.977299574028171,0.9998935905103636,0.9926262188124237,t25,t25
m12_joint_hybrid_synergy,std_w0.70_s1.00,standard_gaussian,0.7,1.0,1.0,false,0.634722998259666,0.633061118131463,0.0016618801282030082,0.01486997529268383,0.018347074313313467,0.19120445198638092,0.2218899346003347,0.2244443513528689,0.21091067161472066,2148,0.6343165908692917,0.6313810201519001,0.013099724356871753,0.019667429027437587,0.22163258031256997,0.22020097994061438,2442,0.6280695708520364,0.6379491683729152,0.6181899733311579,-0.6343165908692898,-0.6313810201518996,-0.6377006982935837,-0.6370898801032477,824,-0.6542488153947267,-0.6483062421337173,875,580,0.9979166575502451,0.9870116141872429,0.9999401400170992,0.9958376554243583,t25,t25
m12_joint_hybrid_synergy,std_w0.85_s0.15,standard_gaussian,0.85,0.15,1.0,false,0.6336814932962153,0.633061118131463,0.0006203751647522182,0.01685518620464109,0.018347074313313467,0.1764731251514962,0.22142078862709363,0.2233542380278919,0.21091067161472066,2148,0.6332125918654347,0.6313810201519001,0.015036182062249116,0.019667429027437587,0.2211356201688822,0.22020097994061438,2442,0.6267196898703663,0.6359245932068723,0.6175147865338603,-0.6332125918654349,-0.6313810201518996,-0.6377397613730024,-0.6370898801032477,824,-0.6512496297105003,-0.6483062421337173,875,580,0.9600478626288788,0.8709797296478233,0.9986755275038723,0.9216919007228965,t25,t25
m12_joint_hybrid_synergy,std_w0.85_s0.25,standard_gaussian,0.85,0.25,1.0,false,0.6341499138611755,0.633061118131463,0.0010887957297124329,0.018218129905334463,0.018347074313313467,0.18156786967970256,0.22163655618565525,0.22378054100695782,0.21091067161472066,2148,0.6337073439313916,0.6313810201519001,0.016230869454065332,0.019667429027437587,0.22136154995489604,0.22020097994061438,2442,0.6272529458750924,0.6366822818337464,0.6178236099164384,-0.6337073439313903,-0.6313810201518996,-0.6377474719839664,-0.6370898801032477,824,-0.6524720137978816,-0.6483062421337173,875,580,0.9841738176987609,0.9238829088055316,0.9995218361134534,0.9685981038646287,t25,t25
m12_joint_hybrid_synergy,std_w0.85_s0.35,standard_gaussian,0.85,0.35,1.0,false,0.634411340706066,0.633061118131463,0.0013502225746029328,0.015401573724829008,0.018347074313313467,0.1869788802734528,0.22175361881728334,0.22406569560791575,0.21091067161472066,2148,0.6339912751839979,0.6313810201519001,0.01373758320651632,0.019667429027437587,0.22148871370776185,0.22020097994061438,2442,0.6276016199439249,0.6372188530638909,0.6179843868239591,-0.6339912751839977,-0.6313810201518996,-0.6377316119214725,-0.6370898801032477,824,-0.6532543438569003,-0.6483062421337173,875,580,0.991705073490866,0.954515101962467,0.9997558480767295,0.9834789529097253,t25,t25
m12_joint_hybrid_synergy,std_w0.85_s0.50,standard_gaussian,0.85,0.5,1.0,false,0.6346083647342969,0.633061118131463,0.001547246602833896,0.015099395085958207,0.018347074313313467,0.19049931627238975,0.2218400139356456,0.2243022933058028,0.21091067161472066,2148,0.634198977793251,0.6313810201519001,0.013559347927827403,0.019667429027437587,0.22158069026819313,0.22020097994061438,2442,0.6278933076168733,0.6376754958520189,0.6181111193817278,-0.6341989777932495,-0.6313810201518996,-0.637712948333563,-0.6370898801032477,824,-0.6538787306821918,-0.6483062421337173,875,580,0.9958765177454847,0.9756620638646938,0.9998803158616087,0.9917700386279661,t25,t25
m12_joint_hybrid_synergy,std_w0.85_s0.75,standard_gaussian,0.85,0.75,1.0,false,0.634744088983639,0.633061118131463,0.0016829708521759468,0.014712013526913507,0.018347074313313467,0.19199092671023166,0.22189887846740391,0.22447237346783508,0.21091067161472066,2148,0.6343358991496837,0.6313810201519001,0.012960831620062997,0.019667429027437587,0.2216410007545261,0.22020097994061438,2442,0.6281054150681282,0.6380027233264935,0.618208106809763,-0.634335899149681,-0.6313810201518996,-0.6376976999996389,-0.6370898801032477,824,-0.6543215686128349,-0.6483062421337173,875,580,0.9981531438190177,0.9886497870140855,0.9999467952551818,0.9963096985221236,t25,t25
m12_joint_hybrid_synergy,std_w0.85_s1.00,standard_gaussian,0.85,1.0,1.0,false,0.6347991913316047,0.633061118131463,0.0017380732001416321,0.014780611843687064,0.018347074313313467,0.1937846891402022,0.22192269872710854,0.22454230270461611,0.21091067161472066,2148,0.6343898727584834,0.6313810201519001,0.013021342320660132,0.019667429027437587,0.22166474801517944,0.22020097994061438,2442,0.6281931983541568,0.6381357139028351,0.6182506828054785,-0.6343898727584822,-0.6313810201518996,-0.6376911632472014,-0.6370898801032477,824,-0.6545035231338733,-0.6483062421337173,875,580,0.9989583287751226,0.9935058070936216,0.9999700700085495,0.9979177426312122,t25,t25
m12_joint_hybrid_synergy,std_w1.00_s0.15,standard_gaussian,1.0,0.15,1.0,true,0.6348776748799607,0.633061118131463,0.0018165567484976775,0.01506271590749618,0.018347074313313467,0.19640169051638687,0.22195660379177787,0.22464227757688746,0.21091067161472066,2148,0.6344651650773406,0.6313810201519001,0.013269705687567725,0.019667429027437587,0.22169788506488966,0.22020097994061438,2442,0.6283192113476559,0.6383234483339266,0.6183149743613853,-0.6344651650773397,-0.6313810201518996,-0.6376816569297239,-0.6370898801032477,824,-0.6547642952354207,-0.6483062421337173,875,580,1.0,1.0,1.0,1.0,t25,t25
m12_joint_hybrid_synergy,sta_w0.25,static_geometric,0.25,NaN,1.0,false,0.6311487111652002,0.633061118131463,-0.0019124069662628251,0.011563256885523504,0.018347074313313467,0.3127164277193055,0.22030415676033427,0.22004296990562178,0.21091067161472066,2148,0.630015128906896,0.6313810201519001,0.012967588966890715,0.019667429027437587,0.2196745661804823,0.22020097994061438,2442,0.6237377355036972,0.6294085325851,0.6180669384222943,-0.6300151289068951,-0.6313810201518996,-0.6374797257257238,-0.6370898801032477,824,-0.6440138841024601,-0.6483062421337173,875,580,0.25,0.25,0.25,0.0625,t25,t25
m12_joint_hybrid_synergy,sta_w0.40,static_geometric,0.4,NaN,1.0,false,0.630885717548983,0.633061118131463,-0.0021754005824800027,0.009311465588861315,0.018347074313313467,0.08296171839277293,0.22018260925553315,0.22015636638583436,0.21091067161472066,2148,0.6299858793948401,0.6313810201519001,0.00929907980349177,0.019667429027437587,0.21967800267878185,0.22020097994061438,2442,0.6235360232610043,0.6300245528036059,0.6170474937184028,-0.6299858793948403,-0.6313810201518996,-0.637463822287948,-0.6370898801032477,824,-0.6436794803040682,-0.6483062421337173,875,580,0.4,0.4,0.4,0.16000000000000003,t25,t25
m12_joint_hybrid_synergy,sta_w0.55,static_geometric,0.55,NaN,1.0,false,0.6311361681635698,0.633061118131463,-0.0019249499678932747,0.013278514291020196,0.018347074313313467,0.22354774891992024,0.22028332825188873,0.22065683462248312,0.21091067161472066,2148,0.6304331206309493,0.6313810201519001,0.010488201024428405,0.019667429027437587,0.21988214852668694,0.22020097994061438,2442,0.6239081332628815,0.6312622911756749,0.6165539753500882,-0.6304331206309497,-0.6313810201518996,-0.6374807544674718,-0.6370898801032477,824,-0.6446198784814258,-0.6483062421337173,875,580,0.55,0.55,0.55,0.30250000000000005,t25,t25
m12_joint_hybrid_synergy,sta_w0.70,static_geometric,0.7,NaN,1.0,false,0.6318898868619427,0.633061118131463,-0.0011712312695203453,0.01577601850759982,0.018347074313313467,0.18014908705903165,0.22061091452603254,0.2215627450383111,0.21091067161472066,2148,0.6313384003815082,0.6313810201519001,0.012352452935451964,0.019667429027437587,0.22028726868930776,0.22020097994061438,2442,0.624835814409951,0.6330794801864901,0.6165921486334119,-0.6313384003815081,-0.6313810201518996,-0.6375246863300492,-0.6370898801032477,824,-0.6468009692101223,-0.6483062421337173,875,580,0.7,0.7,0.7,0.48999999999999994,t25,t25
m12_joint_hybrid_synergy,sta_w0.85,static_geometric,0.85,NaN,1.0,false,0.6331388739228979,0.633061118131463,7.775579143487477e-5,0.01953409080382106,0.018347074313313467,0.17493524201270721,0.22116826946681542,0.22288818416184786,0.21091067161472066,2148,0.632686365148079,0.6313810201519001,0.018192622301158964,0.019667429027437587,0.22089291536952924,0.22020097994061438,2442,0.6263076706340905,0.6354419534779133,0.6171733877902679,-0.6326863651480782,-0.6313810201518996,-0.6375920588511834,-0.6370898801032477,824,-0.6501915734202202,-0.6483062421337173,875,580,0.85,0.85,0.85,0.7224999999999999,t25,t25
m12_joint_hybrid_synergy,sta_w1.00,static_geometric,1.0,NaN,1.0,true,0.6348776748799607,0.633061118131463,0.0018165567484976775,0.01506271590749618,0.018347074313313467,0.19640169051638687,0.22195660379177787,0.22464227757688746,0.21091067161472066,2148,0.6344651650773406,0.6313810201519001,0.013269705687567725,0.019667429027437587,0.22169788506488966,0.22020097994061438,2442,0.6283192113476559,0.6383234483339266,0.6183149743613853,-0.6344651650773397,-0.6313810201518996,-0.6376816569297239,-0.6370898801032477,824,-0.6547642952354207,-0.6483062421337173,875,580,1.0,1.0,1.0,1.0,t25,t25
m05_joint_production_wealth,inv_w0.25_s0.15,inverse_gaussian,0.25,0.15,1.0,false,0.6316602528524156,0.633061118131463,-0.0014008652790474807,0.015006700792587065,0.018347074313313467,0.04474283054457129,0.22046206814560892,0.2219703708262301,0.21091067161472066,2148,0.6314259767217073,0.6313810201519001,0.012192222258267481,0.019667429027437587,0.22026109195278126,0.22020097994061438,2442,0.625343082204827,0.6353769938782288,0.6153091705314252,-0.631425976721707,-0.6313810201518996,-0.6402754651786552,-0.6402389761854332,851,-0.6511611651218648,-0.6510763235992629,859,580,0.4302121736244386,0.2557383802867257,0.8702658704373777,0.18508279488421114,t25,t25
m05_joint_production_wealth,inv_w0.25_s0.25,inverse_gaussian,0.25,0.25,1.0,false,0.6304345005375219,0.633061118131463,-0.0026266175939411163,0.008324592790670575,0.018347074313313467,0.10259932862429288,0.21989860482373413,0.22091133653833053,0.21091067161472066,2148,0.6300159181900472,0.6313810201519001,0.004807130636902594,0.019667429027437587,0.2196202195967363,0.22020097994061438,2442,0.6239938724220141,0.6331503313804999,0.6148374134635284,-0.6300159181900464,-0.6313810201518996,-0.6402834263907861,-0.6402389761854332,851,-0.6476933516181265,-0.6510763235992629,859,580,0.320646362398779,0.25207089705837205,0.6012188670968254,0.10281414140644336,t25,t25
m05_joint_production_wealth,inv_w0.25_s0.35,inverse_gaussian,0.25,0.35,1.0,false,0.6302702903867858,0.633061118131463,-0.0027908277446772045,0.007647789706851488,0.018347074313313467,0.059612228102299714,0.21984844919466384,0.22047799112193217,0.21091067161472066,2148,0.6296189206107714,0.6313810201519001,0.006868501556171986,0.019667429027437587,0.21946543193628007,0.22020097994061438,2442,0.6234772135896218,0.6318601206613127,0.615094306517931,-0.6296189206107714,-0.6313810201518996,-0.6402251292623634,-0.6402389761854332,851,-0.6466029121815832,-0.6510763235992629,859,580,0.286916879720149,0.2510572957248838,0.45662694750944993,0.08232131069204764,t25,t25
m05_joint_production_wealth,inv_w0.25_s0.50,inverse_gaussian,0.25,0.5,1.0,false,0.6304437046180751,0.633061118131463,-0.002617413513387956,0.006566534259901824,0.018347074313313467,0.05434518217260492,0.21995523218981447,0.22025963050720937,0.21091067161472066,2148,0.6295803141034504,0.6313810201519001,0.007166699273081689,0.019667429027437587,0.2194697942820369,0.22020097994061438,2442,0.6232455077248307,0.6309618164357249,0.6155291990139365,-0.6295803141034515,-0.6313810201518996,-0.6401659148618749,-0.6402389761854332,851,-0.6463636600990128,-0.6510763235992629,859,580,0.26832213080585543,0.25051826131184923,0.3595589526007274,0.0719967696274073,t25,t25
m05_joint_production_wealth,inv_w0.25_s0.75,inverse_gaussian,0.25,0.75,1.0,false,0.6307225383984614,0.633061118131463,-0.0023385797330016667,0.005703838423290463,0.018347074313313467,0.09010062225263393,0.22010027127825638,0.22017801248744406,0.21091067161472066,2148,0.629716613440287,0.6313810201519001,0.006679683259205131,0.019667429027437587,0.21953922014646587,0.22020097994061438,2442,0.6232072406818062,0.6304564035060877,0.6159580778575247,-0.629716613440287,-0.6313810201518996,-0.640125077058318,-0.6402389761854332,851,-0.6465911880683953,-0.6510763235992629,859,580,0.2581991403227918,0.2502303825984764,0.3008340140946048,0.06666679682424209,t25,t25
m05_joint_production_wealth,inv_w0.25_s1.00,inverse_gaussian,0.25,1.0,1.0,false,0.6308731655419729,0.633061118131463,-0.0021879525894901164,0.0043064510815676825,0.018347074313313467,0.19063313596778186,0.22017463699829987,0.22016159502316845,0.21091067161472066,2148,0.6298142925344393,0.6313810201519001,0.0066137839273213315,0.019667429027437587,0.21958310117321045,0.22020097994061438,2442,0.6232274423695823,0.6302897965581122,0.6161650881810521,-0.629814292534439,-0.6313810201518996,-0.6401093574885209,-0.6402389761854332,851,-0.6467923934725297,-0.6510763235992629,859,580,0.2546231039706885,0.2501295989224369,0.27903246363907247,0.0648329253187207,t25,t25
m05_joint_production_wealth,inv_w0.40_s0.15,inverse_gaussian,0.4,0.15,1.0,false,0.631963548479251,0.633061118131463,-0.0010975696522120826,0.015486011869129401,0.018347074313313467,0.024985154264255904,0.22060417786567418,0.2222830470790811,0.21091067161472066,2148,0.6317100681697991,0.6313810201519001,0.013372709147918492,0.019667429027437587,0.22039686216633217,0.22020097994061438,2442,0.6255256626103084,0.6356667240923306,0.615384601128286,-0.6317100681697987,-0.6313810201518996,-0.6401379391839924,-0.6402389761854332,851,-0.6521045926406238,-0.6510763235992629,859,580,0.5441697388995509,0.40459070422938054,0.8962126963499022,0.2961208842857155,t25,t25
m05_joint_production_wealth,inv_w0.40_s0.25,inverse_gaussian,0.4,0.25,1.0,false,0.6307975919727712,0.633061118131463,-0.002263526158691853,0.0114782543406986,0.018347074313313467,0.03334155403873251,0.22006891269333664,0.221276184009514,0.21091067161472066,2148,0.6304203360794421,0.6313810201519001,0.009281098190592939,0.019667429027437587,0.2198104593742555,0.22020097994061438,2442,0.6242361129797275,0.6336708770364617,0.614801348922993,-0.6304203360794429,-0.6313810201518996,-0.6401311265203141,-0.6402389761854332,851,-0.648902838097482,-0.6510763235992629,859,580,0.45651708991902323,0.40165671764669764,0.6809750936774603,0.20840788646773306,t25,t25
m05_joint_production_wealth,inv_w0.40_s0.35,inverse_gaussian,0.4,0.35,1.0,false,0.6305074440512847,0.633061118131463,-0.0025536740801783697,0.008227851101787762,0.018347074313313467,0.04806865755292389,0.21995642181690309,0.22080136593513758,0.21091067161472066,2148,0.6299647805987745,0.6313810201519001,0.00728026921048299,0.019667429027437587,0.21962406004855795,0.22020097994061438,2442,0.6236500192177362,0.6324639166629831,0.6148361217724893,-0.6299647805987737,-0.6313810201518996,-0.6400734733172464,-0.6402389761854332,851,-0.647661338935692,-0.6510763235992629,859,580,0.4295335037761192,0.400845836579907,0.56530155800756,0.18449904035335818,t25,t25
m05_joint_production_wealth,inv_w0.40_s0.50,inverse_gaussian,0.4,0.5,1.0,false,0.6304887532358167,0.633061118131463,-0.002572364895646384,0.00517080824947509,0.018347074313313467,0.2780907531091097,0.21997157397976339,0.22050846179697592,0.21091067161472066,2148,0.6297943074330217,0.6313810201519001,0.004526327870880082,0.019667429027437587,0.21956679596493056,0.22020097994061438,2442,0.6232929482918157,0.6315697519866236,0.6150161445970077,-0.6297943074330207,-0.6313810201518996,-0.6400147243145473,-0.6402389761854332,851,-0.6470880041304256,-0.6510763235992629,859,580,0.4146577046446844,0.4004146090494794,0.48764716208058195,0.17194101441941442,t25,t25
m05_joint_production_wealth,inv_w0.40_s0.75,inverse_gaussian,0.4,0.75,1.0,false,0.6305816614106916,0.633061118131463,-0.0024794567207714335,0.003605540649696464,0.018347074313313467,0.2396310835000932,0.220031638028281,0.22035351471327624,0.21091067161472066,2148,0.6297835539549541,0.6313810201519001,0.0038749451548362596,0.019667429027437587,0.21957322768420803,0.22020097994061438,2442,0.6231172320283608,0.6310151874783485,0.6152192765783728,-0.629783553954955,-0.6313810201518996,-0.6399730280773565,-0.6402389761854332,851,-0.6469342918163907,-0.6510763235992629,859,580,0.40655931225823344,0.40018430607878114,0.4406672112756838,0.16529047487080833,t25,t25
m05_joint_production_wealth,inv_w0.40_s1.00,inverse_gaussian,0.4,1.0,1.0,false,0.6306440146335761,0.633061118131463,-0.00241710349788693,0.0052666811052573944,0.018347074313313467,0.09055664020150206,0.22006690931723139,0.2203029846188942,0.21091067161472066,2148,0.6298065280994835,0.6313810201519001,0.00524242969826123,0.019667429027437587,0.2195867016670943,0.22020097994061438,2442,0.6230672672483221,0.6308128068513345,0.6153217276453095,-0.6298065280994836,-0.6313810201518996,-0.6399566180537181,-0.6402389761854332,851,-0.6469383988584343,-0.6510763235992629,859,580,0.40369848317655077,0.40010367913794953,0.423225970911258,0.1629724654746016,t25,t25
m05_joint_production_wealth,inv_w0.55_s0.15,inverse_gaussian,0.55,0.15,1.0,false,0.6323305213395393,0.633061118131463,-0.0007305967919237766,0.015111169347953696,0.018347074313313467,0.04445856624783884,0.22077546783088164,0.2226459295248897,0.21091067161472066,2148,0.6320524309177221,0.6313810201519001,0.012509943761941636,0.019667429027437587,0.2205590503563362,0.22020097994061438,2442,0.6257864415226709,0.6360455577764382,0.6155273252689039,-0.6320524309177216,-0.6313810201518996,-0.6400207611445607,-0.6402389761854332,851,-0.653168608200005,-0.6510763235992629,859,580,0.6581273041746631,0.5534430281720354,0.9221595222624266,0.4331316494980465,t25,t25
m05_joint_production_wealth,inv_w0.55_s0.25,inverse_gaussian,0.55,0.25,1.0,false,0.6313178770717075,0.633061118131463,-0.0017432410597555403,0.013522013691095992,0.018347074313313467,0.06551114014053838,0.22031056050154274,0.2217701328510056,0.21091067161472066,2148,0.6309649953503609,0.6313810201519001,0.010109491542907233,0.019667429027437587,0.22006407395583358,0.22020097994061438,2442,0.624660880751046,0.6343883078270119,0.61493345367508,-0.63096499535036,-0.6313810201518996,-0.640006717083516,-0.6402389761854332,851,-0.6504479683581614,-0.6510763235992629,859,580,0.5923878174392674,0.5512425382350232,0.7607313202580952,0.3509233448577336,t25,t25
m05_joint_production_wealth,inv_w0.55_s0.35,inverse_gaussian,0.55,0.35,1.0,false,0.6309823950971629,0.633061118131463,-0.002078723034300123,0.013203536447204796,0.018347074313313467,0.034858782810308075,0.22017166916305295,0.2213161831015922,0.21091067161472066,2148,0.6305217998860223,0.6313810201519001,0.011376794444759471,0.019667429027437587,0.21987747427901794,0.22020097994061438,2442,0.624092237978933,0.6333545629171577,0.6148299130407079,-0.630521799886024,-0.6313810201518996,-0.6399558205541949,-0.6402389761854332,851,-0.6492434892796614,-0.6510763235992629,859,580,0.5721501278320894,0.5506343774349304,0.67397616850567,0.32735577411480865,t25,t25
m05_joint_production_wealth,inv_w0.55_s0.50,inverse_gaussian,0.55,0.5,1.0,false,0.6308523572138797,0.633061118131463,-0.0022087609175833745,0.010784088563617953,0.018347074313313467,0.03990292342447033,0.22012990580056557,0.2210051444909488,0.21091067161472066,2148,0.6302926927916372,0.6313810201519001,0.009224845944371831,0.019667429027437587,0.21978917683715257,0.22020097994061438,2442,0.6236981403352598,0.6325584318642261,0.6148378488062934,-0.6302926927916384,-0.6313810201518996,-0.6399036353461545,-0.6402389761854332,851,-0.6485347117465609,-0.6510763235992629,859,580,0.5609932784835133,0.5503109567871096,0.6157353715604365,0.3147134598526773,t25,t25
m05_joint_production_wealth,inv_w0.55_s0.75,inverse_gaussian,0.55,0.75,1.0,false,0.6308269459884515,0.633061118131463,-0.0022341721430115813,0.010261934577001407,0.018347074313313467,0.27718777779078807,0.2201323861391896,0.22081847899794924,0.21091067161472066,2148,0.6301992191130577,0.6313810201519001,0.008892973376233413,0.019667429027437587,0.21975742131181245,0.22020097994061438,2442,0.6234617058669403,0.6320385756870202,0.6148848360468606,-0.6301992191130567,-0.6313810201518996,-0.639865829460856,-0.6402389761854332,851,-0.6481784420586172,-0.6510763235992629,859,580,0.5549194841936751,0.5501382295590859,0.5805004084567629,0.30793563421166725,t25,t25
m05_joint_production_wealth,inv_w0.55_s1.00,inverse_gaussian,0.55,1.0,1.0,false,0.6308314709582296,0.633061118131463,-0.0022296471732334844,0.009518676954747146,0.018347074313313467,0.2651802623625673,0.22014030317769942,0.2207507708247124,0.21091067161472066,2148,0.6301775732531366,0.6313810201519001,0.009471529961292592,0.019667429027437587,0.21975143280022416,0.22020097994061438,2442,0.62337721314189,0.6318400735027969,0.614914352780983,-0.6301775732531367,-0.6313810201518996,-0.6398507297376534,-0.6402389761854332,851,-0.6480701513248078,-0.6510763235992629,859,580,0.5527738623824132,0.5500777593534623,0.5674194781834436,0.30555894302067,t25,t25
m05_joint_production_wealth,inv_w0.70_s0.15,inverse_gaussian,0.7,0.15,1.0,false,0.6327607960834488,0.633061118131463,-0.00030032204801422324,0.016927465900534875,0.018347074313313467,0.07941178450483977,0.22097585153348587,0.22305900601447232,0.21091067161472066,2148,0.632452664656164,0.6313810201519001,0.013712068687886039,0.019667429027437587,0.22074754266864952,0.22020097994061438,2442,0.6261260810184905,0.6365135290036932,0.6157386330332881,-0.6324526646561645,-0.6313810201518996,-0.6399232784931855,-0.6402389761854332,851,-0.6543529273391164,-0.6510763235992629,859,580,0.7720848694497754,0.7022953521146902,0.9481063481749511,0.5961150905212043,t25,t25
m05_joint_production_wealth,inv_w0.70_s0.25,inverse_gaussian,0.7,0.25,1.0,false,0.6319941321747231,0.633061118131463,-0.0010669859567399298,0.015155827657672464,0.018347074313313467,0.099251352974285,0.22062361286488769,0.222394289099173,0.21091067161472066,2148,0.6316483297427044,0.6313810201519001,0.011122898981211347,0.019667429027437587,0.22038088554330437,0.22020097994061438,2442,0.6252693735551325,0.6353018855907405,0.6152368615195245,-0.631648329742705,-0.6313810201518996,-0.6399084634857758,-0.6402389761854332,851,-0.6523272727928434,-0.6510763235992629,859,580,0.7282585449595116,0.7008283588233488,0.8404875468387302,0.5303605165764448,t25,t25
m05_joint_production_wealth,inv_w0.70_s0.35,inverse_gaussian,0.7,0.35,1.0,false,0.6316926337234313,0.633061118131463,-0.0013684844080317227,0.015653440041425687,0.018347074313313467,0.0823249390720257,0.22049459283519668,0.2220255581139895,0.21091067161472066,2148,0.6312863532173928,0.6313810201519001,0.011944177435775773,0.019667429027437587,0.22022541898342435,0.22020097994061438,2442,0.6248042410994483,0.6345283994617497,0.615080082737147,-0.6312863532173929,-0.6313810201518996,-0.6398696791200696,-0.6402389761854332,851,-0.6513443533156614,-0.6510763235992629,859,580,0.7147667518880596,0.7004229182899535,0.78265077900378,0.510891511976399,t25,t25
m05_joint_production_wealth,inv_w0.70_s0.50,inverse_gaussian,0.7,0.5,1.0,false,0.6315297973362634,0.633061118131463,-0.0015313207951996866,0.014675812460719907,0.018347074313313467,0.09413262956732522,0.22043118754731997,0.22175588893088827,0.21091067161472066,2148,0.6310681584739906,0.6313810201519001,0.01160748396366269,0.019667429027437587,0.2201365242465074,0.22020097994061438,2442,0.6244584295278398,0.6339174626842128,0.6149993963714668,-0.6310681584739917,-0.6313810201518996,-0.6398295782524491,-0.6402389761854332,851,-0.6506908047627512,-0.6510763235992629,859,580,0.7073288523223422,0.7002073045247397,0.7438235810402909,0.5003141059271957,t25,t25
m05_joint_production_wealth,inv_w0.70_s0.75,inverse_gaussian,0.7,0.75,1.0,false,0.6314509346115494,0.633061118131463,-0.0016101835199135994,0.014138641916306635,0.018347074313313467,0.061187468332478456,0.22040423519671729,0.22158273701336256,0.21091067161472066,2148,0.6309515312135751,0.6313810201519001,0.011426594537502279,0.019667429027437587,0.22009118825658217,0.22020097994061438,2442,0.6242331221602573,0.6335066279328142,0.6149596163877004,-0.6309515312135756,-0.6313810201518996,-0.6398000338851946,-0.6402389761854332,851,-0.6502993441490694,-0.6510763235992629,859,580,0.7032796561291167,0.7000921530393904,0.7203336056378419,0.49460227484681873,t25,t25
m05_joint_production_wealth,inv_w0.70_s1.00,inverse_gaussian,0.7,1.0,1.0,false,0.6314265914768931,0.633061118131463,-0.0016345266545699788,0.014484126422786521,0.018347074313313467,0.06029706854991823,0.22039700398895623,0.22151673827640433,0.21091067161472066,2148,0.6309126646055396,0.6313810201519001,0.012119609763899744,0.019667429027437587,0.22007657595023153,0.22020097994061438,2442,0.6241467534058217,0.6333460786595262,0.6149474281521174,-0.6309126646055394,-0.6313810201518996,-0.6397880990992036,-0.6402389761854332,851,-0.6501567898764973,-0.6510763235992629,859,580,0.7018492415882753,0.7000518395689748,0.7116129854556289,0.4925923579569257,t25,t25
m05_joint_production_wealth,inv_w0.85_s0.15,inverse_gaussian,0.85,0.15,1.0,false,0.6332539796632567,0.633061118131463,0.00019286153179365328,0.019297533104612023,0.018347074313313467,0.11907013384863163,0.2212052111885351,0.2235221667952081,0.21091067161472066,2148,0.6329103694965651,0.6313810201519001,0.015140286490507443,0.019667429027437587,0.2209622067848502,0.22020097994061438,2442,0.6265454752419662,0.6370709391955919,0.6160200112883406,-0.632910369496566,-0.6313810201518996,-0.6398449359770391,-0.6402389761854332,851,-0.6556571462010444,-0.6510763235992629,859,580,0.8860424347248876,0.8511476760573451,0.9740531740874756,0.7850712073551888,t25,t25
m05_joint_production_wealth,inv_w0.85_s0.25,inverse_gaussian,0.85,0.25,1.0,false,0.6328251335101985,0.633061118131463,-0.0002359846212645067,0.018096137651186648,0.018347074313313467,0.12949817037891898,0.22100797609021647,0.22314927171504326,0.21091067161472066,2148,0.6324688493078611,0.6313810201519001,0.013593794187881442,0.019667429027437587,0.2207606170070924,0.22020097994061438,2442,0.6260634734287925,0.6364116376146919,0.6157153092428931,-0.6324688493078627,-0.6313810201518996,-0.6398349879862132,-0.6402389761854332,851,-0.6545389238745004,-0.6510763235992629,859,580,0.8641292724797558,0.8504141794116744,0.920243773419365,0.746719401623867,t25,t25
m05_joint_production_wealth,inv_w0.85_s0.35,inverse_gaussian,0.85,0.35,1.0,false,0.63263579209844,0.633061118131463,-0.0004253260330230324,0.01834608529788479,0.018347074313313467,0.13871240631771609,0.2209252587505531,0.22293156492871777,0.21091067161472066,2148,0.6322551280704497,0.6313810201519001,0.013246823946655129,0.019667429027437587,0.22066744140819164,0.22020097994061438,2442,0.6257877313846504,0.635983237910165,0.6155922248591356,-0.6322551280704505,-0.6313810201518996,-0.6398132165403433,-0.6402389761854332,851,-0.65395862780478,-0.6510763235992629,859,580,0.8573833759440297,0.8502114591449768,0.89132538950189,0.7351062539381295,t25,t25
m05_joint_production_wealth,inv_w0.85_s0.50,inverse_gaussian,0.85,0.5,1.0,false,0.6325168140165172,0.633061118131463,-0.0005443041149458816,0.018936209929833654,0.018347074313313467,0.13808329624194082,0.2208757683460384,0.22276508232453798,0.21091067161472066,2148,0.6321141925756764,0.6313810201519001,0.01380753189912066,0.019667429027437587,0.22060810984754942,0.22020097994061438,2442,0.625573573335564,0.6356391270588723,0.6155080196122558,-0.6321141925756768,-0.6313810201518996,-0.6397904765105834,-0.6402389761854332,851,-0.6535435864992346,-0.6510763235992629,859,580,0.853664426161171,0.8501036522623697,0.8719117905201454,0.72874295264297,t25,t25
m05_joint_production_wealth,inv_w0.85_s0.75,inverse_gaussian,0.85,0.75,1.0,false,0.6324470376479389,0.633061118131463,-0.000614080483524182,0.019630616830656485,0.018347074313313467,0.11185331877420135,0.22084795476682023,0.22265350563167782,0.21091067161472066,2148,0.6320298557735977,0.6313810201519001,0.014948486195292923,0.019667429027437587,0.22057349555896322,0.22020097994061438,2442,0.625427764030616,0.6354036969293804,0.6154518311318513,-0.6320298557735972,-0.6313810201518996,-0.6397734682801768,-0.6402389761854332,851,-0.6532739525998762,-0.6510763235992629,859,580,0.8516398280645583,0.8500460765196953,0.8601668028189209,0.725290396776263,t25,t25
m05_joint_production_wealth,inv_w0.85_s1.00,inverse_gaussian,0.85,1.0,1.0,false,0.6324215189264463,0.633061118131463,-0.000639599205016772,0.019908168145989006,0.018347074313313467,0.08778144958823197,0.22083805327763784,0.22260969238711556,0.21091067161472066,2148,0.6319988410044965,0.6313810201519001,0.015700778310181296,0.019667429027437587,0.22056094601657047,0.22020097994061438,2442,0.6253700057332676,0.6353105491860227,0.6154294622805123,-0.6319988410044965,-0.6313810201518996,-0.6397665307397513,-0.6402389761854332,851,-0.6531692667305221,-0.6510763235992629,859,580,0.8509246207941377,0.8500259197844874,0.8558064927278145,0.7240727102833692,t25,t25
m05_joint_production_wealth,inv_w1.00_s0.15,inverse_gaussian,1.0,0.15,1.0,true,0.633809660720174,0.633061118131463,0.000748542588710932,0.017940470262691816,0.018347074313313467,0.12503165820865836,0.22146339756741482,0.22403520433970808,0.21091067161472066,2148,0.6334251458234493,0.6313810201519001,0.014284294446890174,0.019667429027437587,0.22120289182162403,0.22020097994061438,2442,0.6270457522503458,0.63771835774312,0.6163731467575714,-0.6334251458234498,-0.6313810201518996,-0.6397852742540557,-0.6402389761854332,851,-0.65708074199572,-0.6510763235992629,859,580,1.0,1.0,1.0,1.0,t25,t25
m05_joint_production_wealth,std_w0.25_s0.15,standard_gaussian,0.25,0.15,1.0,false,0.6317756670871233,0.633061118131463,-0.001285451044339747,0.009305856679157874,0.018347074313313467,0.3161769479850076,0.2206303935331366,0.22085524173154403,0.21091067161472066,2148,0.6307663552542258,0.6313810201519001,0.00894006966114281,0.019667429027437587,0.22004546666514152,0.22020097994061438,2442,0.6233249810524625,0.6307059377755839,0.6159440243293409,-0.6307663552542268,-0.6313810201518996,-0.6395637560437168,-0.6402389761854332,851,-0.64974644699405,-0.6510763235992629,859,580,0.8197878263755614,0.3797341295626219,0.9942616197132743,0.6720523608231147,t25,t25
m05_joint_production_wealth,std_w0.25_s0.25,standard_gaussian,0.25,0.25,1.0,false,0.6324405185056045,0.633061118131463,-0.0006205996258585866,0.010769862324638122,0.018347074313313467,0.7812647445788494,0.22092811998805145,0.2215549455337437,0.21091067161472066,2148,0.631651960991408,0.6313810201519001,0.01040688362822245,0.019667429027437587,0.22044970306760733,0.22020097994061438,2442,0.6240664438541085,0.6323296636667052,0.6158032240415118,-0.6316519609914075,-0.6313810201518996,-0.6394846408287119,-0.6402389761854332,851,-0.6517718124663807,-0.6510763235992629,859,580,0.929353637601221,0.6487811329031742,0.9979291029416281,0.863698235409496,t25,t25
m05_joint_production_wealth,std_w0.25_s0.35,standard_gaussian,0.25,0.35,1.0,false,0.6327680138086725,0.633061118131463,-0.000293104322790505,0.014295068991433457,0.018347074313313467,0.25140957277723364,0.2210548385376733,0.22220923638725754,0.21091067161472066,2148,0.6321487206395802,0.6313810201519001,0.012739329427517161,0.019667429027437587,0.2206688181097479,0.22020097994061438,2442,0.6247558346564863,0.6338200838052275,0.6156915855077452,-0.6321487206395799,-0.6313810201518996,-0.6395266717079667,-0.6402389761854332,851,-0.653058614880894,-0.6510763235992629,859,580,0.963083120279851,0.7933730524905498,0.9989427042751161,0.927529111391675,t25,t25
m05_joint_production_wealth,std_w0.25_s0.50,standard_gaussian,0.25,0.5,1.0,false,0.6330998924966008,0.633061118131463,3.877436513777255e-5,0.01808515012014425,0.018347074313313467,0.2914312428164283,0.22117995889762385,0.22287479684386924,0.21091067161472066,2148,0.6326019367987994,0.6313810201519001,0.01648351260220583,0.019667429027437587,0.22086116182267201,0.22020097994061438,2442,0.625545582774189,0.6353218198763771,0.615769345672001,-0.6326019367987983,-0.6313810201518996,-0.6396126691954941,-0.6402389761854332,851,-0.6543899021552743,-0.6510763235992629,859,580,0.9816778691941446,0.8904410473992725,0.9994817386881507,0.9636914426127687,t25,t25
m05_joint_production_wealth,std_w0.25_s0.75,standard_gaussian,0.25,0.75,1.0,false,0.6334134602628749,0.633061118131463,0.00035234213141188686,0.017713667879931026,0.018347074313313467,0.11554566058641202,0.22130212750466075,0.22342351501734073,0.21091067161472066,2148,0.6329829682616069,0.6313810201519001,0.013769252713961434,0.019667429027437587,0.22101916318620649,0.22020097994061438,2442,0.6262432104016904,0.6365017535908146,0.6159846672125664,-0.6329829682616066,-0.6313810201518996,-0.6396938428366503,-0.6402389761854332,851,-0.6556041469318638,-0.6510763235992629,859,580,0.9918008596772082,0.9491659859053951,0.9997696174015236,0.9836689460172626,t25,t25
m05_joint_production_wealth,std_w0.25_s1.00,standard_gaussian,0.25,1.0,1.0,false,0.6335656272440174,0.633061118131463,0.0005045091125543966,0.01681320178890791,0.018347074313313467,0.10583874805744209,0.22136319587042208,0.2236671494271012,0.21091067161472066,2148,0.6331568909873247,0.6313810201519001,0.013396196047814942,0.019667429027437587,0.2210911861251857,0.22020097994061438,2442,0.626560842623424,0.6370001963132832,0.6161214889335649,-0.6331568909873246,-0.6313810201518996,-0.6397304803009527,-0.6402389761854332,851,-0.6561783093932276,-0.6510763235992629,859,580,0.9953768960293115,0.9709675363609275,0.9998704010775631,0.9907751653919995,t25,t25
m05_joint_production_wealth,std_w0.40_s0.15,standard_gaussian,0.4,0.15,1.0,false,0.6316523186943394,0.633061118131463,-0.0014087994371236867,0.009378977303633188,0.018347074313313467,0.08533954471443206,0.22055931274028104,0.221112849142207,0.21091067161472066,2148,0.6308064788805609,0.6313810201519001,0.00902745568963255,0.019667429027437587,0.22006632915304306,0.22020097994061438,2442,0.6234675863644036,0.6315016568775144,0.6154335158512931,-0.6308064788805603,-0.6313810201518996,-0.6395661380742185,-0.6402389761854332,851,-0.6498515867445864,-0.6510763235992629,859,580,0.8558302611004491,0.5037873036500976,0.9954092957706194,0.7324456153669732,t25,t25
m05_joint_production_wealth,std_w0.40_s0.25,standard_gaussian,0.4,0.25,1.0,false,0.632466904662473,0.633061118131463,-0.0005942134689900236,0.013514255239417003,0.018347074313313467,0.2589070060485982,0.22092348691721045,0.22188109140008994,0.21091067161472066,2148,0.6317741182055625,0.6313810201519001,0.013793278055870216,0.019667429027437587,0.22050306008747378,0.22020097994061438,2442,0.6243839665842569,0.6331430946838752,0.6156248384846384,-0.6317741182055608,-0.6313810201518996,-0.6395237232217397,-0.6402389761854332,851,-0.6521675326404804,-0.6510763235992629,859,580,0.9434829100809767,0.7190249063225393,0.9983432823533025,0.890160034694468,t25,t25
m05_joint_production_wealth,std_w0.40_s0.35,standard_gaussian,0.4,0.35,1.0,false,0.6328632353211785,0.633061118131463,-0.00019788281028454424,0.015364107296681279,0.018347074313313467,0.2211146247625273,0.22108449238365832,0.22249625799855705,0.21091067161472066,2148,0.6322982944444656,0.6313810201519001,0.013844377431331415,0.019667429027437587,0.22073105641089186,0.22020097994061438,2442,0.6250900146337622,0.6344944561243056,0.6156855731432189,-0.6322982944444661,-0.6313810201518996,-0.6395688758225341,-0.6402389761854332,851,-0.6535533791522256,-0.6510763235992629,859,580,0.9704664962238808,0.8346984419924399,0.999154163420093,0.9418052297802244,t25,t25
m05_joint_production_wealth,std_w0.40_s0.50,standard_gaussian,0.4,0.5,1.0,false,0.6332020605190822,0.633061118131463,0.00014094238761919176,0.019097326891758814,0.018347074313313467,0.0977862969452874,0.22121782482787872,0.22307847398454275,0.21091067161472066,2148,0.6327300572159121,0.6313810201519001,0.014624283477803946,0.019667429027437587,0.22091360340939384,0.22020097994061438,2442,0.6258032868270007,0.6357701660731304,0.6158364075808709,-0.6327300572159098,-0.6313810201518996,-0.6396439746486191,-0.6402389761854332,851,-0.654819412477622,-0.6510763235992629,859,580,0.9853422953553157,0.912352837919418,0.9995853909505207,0.9708994414142982,t25,t25
m05_joint_production_wealth,std_w0.40_s0.75,standard_gaussian,0.4,0.75,1.0,false,0.633482656144903,0.633061118131463,0.0004215380134399149,0.016603046180242605,0.018347074313313467,0.10501308364433692,0.22132953265999822,0.22353840135009573,0.21091067161472066,2148,0.6330623600209049,0.6313810201519001,0.013247975940556276,0.019667429027437587,0.22105184280115228,0.22020097994061438,2442,0.6263931925595614,0.6367384404754375,0.6160479446436853,-0.633062360020905,-0.6313810201518996,-0.6397113545843407,-0.6402389761854332,851,-0.6558723955358702,-0.6510763235992629,859,580,0.9934406877417665,0.9593327887243162,0.9998156939212188,0.9869244005477547,t25,t25
m05_joint_production_wealth,std_w0.40_s1.00,standard_gaussian,0.4,1.0,1.0,false,0.6336109347954976,0.633061118131463,0.0005498166640345303,0.0176692743197931,0.018347074313313467,0.13565970767601143,0.22138153485106704,0.22373811508159538,0.21091067161472066,2148,0.6332074189625028,0.6313810201519001,0.013638561573952051,0.019667429027437587,0.22111210426449707,0.22020097994061438,2442,0.6266541687495563,0.6371416856489976,0.6161666518501147,-0.6332074189625017,-0.6313810201518996,-0.6397411756646201,-0.6402389761854332,851,-0.6563494474078061,-0.6510763235992629,859,580,0.9963015168234493,0.976774029088742,0.9998963208620505,0.9926167125802594,t25,t25
m05_joint_production_wealth,std_w0.55_s0.15,standard_gaussian,0.55,0.15,1.0,false,0.6318010984384939,0.633061118131463,-0.0012600196929691831,0.013508137328921695,0.018347074313313467,0.2338224084858489,0.22060553058006654,0.22155153479682466,0.21091067161472066,2148,0.6311055389945389,0.6313810201519001,0.013620315552261843,0.019667429027437587,0.2201936600069678,0.22020097994061438,2442,0.6239239053688849,0.6326287042777665,0.615219106460003,-0.6311055389945383,-0.6313810201518996,-0.6395886137014422,-0.6402389761854332,851,-0.6506724862746972,-0.6510763235992629,859,580,0.8918726958253369,0.6278404777375731,0.9965569718279647,0.7954370065565908,t25,t25
m05_joint_production_wealth,std_w0.55_s0.25,standard_gaussian,0.55,0.25,1.0,false,0.6326197534010409,0.633061118131463,-0.00044136473042211133,0.014219128981833005,0.018347074313313467,0.21926357741245428,0.22097390718750473,0.22228890373381133,0.21091067161472066,2148,0.6320185682455047,0.6313810201519001,0.012920519330408916,0.019667429027437587,0.22060546450825574,0.22020097994061438,2442,0.6248469705433288,0.6341026147174857,0.615591326369172,-0.6320185682455056,-0.6313810201518996,-0.6395727939951684,-0.6402389761854332,851,-0.6529141858450761,-0.6510763235992629,859,580,0.9576121825607327,0.7892686797419046,0.9987574617649768,0.9170211107960047,t25,t25
m05_joint_production_wealth,std_w0.55_s0.35,standard_gaussian,0.55,0.35,1.0,false,0.6330157568788666,0.633061118131463,-4.5361252596465285e-5,0.018139140527053642,0.018347074313313467,0.2951810923035276,0.22113984073556392,0.2228210118739967,0.21091067161472066,2148,0.6325028113846313,0.6313810201519001,0.016280470689007273,0.019667429027437587,0.2208156419058662,0.22020097994061438,2442,0.6254879810749003,0.6352262523060577,0.6157497098437431,-0.6325028113846322,-0.6313810201518996,-0.6396156699359968,-0.6402389761854332,851,-0.6542095711566387,-0.6510763235992629,859,580,0.9778498721679105,0.8760238314943298,0.9993656225650698,0.9561903778353316,t25,t25
m05_joint_production_wealth,std_w0.55_s0.50,standard_gaussian,0.55,0.5,1.0,false,0.6333242116955485,0.633061118131463,0.00026309356408549256,0.017106164959513472,0.018347074313313467,0.11476496663164892,0.22126501760022355,0.2232959722141321,0.21091067161472066,2148,0.6328768455844983,0.6313810201519001,0.013269327972257642,0.019667429027437587,0.22097399175536991,0.22020097994061438,2442,0.6260824131494076,0.6362349592600403,0.6159298670387748,-0.6328768455844977,-0.6313810201518996,-0.6396768552921757,-0.6402389761854332,851,-0.6553046811304248,-0.6510763235992629,859,580,0.9890067215164867,0.9342646284395635,0.9996890432128904,0.978134296553786,t25,t25
m05_joint_production_wealth,std_w0.55_s0.75,standard_gaussian,0.55,0.75,1.0,false,0.6335568760866193,0.633061118131463,0.0004957579551562175,0.01679556182690708,0.018347074313313467,0.10581546971880673,0.221359350598547,0.22365695385185622,0.21091067161472066,2148,0.6331463167508974,0.6313810201519001,0.013382170634381583,0.019667429027437587,0.22108655316121056,0.22020097994061438,2442,0.626548447673186,0.6369785569006022,0.6161183384457698,-0.633146316750898,-0.6313810201518996,-0.6397292498248923,-0.6402389761854332,851,-0.6561543573136216,-0.6510763235992629,859,580,0.995080515806325,0.9694995915432371,0.9998617704409142,0.9901852332112746,t25,t25
m05_joint_production_wealth,std_w0.55_s1.00,standard_gaussian,0.55,1.0,1.0,false,0.6336579914066014,0.633061118131463,0.0005968732751383543,0.01691254024209561,0.018347074313313467,0.12438682851335636,0.2214007220591175,0.22381039022242266,0.21091067161472066,2148,0.633259516315899,0.6313810201519001,0.013392322837766202,0.019667429027437587,0.22113373330941982,0.22020097994061438,2442,0.6267493223460328,0.6372842684958776,0.6162143761961879,-0.6332595163158999,-0.6313810201518996,-0.639752002000278,-0.6402389761854332,851,-0.656525295907049,-0.6510763235992629,859,580,0.9972261376175868,0.9825805218165566,0.9999222406465379,0.9944599696351892,t25,t25
m05_joint_production_wealth,std_w0.70_s0.15,standard_gaussian,0.7,0.15,1.0,false,0.6322143214693617,0.633061118131463,-0.0008467966621013012,0.01420473293517405,0.018347074313313467,0.2948844260305584,0.22077100374859554,0.22218018696572156,0.21091067161472066,2148,0.6316494500851911,0.6313810201519001,0.01292684793107288,0.019667429027437587,0.22042637379439448,0.22020097994061438,2442,0.6246789630369849,0.6340568114442736,0.615301114629696,-0.6316494500851909,-0.6313810201518996,-0.6396318180059477,-0.6402389761854332,851,-0.6521725485063732,-0.6510763235992629,859,580,0.9279151305502246,0.7518936518250487,0.9977046478853098,0.8610265343919679,t25,t25
m05_joint_production_wealth,std_w0.70_s0.25,standard_gaussian,0.7,0.25,1.0,false,0.632896091233196,0.633061118131463,-0.00016502689826702888,0.018047014835672413,0.018347074313313467,0.09369984113855316,0.22108032362314176,0.22278183399010754,0.21091067161472066,2148,0.632378873463174,0.6313810201519001,0.015007652195012574,0.019667429027437587,0.22075652367249027,0.22020097994061438,2442,0.6254483125739355,0.6351933542752479,0.615703270872623,-0.6323788734631733,-0.6313810201518996,-0.6396323519092348,-0.6402389761854332,851,-0.6539931170450818,-0.6510763235992629,859,580,0.9717414550404884,0.8595124531612697,0.9991716411766512,0.9442814637141054,t25,t25
m05_joint_production_wealth,std_w0.70_s0.35,standard_gaussian,0.7,0.35,1.0,false,0.6332247692549106,0.633061118131463,0.00016365112344751687,0.017629165279041185,0.018347074313313467,0.08791509257804053,0.22122126210994314,0.22318487907317847,0.21091067161472066,2148,0.6327600701747788,0.6313810201519001,0.014076352125794667,0.019667429027437587,0.22092252470694917,0.22020097994061438,2442,0.6259476067299117,0.6360104393730028,0.6158847740868203,-0.6327600701747788,-0.6313810201518996,-0.639667216972156,-0.6402389761854332,851,-0.6550203825408174,-0.6510763235992629,859,580,0.9852332481119404,0.91734922099622,0.9995770817100464,0.9706845555569965,t25,t25
m05_joint_production_wealth,std_w0.70_s0.50,standard_gaussian,0.7,0.5,1.0,false,0.6334662469693008,0.633061118131463,0.00040512883783772047,0.01695389481369355,0.018347074313313467,0.10511819825074364,0.2213216281652495,0.22352767621172112,0.21091067161472066,2148,0.6330418773465724,0.6313810201519001,0.01355375167969487,0.019667429027437587,0.22104233487223143,0.22020097994061438,2442,0.6263826664457579,0.636715199561242,0.6160501333302739,-0.6330418773465722,-0.6313810201518996,-0.6397113432420302,-0.6402389761854332,851,-0.6558442538728669,-0.6510763235992629,859,580,0.9926711476776579,0.956176418959709,0.9997926954752603,0.9853960080312324,t25,t25
m05_joint_production_wealth,std_w0.70_s0.75,standard_gaussian,0.7,0.75,1.0,false,0.6336361176165567,0.633061118131463,0.0005749994850936524,0.01780055546269739,0.018347074313313467,0.13579702291025686,0.22139159346694287,0.22377923257300703,0.21091067161472066,2148,0.6332347941897025,0.6313810201519001,0.013847285451229659,0.019667429027437587,0.22112329682544363,0.22020097994061438,2442,0.6267089630487102,0.6372219881888329,0.6161959379085875,-0.6332347941897026,-0.6313810201518996,-0.6397475323102101,-0.6402389761854332,851,-0.6564498533652928,-0.6510763235992629,859,580,0.9967203438708833,0.9796663943621581,0.9999078469606094,0.9934514440078219,t25,t25
m05_joint_production_wealth,std_w0.70_s1.00,standard_gaussian,0.7,1.0,1.0,false,0.6337067975326608,0.633061118131463,0.0006456794011977518,0.017754638194701956,0.018347074313313467,0.12460062483621859,0.22142076001082717,0.22388398810972096,0.21091067161472066,2148,0.6333131750246381,0.6313810201519001,0.014128992007990848,0.019667429027437587,0.2211560738893581,0.22020097994061438,2442,0.6268463034724858,0.6374279225676414,0.6162646843773305,-0.633313175024639,-0.6313810201518996,-0.6397629600469188,-0.6402389761854332,851,-0.6567058185995246,-0.6510763235992629,859,580,0.9981507584117246,0.9883870145443711,0.9999481604310253,0.9963049365567895,t25,t25
m05_joint_production_wealth,std_w0.85_s0.15,standard_gaussian,0.85,0.15,1.0,false,0.6328855288464464,0.633061118131463,-0.00017558928501659743,0.017077808871535215,0.018347074313313467,0.10026449391199699,0.22105684542965723,0.2230062009834609,0.21091067161472066,2148,0.6324260187426146,0.6313810201519001,0.013227134145533816,0.019667429027437587,0.22076324135609038,0.22020097994061438,2442,0.6257218511028924,0.635760381973154,0.6156833202326308,-0.6324260187426147,-0.6313810201518996,-0.6396968504033265,-0.6402389761854332,851,-0.6543184771769489,-0.6510763235992629,859,580,0.9639575652751122,0.8759468259125244,0.9988523239426549,0.9292141988731042,t25,t25
m05_joint_production_wealth,std_w0.85_s0.25,standard_gaussian,0.85,0.25,1.0,false,0.6332934015029034,0.633061118131463,0.00023228337144032274,0.01703241472520535,0.018347074313313467,0.11626240277757882,0.22124337272994302,0.22336302937654776,0.21091067161472066,2148,0.6328493544382993,0.6313810201519001,0.013146904973213585,0.019667429027437587,0.2209558200471552,0.22020097994061438,2442,0.6261825103126706,0.6364023257185141,0.6159626949068268,-0.6328493544383015,-0.6313810201518996,-0.639702965951467,-0.6402389761854332,851,-0.6553871549330154,-0.6510763235992629,859,580,0.9858707275202442,0.9297562265806348,0.9995858205883256,0.9719410934487706,t25,t25
m05_joint_production_wealth,std_w0.85_s0.35,standard_gaussian,0.85,0.35,1.0,false,0.633489588798906,0.633061118131463,0.0004284706674430039,0.01705124577959958,0.018347074313313467,0.10578470468366485,0.2213290465893064,0.2235891948876126,0.21091067161472066,2148,0.6330680952712171,0.6313810201519001,0.013612460503840925,0.019667429027437587,0.2210516380035506,0.22020097994061438,2442,0.626467248561932,0.6368424885245723,0.6160920085992915,-0.6330680952712177,-0.6313810201518996,-0.6397236904543452,-0.6402389761854332,851,-0.6559794249465891,-0.6510763235992629,859,580,0.9926166240559702,0.95867461049811,0.9997885408550232,0.9852877629452194,t25,t25
m05_joint_production_wealth,std_w0.85_s0.50,standard_gaussian,0.85,0.5,1.0,false,0.6336280847562048,0.633061118131463,0.0005669666247417604,0.017721194575020468,0.018347074313313467,0.13582141794358793,0.22138773366088776,0.22377396495379784,0.21091067161472066,2148,0.6332247624637498,0.6313810201519001,0.013673869406072325,0.019667429027437587,0.2211186357615867,0.22020097994061438,2442,0.6267038271061212,0.6372099546099865,0.616197699602256,-0.6332247624637516,-0.6313810201518996,-0.6397474715644664,-0.6402389761854332,851,-0.6564367261569042,-0.6510763235992629,859,580,0.9963355738388289,0.9780882094798545,0.9998963477376303,0.992684575846637,t25,t25
m05_joint_production_wealth,std_w0.85_s0.75,standard_gaussian,0.85,0.75,1.0,false,0.6337203793006816,0.633061118131463,0.0006592611692185502,0.018153943615477456,0.018347074313313467,0.12466967297128018,0.22142627240977328,0.2239052967465545,0.21091067161472066,2148,0.6333277504103747,0.6313810201519001,0.014478918910139128,0.019667429027437587,0.22116207586182143,0.22020097994061438,2442,0.6268747316658944,0.6374686238956645,0.6162808394361241,-0.6333277504103746,-0.6313810201518996,-0.6397662058386027,-0.6402389761854332,851,-0.6567587066684764,-0.6510763235992629,859,580,0.9983601719354416,0.9898331971810791,0.9999539234803047,0.9967230329373971,t25,t25
m05_joint_production_wealth,std_w0.85_s1.00,standard_gaussian,0.85,1.0,1.0,false,0.6337573537431853,0.633061118131463,0.0006962356117222734,0.018222865268157855,0.018347074313313467,0.12481559289243238,0.22144165109409034,0.22395892184714797,0.21091067161472066,2148,0.6333683873471747,0.6313810201519001,0.014536779725750197,0.019667429027437587,0.2211791265641688,0.22020097994061438,2442,0.626945112926467,0.637572626079476,0.6163175997734582,-0.6333683873471742,-0.6313810201518996,-0.6397740505485323,-0.6402389761854332,851,-0.6568909793142723,-0.6510763235992629,859,580,0.9990753792058623,0.9941935072721855,0.9999740802155127,0.9981516133450596,t25,t25
m05_joint_production_wealth,std_w1.00_s0.15,standard_gaussian,1.0,0.15,1.0,true,0.633809660720174,0.633061118131463,0.000748542588710932,0.017940470262691816,0.018347074313313467,0.12503165820865836,0.22146339756741482,0.22403520433970808,0.21091067161472066,2148,0.6334251458234493,0.6313810201519001,0.014284294446890174,0.019667429027437587,0.22120289182162403,0.22020097994061438,2442,0.6270457522503458,0.63771835774312,0.6163731467575714,-0.6334251458234498,-0.6313810201518996,-0.6397852742540557,-0.6402389761854332,851,-0.65708074199572,-0.6510763235992629,859,580,1.0,1.0,1.0,1.0,t25,t25
m05_joint_production_wealth,sta_w0.25,static_geometric,0.25,NaN,1.0,false,0.6311243272744631,0.633061118131463,-0.001936790856999937,0.007206879306634735,0.018347074313313467,0.3166024843907863,0.2202947071978139,0.2201540984294626,0.21091067161472066,2148,0.629997727399679,0.6313810201519001,0.008237811538222537,0.019667429027437587,0.21966097845053337,0.22020097994061438,2442,0.6232961707475798,0.6300977170918023,0.6164946244033571,-0.62999772739968,-0.6313810201518996,-0.6400881895454668,-0.6402389761854332,851,-0.6471981251760907,-0.6510763235992629,859,580,0.25,0.25,0.25,0.0625,t25,t25
m05_joint_production_wealth,sta_w0.40,static_geometric,0.4,NaN,1.0,false,0.6307568567876523,0.633061118131463,-0.0023042613438107873,0.0029873383969149106,0.018347074313313467,0.08822976625179924,0.2201272779854074,0.22024354318649028,0.21091067161472066,2148,0.6298675625813447,0.6313810201519001,0.005503800254520247,0.019667429027437587,0.21961656773581367,0.22020097994061438,2442,0.6230203184131478,0.6305518127854537,0.615488824040842,-0.6298675625813432,-0.6313810201518996,-0.6399341318385762,-0.6402389761854332,851,-0.6470169306117105,-0.6510763235992629,859,580,0.4,0.4,0.4,0.16000000000000003,t25,t25
m05_joint_production_wealth,sta_w0.55,static_geometric,0.55,NaN,1.0,false,0.6308523634371708,0.633061118131463,-0.0022087546942922698,0.008179093149600601,0.018347074313313467,0.23412650032877358,0.2201580880030565,0.22066305306675565,0.21091067161472066,2148,0.6301634624670334,0.6313810201519001,0.007970095812794044,0.019667429027437587,0.2197497034721424,0.22020097994061438,2442,0.6232703167029022,0.631573012429073,0.6149676209767314,-0.6301634624670327,-0.6313810201518996,-0.6398298081732661,-0.6402389761854332,851,-0.6479556651798432,-0.6510763235992629,859,580,0.55,0.55,0.55,0.30250000000000005,t25,t25
m05_joint_production_wealth,sta_w0.70,static_geometric,0.7,NaN,1.0,false,0.6313993854541327,0.633061118131463,-0.0016617326773303853,0.013488427612417203,0.018347074313313467,0.2946073103382377,0.2203902233512111,0.221427739411177,0.21091067161472066,2148,0.6308659410507264,0.6313810201519001,0.012114130632125157,0.019667429027437587,0.22005950606112856,0.22020097994061438,2442,0.6240301256581229,0.6331257513554744,0.6149344999607714,-0.6308659410507275,-0.6313810201518996,-0.6397714252049441,-0.6402389761854332,851,-0.6499717974074806,-0.6510763235992629,859,580,0.7,0.7,0.7,0.48999999999999994,t25,t25
m05_joint_production_wealth,sta_w0.85,static_geometric,0.85,NaN,1.0,false,0.6323879116172182,0.633061118131463,-0.0006732065142448507,0.019776588148443765,0.018347074313313467,0.08728245352242359,0.22082527016974182,0.2225492185106689,0.21091067161472066,2148,0.6319579393351227,0.6313810201519001,0.015445853407014896,0.019667429027437587,0.22054455554160315,0.22020097994061438,2442,0.6252898443087879,0.6351814483143053,0.6153982403032703,-0.6319579393351232,-0.6313810201518996,-0.63975677128698,-0.6402389761854332,851,-0.6530255909074275,-0.6510763235992629,859,580,0.85,0.85,0.85,0.7224999999999999,t25,t25
m05_joint_production_wealth,sta_w1.00,static_geometric,1.0,NaN,1.0,true,0.633809660720174,0.633061118131463,0.000748542588710932,0.017940470262691816,0.018347074313313467,0.12503165820865836,0.22146339756741482,0.22403520433970808,0.21091067161472066,2148,0.6334251458234493,0.6313810201519001,0.014284294446890174,0.019667429027437587,0.22120289182162403,0.22020097994061438,2442,0.6270457522503458,0.63771835774312,0.6163731467575714,-0.6334251458234498,-0.6313810201518996,-0.6397852742540557,-0.6402389761854332,851,-0.65708074199572,-0.6510763235992629,859,580,1.0,1.0,1.0,1.0,t25,t25
