match_id,lambda_mkt_h,lambda_mkt_a,sse,n_targets,optim_converged,accepted,reason
12473322,1.6617857019024613,1.2971793757292183,0.0009527187658652319,9,true,true,
12473327,1.4257306356720723,1.6423639837825277,2.5845899497320345e-9,3,true,true,
12473328,NaN,NaN,NaN,2,false,false,too few quoted selections (2 < 3)
12473330,2.099617385200105,1.0644090194784648,0.00013093554879167526,7,true,true,
12473331,1.3502891169276936,1.7759390698131432,0.00020528933546544039,7,true,true,
12473333,NaN,NaN,NaN,2,false,false,too few quoted selections (2 < 3)
12473334,1.7257818678962937,1.0942281618585457,0.0010231654734659604,9,true,true,
12473335,1.5048310032951873,0.8733103546334592,1.4110326337674557e-9,3,true,true,
12473336,1.771516125204245,0.8982573477547565,8.00152597095867e-9,3,true,true,
12473337,1.0649356821622342,1.9876144006490433,8.975853290193018e-6,7,true,true,
12476452,1.9471623929548147,0.9223733034887118,0.0018856765972950513,9,true,true,
12476453,1.417098632226428,1.2209570627940043,0.0006320871705691215,9,true,true,
12476454,1.7179338889155014,1.0544155515215232,0.00035207663489516145,5,true,true,
12476455,1.318544278498955,1.3068997647701681,2.4009598940991168e-9,3,true,true,
12476457,1.148058256778588,1.1742267862604865,3.8107303143582804e-11,3,true,true,
12476458,NaN,NaN,NaN,0,false,false,too few quoted selections (0 < 3)
12476459,1.5304484291537783,1.216407034338781,0.0015787640789887375,9,true,true,
12476460,1.6648862016763628,0.791985322970829,0.0001759541876431174,5,true,true,
12476461,1.2617554315939883,1.3456207976549013,0.000153052938730831,5,true,true,
12476462,NaN,NaN,NaN,0,false,false,too few quoted selections (0 < 3)
12476463,0.9424442068669345,1.6582152051485974,0.0005992219499816038,9,true,true,
12476464,1.3903585610781157,1.3901159360643502,0.0005548267583008747,5,true,true,
12476465,0.9274883092598412,1.614866390450001,2.559974385467102e-9,3,true,true,
12476466,1.8375736308478152,0.8250303508063815,1.9640471637060804e-9,3,true,true,
12476467,NaN,NaN,NaN,0,false,false,too few quoted selections (0 < 3)
12476468,1.5373685318352373,1.154366231739576,0.0005092800603856931,5,true,true,
12476469,2.021591670036735,0.8444924377802225,0.0009529780927577563,7,true,true,
12476470,NaN,NaN,NaN,0,false,false,too few quoted selections (0 < 3)
12476471,NaN,NaN,NaN,0,false,false,too few quoted selections (0 < 3)
12476472,1.2020854067141862,1.1825566376057999,0.001120975957938077,5,true,true,
12476473,1.1315799786165666,1.1956767675812077,0.0015857877599309684,9,true,true,
12476474,NaN,NaN,NaN,0,false,false,too few quoted selections (0 < 3)
12476475,1.3690895170410162,1.0591314944512917,9.434289820613406e-10,3,true,true,
12476476,1.2351393766743162,1.235084877688525,0.001382203870937484,7,true,true,
12476477,1.1860529253908836,1.2746193067338567,3.9671300165389174e-10,3,true,true,
12476478,NaN,NaN,NaN,0,false,false,too few quoted selections (0 < 3)
12476479,NaN,NaN,NaN,2,false,false,too few quoted selections (2 < 3)
12476480,1.088740487301171,1.19138282446833,0.0019006874373821538,9,true,true,
12476481,0.9981245798682289,1.030782513173152,0.0002652431742885859,5,true,true,
12476482,1.003230398010147,1.6455318064908082,0.0005498807604452995,7,true,true,
12476483,1.1170201630549992,1.5596458301841594,0.0021362871135663267,7,true,true,
12476484,1.5405241389119746,1.2286812669951952,0.00019555711189218284,7,true,true,
12476485,1.3937562119141191,1.3937793575281514,0.0009544346992585478,4,true,true,
12476486,1.3077265296722875,1.2322768463531744,1.5719165391294976e-9,3,true,true,
12476487,NaN,NaN,NaN,0,false,false,too few quoted selections (0 < 3)
12476488,1.7056449690156101,0.6044725307301452,5.687485851281292e-9,3,true,true,
12476489,NaN,NaN,NaN,0,false,false,too few quoted selections (0 < 3)
12476490,1.1459904843565782,1.3124258869471532,0.0005953597773711902,5,true,true,
12476491,1.33788977746496,1.0835983351395644,0.000596267128598502,9,true,true,
12476492,1.3548419308246733,1.3611289341397494,1.194372831564922e-6,5,true,true,
12476493,0.9537676741854955,1.5969458337294056,0.001647236784648487,5,true,true,
12476494,1.5653466966795473,1.1272036258080158,0.0002018089229240008,9,true,true,
12476495,NaN,NaN,NaN,0,false,false,too few quoted selections (0 < 3)
12476496,1.1290223810302937,1.649561949573247,0.001100029277230813,9,true,true,
12476497,1.7871260984036725,0.9512580769558255,0.0005911237076036461,5,true,true,
12476498,1.3647294758044088,1.157646399699656,0.000271184580872987,5,true,true,
12476499,1.4553334350352802,0.7942025207517642,3.99026726150457e-9,3,true,true,
12476500,1.4262299212369112,1.174110865738262,2.0116863293195402e-9,3,true,true,
12476501,1.3343962545525718,1.4055958879982053,0.0011313991220458313,7,true,true,
12476502,1.3505345968700466,1.125760137397333,7.90398742881238e-10,3,true,true,
12476504,NaN,NaN,NaN,0,false,false,too few quoted selections (0 < 3)
12476505,1.3031474623910995,1.1767857290967565,0.0008578006920290131,7,true,true,
12476506,1.714428518366792,0.7156957378548532,9.877011219460172e-9,3,true,true,
12476507,1.1896424528416858,1.3013658278126592,0.0006571584799292597,5,true,true,
12476508,1.1642838584024546,1.093065351496847,2.036366656283721e-9,3,true,true,
12476509,1.5385034979153094,0.822955132731649,1.8533245727329519e-10,3,true,true,
12476510,NaN,NaN,NaN,0,false,false,too few quoted selections (0 < 3)
12476511,1.3575532436389677,1.446578959574729,0.0001219069498460648,5,true,true,
12476512,NaN,NaN,NaN,0,false,false,too few quoted selections (0 < 3)
12476513,1.046119115305919,1.3851198164234455,0.0005576874253727025,5,true,true,
12476514,1.5225354038716314,0.9761374853209375,0.0011067222123500185,7,true,true,
12476515,1.2768949872093445,1.4647488836149407,1.1092176818239622e-9,3,true,true,
12476516,1.5918156757657087,1.080161968179209,1.388746295396598e-5,5,true,true,
12476517,1.2455871621059782,0.9304625215250806,4.88319689369146e-9,3,true,true,
12476518,NaN,NaN,NaN,0,false,false,too few quoted selections (0 < 3)
12476519,NaN,NaN,NaN,0,false,false,too few quoted selections (0 < 3)
12476520,1.2897021424943789,1.249568894699384,0.0006814543589886127,5,true,true,
12476521,1.2735602630916483,1.5696432168727115,0.001839139226898307,5,true,true,
12476522,NaN,NaN,NaN,0,false,false,too few quoted selections (0 < 3)
12476523,1.978969452773673,0.8320724770118854,0.00013482556782902106,5,true,true,
12476524,1.5453530451561002,0.8824403991762726,0.00023124459840943366,5,true,true,
12476525,NaN,NaN,NaN,2,false,false,too few quoted selections (2 < 3)
12476526,NaN,NaN,NaN,0,false,false,too few quoted selections (0 < 3)
12476529,1.7764625031834491,0.9344572975085875,0.00040690445584493746,5,true,true,
12476531,NaN,NaN,NaN,0,false,false,too few quoted selections (0 < 3)
12476533,1.4514959727757855,1.2251433161004328,0.001031878511208533,5,true,true,
12476538,1.2500665418395784,1.4799577985744514,0.0009255183576512842,9,true,true,
12476539,1.2454422712273088,1.4297565619095056,0.000341495354293054,7,true,true,
12476541,1.622631509179799,1.1377442254308572,0.0002695130371538454,5,true,true,
12476544,1.1488646843145969,1.6807992857077074,4.086957799447301e-6,5,true,true,
12476545,1.5176137197134318,1.3082250836323155,5.96723262182795e-5,7,true,true,
12476546,1.535891752227301,0.937049376815321,0.0007993618241325958,11,true,true,
12476547,NaN,NaN,NaN,0,false,false,too few quoted selections (0 < 3)
12476548,1.1566028398057915,1.0900349100480273,3.502529241394461e-11,3,true,true,
12476549,1.2975357185518346,1.6217022117137683,0.0009739345193791741,9,true,true,
12476550,1.3913349277047404,1.2842478275118623,3.0663587118727314e-5,5,true,true,
12476551,1.2726598023418336,1.5400976121549153,5.8044213756740764e-5,7,true,true,
12476552,1.2463975493576136,1.39947250201037,6.9705827121557675e-9,3,true,true,
12476553,1.5901840202563784,1.0429510053917599,0.0009302537017854349,9,true,true,
12476554,1.5118304765987778,1.2326508912183176,0.002442216476887316,7,true,true,
12476555,1.6563528953152489,0.9561569933141357,0.0005380339311260704,5,true,true,
12476556,1.3731674034751533,1.0467081902900623,3.2828228219212306e-9,3,true,true,
12476557,NaN,NaN,NaN,0,false,false,too few quoted selections (0 < 3)
12476558,NaN,NaN,NaN,0,false,false,too few quoted selections (0 < 3)
12476560,1.22237984763192,1.2176130276588173,0.0030452484262157393,5,true,true,
12476561,1.5719367012694327,1.1061568086373548,0.0007976862534854654,7,true,true,
12476562,1.8098110558235423,1.0044743181177282,2.9385142899232544e-5,5,true,true,
12476563,NaN,NaN,NaN,0,false,false,too few quoted selections (0 < 3)
12476564,1.3297101875272244,1.26679066261982,0.0010677636819297197,5,true,true,
12476565,1.4180127937011466,0.8788968345929413,4.5706360110746545e-9,3,true,true,
12476567,1.0876554672147851,1.5255278003532824,1.3756300451640496e-6,5,true,true,
12476570,NaN,NaN,NaN,0,false,false,too few quoted selections (0 < 3)
12476574,0.8538930108391806,1.0177787400415754,4.001243700440188e-9,3,true,true,
12476575,2.0553294290760755,0.8819886476423213,0.000524621360261211,11,true,true,
12476578,NaN,NaN,NaN,0,false,false,too few quoted selections (0 < 3)
12476579,NaN,NaN,NaN,0,false,false,too few quoted selections (0 < 3)
12476580,1.2108788325917321,0.8672780423293387,8.706666340709091e-9,3,true,true,
12476581,1.4046204533635702,1.237302280765665,0.0005392695125411076,7,true,true,
12476582,1.7279208492733342,0.762614265458266,0.00039760458126607723,5,true,true,
12476583,1.0634064307420732,1.9102263329547102,4.303580857823349e-5,7,true,true,
12476584,2.105829478941623,0.7747171564985039,1.9062000581559205e-11,3,true,true,
12476585,1.3769458184076526,1.1444465091846476,0.0013456229757005465,5,true,true,
12476586,1.010910876977212,1.3305263663371452,1.0899465284194263e-8,3,true,true,
12476587,NaN,NaN,NaN,0,false,false,too few quoted selections (0 < 3)
12476588,1.478975087971729,0.8938034646158655,5.520077705853866e-10,3,true,true,
12476589,1.020978442918939,1.5587702638809078,8.198273616930241e-5,5,true,true,
12476590,1.8215310480138882,0.9945423742508628,0.0005454007775888846,7,true,true,
12476591,1.244376400226321,0.8968033904748227,1.692216068871355e-9,3,true,true,
12476592,NaN,NaN,NaN,0,false,false,too few quoted selections (0 < 3)
12476593,1.0725165055721404,1.5164607047872485,0.0011667057302532737,5,true,true,
12476594,1.263071009805514,1.561481229448532,0.0001956063017361193,7,true,true,
12476595,0.9390942527333541,1.2349182580074194,5.532004214830804e-9,3,true,true,
12476596,1.9658204780592183,1.0786171816867884,0.00046677683269123694,11,true,true,
12476597,1.2232432797453017,1.4468977187140022,9.208832451775435e-10,3,true,true,
12476598,0.9952366013837194,1.0412475168841346,3.024450955115159e-9,3,true,true,
12476599,NaN,NaN,NaN,0,false,false,too few quoted selections (0 < 3)
12476600,1.8378949089496401,1.0139478584618649,0.0002778316738489047,5,true,true,
12476601,NaN,NaN,NaN,0,false,false,too few quoted selections (0 < 3)
12476602,NaN,NaN,NaN,0,false,false,too few quoted selections (0 < 3)
12476603,1.1826270175502842,0.870696329729965,3.2214257817238294e-9,3,true,true,
12476604,1.3337152534158527,0.8367214623974737,4.945670641056768e-9,3,true,true,
12476605,1.2193236723469199,0.9122247398580219,1.3470757742222963e-9,3,true,true,
12476606,1.2396971974146602,1.0026191461616856,1.059259166918326e-8,3,true,true,
12476607,1.428562450870101,1.1514420913030579,5.730017585075575e-5,5,true,true,
12476609,1.376007701397809,1.0873883541965765,8.421630333022877e-9,3,true,true,
12476610,NaN,NaN,NaN,0,false,false,too few quoted selections (0 < 3)
12476611,0.9720199292333479,1.690815480608333,0.00013285323304915538,7,true,true,
12476612,NaN,NaN,NaN,0,false,false,too few quoted selections (0 < 3)
12476613,1.4629194408328015,1.1561967440587977,2.924411123979126e-9,3,true,true,
12476614,1.6534291483306567,0.865017881389517,0.0016945349365782398,7,true,true,
12476615,1.5977415876808738,0.9518942574135816,0.00046832843853547655,7,true,true,
12476616,2.425452002860867,0.7424689904228308,5.359727912419822e-5,5,true,true,
12476617,1.1745786660305773,1.3660001825942272,1.183768968289665e-9,3,true,true,
12476618,NaN,NaN,NaN,0,false,false,too few quoted selections (0 < 3)
12476619,1.663727191368472,1.0066907080539813,3.6442792618671985e-5,6,true,true,
12476620,0.7697841771262052,1.8501871893967317,8.351160184300993e-9,3,true,true,
12476621,1.4664168730026133,1.3242214940997457,0.0002564175693381854,9,true,true,
12476622,1.1439612617874397,1.245899149012307,4.391468423612127e-9,3,true,true,
12476623,NaN,NaN,NaN,0,false,false,too few quoted selections (0 < 3)
12476624,NaN,NaN,NaN,0,false,false,too few quoted selections (0 < 3)
12476625,1.079819856942888,1.4500715914090077,1.0427883574270582e-9,3,true,true,
12476626,1.6067684107930735,1.1850750954951295,0.0003373186492799547,5,true,true,
12476627,2.0153818801222383,1.0187578311786056,6.056303186261427e-5,4,true,true,
12476629,NaN,NaN,NaN,0,false,false,too few quoted selections (0 < 3)
12476630,NaN,NaN,NaN,0,false,false,too few quoted selections (0 < 3)
12476631,0.8461466337470255,1.8908414374934295,0.0003425317090559595,5,true,true,
12476632,2.4801310116967157,0.6684862344536021,0.0005705465423789216,9,true,true,
12476633,1.5346332113734917,1.0014813707947898,7.135783897460629e-10,3,true,true,
12476634,1.8911560725432794,0.8562511584229997,0.00041897012054289506,7,true,true,
12476635,1.4068327242456198,1.0219183351770162,0.0007911225808247304,5,true,true,
12476636,1.9309997074850351,0.9315349615900965,2.9152874849333274e-5,7,true,true,
12476637,1.0293571893945745,1.4332324978509088,0.00023422159435211278,7,true,true,
12476638,1.6772542366774204,1.3139837148285956,0.0003846222723201212,7,true,true,
12476639,1.0881352859691602,1.652788203136914,0.0008077578941541797,5,true,true,
12476640,1.7522300230413785,1.274311780863035,0.0008267437727690189,7,true,true,
12476641,1.213161251121096,1.5445223942106356,0.0051125657801480845,9,true,false,residual SSE 5.113e-03 exceeds 5.000e-03
12476642,1.7976994554830736,0.8020695709060978,5.020378670925283e-7,7,true,true,
12476643,1.733850093067939,0.9209129357639048,0.0007779264226717277,5,true,true,
12476644,1.5902881609686321,1.0366858549720315,0.000484475947744458,5,true,true,
12476645,1.2018085124086717,1.730158581238524,7.590758597035207e-9,3,true,true,
12476646,1.5614390959202682,1.1602176258493404,0.0006277224500606299,5,true,true,
12476647,1.744869022230535,1.2671878167759751,0.00030272950215407945,11,true,true,
12476648,1.4709071739229291,1.196646619463507,0.00013645077154232947,5,true,true,
12476649,1.1474132066569225,1.523128293496378,0.0006454837018350184,5,true,true,
12476650,1.7103699256701796,1.1563265054393372,0.00017968737209260972,7,true,true,
12476651,1.383974426870688,1.0657211149178203,0.0012138015620157998,7,true,true,
12476652,1.068939420871888,1.0448852723231354,1.7972643722638255e-10,3,true,true,
12476653,1.2919198751691112,1.7616271861538872,1.082835465238659e-9,3,true,true,
12476654,1.3519352765335082,1.029020549059257,3.6503953880188775e-10,3,true,true,
12476655,1.6359504413342785,1.0236319942539682,0.00016727943124558435,4,true,true,
12476656,1.8324453113368944,1.15353247042247,0.0007285487607170502,9,true,true,
12476657,1.6949669625150683,0.9709619718568524,0.000668415128868361,9,true,true,
12476658,1.6106622166136741,1.0532909444276561,0.00015593992320945665,7,true,true,
12476659,1.047855449441444,1.6362318602572559,0.0002628040054760847,9,true,true,
12476660,1.8340522259357654,1.056547065083419,0.0008616528488391037,7,true,true,
12476661,1.1092072341726391,1.5081465338103475,0.0001885102780330869,7,true,true,
12476662,0.9741586286851592,1.7210855548046833,8.8241953346732e-10,3,true,true,
12476663,1.4067453277082091,0.7330032503382141,9.55792105100531e-9,3,true,true,
12476664,1.5892418580532472,1.141579363217548,0.0019253394916000023,11,true,true,
12476665,2.250831420132035,0.719828468463416,1.6443172356623849e-9,3,true,true,
12476666,NaN,NaN,NaN,0,false,false,too few quoted selections (0 < 3)
12476667,1.583547260627502,1.0729580585424883,2.2566795749332697e-8,3,true,true,
12476668,1.3800303737423611,1.0928063624068929,0.0008863606808036082,5,true,true,
12476669,1.7246634256698514,0.9812807263339222,0.0019531460146799233,9,true,true,
12476670,NaN,NaN,NaN,2,false,false,too few quoted selections (2 < 3)
12476671,1.8673783696194937,0.9910734576581969,0.00032642656138820165,9,true,true,
12476672,1.2492082558638478,1.6682601116239246,0.000500014877913756,7,true,true,
12476673,1.1124169911155093,1.6719034083264597,0.00034046497184566293,7,true,true,
12476674,1.2087609506159078,1.606310623067279,1.7601754323645576e-5,7,true,true,
12476675,1.1616675423212157,1.4260589811363278,0.0006051885535636261,7,true,true,
12476676,1.1036232054419932,1.518353340322226,0.0002328896250331381,5,true,true,
12476677,0.9498376908480421,1.1789513159322522,4.190657083717431e-9,3,true,true,
12476678,2.0041471288555863,1.132818342136646,1.5174566962332152e-5,7,true,true,
12476679,1.0346161415434354,1.3927857825196408,0.0015391362389674775,7,true,true,
12476680,1.380612656470249,1.3488111557698486,0.0010109803516941559,11,true,true,
12476681,1.377796376671698,1.2902781387357112,4.2694853077763006e-5,7,true,true,
12476682,1.5414056152758047,1.2135126492837223,0.00028489981346107213,7,true,true,
12476684,1.4814124863149665,1.1865050770365773,0.00023616485661545554,5,true,true,
12476685,1.1920628857578899,1.1869212279674703,9.175393110398764e-10,3,true,true,
12476686,1.14601573795941,1.2519829174052752,0.0016971138954029233,5,true,true,
12476688,1.8846976126882455,1.093541849313904,0.00020222988478058626,7,true,true,
12476689,1.1240017296884228,1.1391963534488594,1.2559624488180332e-9,3,true,true,
12476690,1.6561887458898013,1.235676219116808,0.00010276571494909503,7,true,true,
12476691,1.235558465630629,1.1183493779587144,0.0008258187674718076,7,true,true,
12476692,1.7114933544215525,1.0118502623006638,0.0005740221458820646,5,true,true,
12476693,1.475505235735774,1.0803189149891035,0.003439428871955778,11,true,true,
12476695,1.4114205711548737,1.263330518266095,0.00027990171462958634,5,true,true,
12476696,1.6905244000808552,1.0717855168578974,0.0008272424212915292,7,true,true,
12476697,1.1292929044832283,1.4166493739863317,1.0865775004999651e-9,3,true,true,
12476698,1.3245045175175514,1.214453261787187,3.812797420081869e-5,5,true,true,
12476699,1.59371738491021,1.3874621676169394,0.0008711918284841399,7,true,true,
12476700,1.2858080458118712,1.2454397198446463,0.0030649511348384384,9,true,true,
12476701,1.2895330894014518,1.2792788727588529,0.0014097377833452974,9,true,true,
12476705,1.4145976220633818,1.1674391179370427,0.0012410544533804962,5,true,true,
12476706,1.7554233454343078,0.9886411245144836,0.0007681869398441579,7,true,true,
12476707,1.2730047161405036,1.136485503606615,3.3431778168381276e-9,3,true,true,
12476708,1.737659021098636,0.9510906024842467,0.0018159090391709324,9,true,true,
12476709,1.351719062007,1.262284424870105,0.0010901299951025262,9,true,true,
12476710,1.638109952210507,1.088523282584337,0.0009253174482909961,11,true,true,
12476711,1.719534463083456,1.1338710398131915,0.00047345291300046973,7,true,true,
12476712,1.5539210749998449,1.5538610595982048,0.00041811659641967884,9,true,true,
12476713,1.6639928265427268,0.9150396538437899,0.0007717268794614069,5,true,true,
12476714,1.7048521726261117,1.019538959487277,0.0011323382911738544,9,true,true,
12476715,1.213484581180891,0.9463094483169044,4.761880431534285e-9,3,true,true,
12476716,NaN,NaN,NaN,2,false,false,too few quoted selections (2 < 3)
12476717,1.615167225289702,1.1721566173106306,3.9355538163906695e-9,3,true,true,
12476718,1.1796121500458543,1.4815864005565564,0.0010533296524932523,5,true,true,
12476719,1.4163691199026356,1.2278504344256438,0.001250840616536172,5,true,true,
12476720,1.3608706725529276,0.9801996695618492,0.001780940533963634,5,true,true,
12476721,1.6864663036629322,1.0000914036564843,0.0020722713645773415,5,true,true,
12476722,1.7035495000401624,1.4161922176248098,0.00027870617878455317,5,true,true,
12476723,1.2490633798570794,1.268575825501416,0.0024948953615141264,5,true,true,
12476724,1.4937765166785477,1.089480359474305,1.6139682431824469e-9,3,true,true,
12476725,1.5793905277806193,1.343563118953971,0.0009841978943566153,5,true,true,
12476726,1.250230692275083,1.1658794768218224,0.0023298548282191913,7,true,true,
12476727,1.0275740348415598,1.2308310661907502,0.00021274010112832986,5,true,true,
12476728,1.4477523241611867,1.3386482357321343,0.00010966977959762772,5,true,true,
12476729,1.4396850390673634,1.3936908807801938,0.0010420806583608612,9,true,true,
12476730,1.5556814922059055,1.035623340649488,0.001224618438718814,11,true,true,
12476731,1.4386238433229503,1.0985295680904275,0.00016563220311097002,5,true,true,
12476735,1.3916399435644558,0.9489433785730166,0.00020738285495578354,5,true,true,
12476737,1.4041251195881288,1.344184454681529,0.0005299248056418467,5,true,true,
12476738,1.4481182979914542,1.1440369953215785,0.0022517909855327696,7,true,true,
12476739,1.550944122449472,0.9890593661059264,0.0003402859203061694,5,true,true,
12476740,1.383667480724276,1.3892142521685074,0.0012079853246308044,5,true,true,
12476741,1.3655520713703562,0.9263814844783194,1.4957726596487203e-9,3,true,true,
12476742,1.3239652282294705,1.1937040670457626,0.0018296619490551322,5,true,true,
12476743,1.2055307402683324,1.4031812496631797,6.541281487708599e-5,7,true,true,
12476744,1.3972286767557756,0.9450870582330075,2.160405794856552e-11,3,true,true,
12476745,1.5203133615018318,1.149967424990217,0.0005240346199281909,5,true,true,
12476746,1.0570997030545968,1.3651304691065114,0.00023640342271708849,5,true,true,
12476747,1.2414613457809744,1.2926268962594523,4.347461119143805e-9,3,true,true,
12476748,1.5645990568171368,1.0659415462663828,0.002230638653272529,7,true,true,
12476749,1.5062933859871863,1.463167103472634,0.0005686113946323844,9,true,true,
12476750,1.3045962739916863,1.2115912628847652,0.0005017884507168006,5,true,true,
12476751,1.3460922751116509,1.1685371703788503,1.260212573283103e-9,3,true,true,
12476752,NaN,NaN,NaN,2,false,false,too few quoted selections (2 < 3)
12476753,1.7843078168667001,1.018170775458576,0.0011145037528816394,4,true,true,
12476754,1.4852499569859017,1.1181930267526674,8.739069943081002e-5,5,true,true,
12476755,NaN,NaN,NaN,2,false,false,too few quoted selections (2 < 3)
12476756,NaN,NaN,NaN,0,false,false,too few quoted selections (0 < 3)
12476757,1.5708023455316966,1.2578064109722527,0.0007205116679722112,7,true,true,
12476758,1.5843230293564055,0.8357233475949165,1.3007545105666377e-9,3,true,true,
12476759,1.5245573084575825,0.8523334091509301,1.2640608466957185e-8,3,true,true,
12476760,1.6076844364186658,1.241532081630316,1.9510351544338018e-8,4,true,true,
12476761,1.0694980540622072,1.0694587949849574,4.526839773543362e-9,3,true,true,
12476762,1.2775119158630157,1.2432923788682488,7.153410223872354e-9,3,true,true,
12476763,1.809656751243358,1.1765419125539172,0.0009552318664458545,7,true,true,
12476764,1.6641729731191124,1.1618221301657425,0.0006829988209672507,5,true,true,
12476765,1.880724069357009,1.1145152435192096,0.00039767649017234024,7,true,true,
12476766,1.3089530762657384,1.3338027606197607,0.003136178260120849,5,true,true,
12476767,1.6415189318533918,1.1283769199708173,0.0019225036910351088,9,true,true,
12476768,1.4423235774252259,1.3943234469691976,0.0026546829799485912,7,true,true,
12476769,1.7265188829107558,1.1022571747682215,0.0031623994678245974,7,true,true,
12476770,NaN,NaN,NaN,0,false,false,too few quoted selections (0 < 3)
12476771,1.7473410921321892,1.1642610046597637,5.275816059578508e-9,3,true,true,
12476772,1.7375989955598197,1.0039101713528034,0.00037531333042239155,5,true,true,
12476773,1.6930063364371677,1.367567938518653,7.35724755098213e-10,3,true,true,
12476774,1.4481462699660574,1.2498406183609272,0.00027268759282660803,5,true,true,
12476775,1.697854045258435,1.2169097876279582,0.0010666648021060462,5,true,true,
12476776,1.4554747486543147,1.3366859795380914,0.0030739078248798223,9,true,true,
12476777,1.3725709140444573,1.2422698899900075,0.0006111320153305013,11,true,true,
12476778,1.596334114987178,1.3377304930429865,0.00013515445156402254,7,true,true,
12476779,NaN,NaN,NaN,0,false,false,too few quoted selections (0 < 3)
12476780,1.224309515659678,1.0911051520361632,0.0023985838624730367,9,true,true,
12476781,1.2453870709932573,1.2620350525484945,1.8154179321268588e-8,3,true,true,
12476782,1.3709996518580752,1.4600485214684866,1.193893448984049e-8,3,true,true,
12476783,1.557102819505734,1.4678180138550785,0.001169971600133812,7,true,true,
12476784,1.7367071674117338,1.3172893344736403,0.0006782017703847524,9,true,true,
12476785,1.6952854196712455,1.0939731167303088,0.0019669186536084952,5,true,true,
12476786,1.2702547865819769,1.1782462125062805,4.5587944856942905e-9,3,true,true,
12476787,NaN,NaN,NaN,0,false,false,too few quoted selections (0 < 3)
12476788,1.3884471007406085,1.1481420501530089,2.4471728585773432e-8,3,true,true,
12476789,NaN,NaN,NaN,2,false,false,too few quoted selections (2 < 3)
12476790,1.5020507024245489,0.9927290929451529,1.1409641399937736e-9,3,true,true,
12476791,1.5658521746704535,1.0434666866044102,3.2728658192278984e-10,3,true,true,
12476792,1.1182221904768126,1.0982153095236773,9.527583443964195e-9,3,true,true,
12476793,1.2690086703394612,0.9029609208786443,7.107135038483968e-10,3,true,true,
12476794,1.4982671190761685,1.0770132306580018,4.159586629925268e-9,3,true,true,
12476795,1.4933529282009625,1.499522421990772,0.00026585766720046674,7,true,true,
12476796,1.5953520639769059,1.1828060344291746,0.0009114896255629322,7,true,true,
12476797,NaN,NaN,NaN,0,false,false,too few quoted selections (0 < 3)
12476798,1.3227766273218662,1.507856429260965,4.358887189089148e-9,3,true,true,
12476799,NaN,NaN,NaN,0,false,false,too few quoted selections (0 < 3)
12476800,1.4039129298635349,1.3198590602698563,1.1249929596509106e-9,3,true,true,
12477123,1.3219942979234438,1.352551706231671,0.0018042334106274358,11,true,true,
12477126,0.8347664094823309,1.323049920598243,7.31872262246064e-10,3,true,true,
12477128,1.9027820885372122,1.0224893910924888,2.10015619365456e-5,4,true,true,
12477129,NaN,NaN,NaN,2,false,false,too few quoted selections (2 < 3)
12477130,NaN,NaN,NaN,0,false,false,too few quoted selections (0 < 3)
12477131,1.7750398160975762,1.4024552185635664,6.241040215462695e-5,6,true,true,
12477132,1.8566732397880419,1.0703721382737372,0.0001224091331842836,5,true,true,
12477133,1.2548693467796563,1.405658170877488,0.0005935405384716321,5,true,true,
12477134,1.8072786233694271,1.0818516011008388,0.0007314194691194452,9,true,true,
12477135,NaN,NaN,NaN,2,false,false,too few quoted selections (2 < 3)
12640468,0.9941481047239246,1.6109931585007842,0.0015013158925220268,7,true,true,
12811090,NaN,NaN,NaN,0,false,false,too few quoted selections (0 < 3)
12954858,NaN,NaN,NaN,0,false,false,too few quoted selections (0 < 3)
13159980,1.8998783231178444,1.0178636691587897,3.885521753522765e-5,6,true,true,
13171688,1.31696773232954,1.316057968008484,0.00046539939895641827,6,true,true,
13171689,1.6745153601278024,1.3042414425878048,0.00015055604291502268,5,true,true,
13175771,1.02125149338745,1.2018404072822266,2.213745607099696e-9,3,true,true,
13175772,NaN,NaN,NaN,0,false,false,too few quoted selections (0 < 3)
13179032,1.5128190998415223,1.1821755102316658,0.00034051956320776814,5,true,true,
13179034,1.3365868042136029,1.6062087789204669,0.002105725393679145,11,true,true,
13197505,1.1075047295722853,1.3666548830279097,0.0014885482555285477,11,true,true,
13217663,1.075322173011081,1.4906722765864504,0.0005838438498891065,11,true,true,
13233442,NaN,NaN,NaN,0,false,false,too few quoted selections (0 < 3)
13255608,NaN,NaN,NaN,2,false,false,too few quoted selections (2 < 3)
13315347,1.7429752852231069,0.8395773857004648,0.00041457258858654326,5,true,true,
13324922,0.9356920476525526,1.6250735171791262,7.823537825802687e-5,7,true,true,
13343733,0.9773769242426517,2.1091992247278766,0.00018000285460573654,13,true,true,
13343735,NaN,NaN,NaN,0,false,false,too few quoted selections (0 < 3)
13343736,1.3635153481782591,1.0646325657503506,0.0009043068060879299,5,true,true,
13348881,NaN,NaN,NaN,0,false,false,too few quoted selections (0 < 3)
13391276,1.6522032479216344,1.1893372861266698,2.639285988668556e-6,5,true,true,
13399583,1.1860846102477005,1.566432580667241,0.001078184432356359,7,true,true,
13415294,1.772578887724793,0.9928289498117704,0.0014087607251592874,5,true,true,
13436762,1.1990966757547814,1.1842416198207422,0.0007741078929697894,7,true,true,
13480337,1.3202301952241835,1.0782709008720253,0.0011909655051736614,5,true,true,
14032707,3.4676914535490537,0.6356222536627789,0.0011660901508614126,11,true,true,
14032708,1.0778300868366966,2.2739877485152635,0.00106204777257655,11,true,true,
14032710,2.136662947940482,0.9368894256125605,0.0013543434718606582,15,true,true,
14032714,NaN,NaN,NaN,0,false,false,too few quoted selections (0 < 3)
14032715,1.8382753078157255,1.1966258738032176,3.698795925202438e-5,5,true,true,
14032717,1.053791165219109,1.9540643018685293,0.0003056200839701671,9,true,true,
14032718,1.3872154192966648,1.1373116352607031,0.0016659668706926214,5,true,true,
14032719,2.3354866170275894,0.5551322412847685,6.195979474522432e-5,9,true,true,
14032720,NaN,NaN,NaN,0,false,false,too few quoted selections (0 < 3)
14032721,NaN,NaN,NaN,0,false,false,too few quoted selections (0 < 3)
14035482,1.3643095322198733,1.332635346706002,0.0012863886959102121,13,true,true,
14035484,1.9361364660038272,0.8641091533355891,0.0006670111652696235,9,true,true,
14035485,NaN,NaN,NaN,0,false,false,too few quoted selections (0 < 3)
14035486,1.7179206147548656,1.1781769896336136,0.00016926278194720048,8,true,true,
14035487,NaN,NaN,NaN,0,false,false,too few quoted selections (0 < 3)
14035488,1.771140929033856,0.609114828959899,2.05619638321671e-9,3,true,true,
14035489,1.658750823516157,1.0075126346083827,0.0003817331532543826,9,true,true,
14035491,1.151589011330772,1.4854451204613832,0.0005213915793476929,5,true,true,
14035492,1.1940785499275481,1.487906246337229,0.001013443143705674,5,true,true,
14035493,1.4206037717453002,1.3935786306385312,0.0015345007492100226,7,true,true,
14035494,1.7347050825830397,1.0075015277317338,0.0015111923893559888,5,true,true,
14035495,0.9726971896708295,1.6868879419017218,0.0004765115191901281,7,true,true,
14035496,0.940451503313922,1.5856686511483509,1.217269932750124e-9,3,true,true,
14035497,1.3426851186422262,1.4413873645072406,0.0002543761441140275,7,true,true,
14035498,1.5443685962974398,1.013994642507261,2.5089711366614486e-9,4,true,true,
14035499,1.4488369491973363,0.9156854814689914,1.7123383396207157e-9,3,true,true,
14035500,2.198053917245631,0.8689422003719236,0.00019525472644659533,7,true,true,
14035501,1.6569979220891518,0.9697527170891641,0.000163030301415623,5,true,true,
14035502,NaN,NaN,NaN,0,false,false,too few quoted selections (0 < 3)
14035503,2.0792120388083566,1.0214729663090807,0.0001871924353168285,7,true,true,
14035504,1.462442255051025,1.357149209646616,0.0009297090504547852,5,true,true,
14035505,1.525084330965065,1.2767636737795638,0.000738693008253711,5,true,true,
14035506,1.3312897592847528,1.3829948222966462,0.00010486722097999648,5,true,true,
14035507,0.9069633876454912,1.7514661187133613,0.00044498510186544887,5,true,true,
14035508,1.6164124885597675,1.3147231981108487,2.4216518175347557e-9,3,true,true,
14035509,1.4087362569142996,1.499063952471237,0.0002530838636619101,5,true,true,
14035510,1.0283479321634088,1.4524466354294128,9.795651034739917e-9,3,true,true,
14035511,1.3694562326902553,1.4895098156224538,0.0006716950925805543,7,true,true,
14035512,1.2616753530877638,0.8304017359870163,1.096058159409205e-9,3,true,true,
14035513,1.6040975239474653,1.1458735592303495,0.0010831252698901687,5,true,true,
14035514,1.0953838206048294,1.723478537866258,0.0013264416245707192,7,true,true,
14035515,0.9669389702603409,2.0397777373998807,6.876808795893717e-6,5,true,true,
14035516,1.6473468647116198,1.220105807146062,0.0011776319135955793,7,true,true,
14035517,NaN,NaN,NaN,2,false,false,too few quoted selections (2 < 3)
14035518,1.7060304640969572,1.081891699599779,0.0005888165499013027,7,true,true,
14035519,NaN,NaN,NaN,2,false,false,too few quoted selections (2 < 3)
14035520,1.3665187890653065,1.236280916532779,1.1928618765174787e-11,3,true,true,
14035521,NaN,NaN,NaN,2,false,false,too few quoted selections (2 < 3)
14035522,0.9615285828011864,1.4696280391641998,1.1667380207573422e-8,3,true,true,
14035523,1.4619609996068679,1.2719138810650663,0.00011895261542998933,7,true,true,
14035524,1.5431848716386742,1.025934258954318,3.9788939946595505e-9,3,true,true,
14035525,1.4794012012402098,1.0065952411043009,6.600925042976996e-5,4,true,true,
14035526,NaN,NaN,NaN,0,false,false,too few quoted selections (0 < 3)
14035527,1.5410573540212478,1.2378154241740196,0.0019072786760514196,5,true,true,
14035528,1.2694080501247262,1.2593253104016668,0.0007695613041953579,5,true,true,
14035529,2.9359454568228887,0.5138165593528626,0.0003083743276883145,7,true,true,
14035530,1.230202086776015,1.4675399735533168,0.00016540255755079827,5,true,true,
14035531,1.5841112587784374,1.2912180486952465,0.00022289448482948763,7,true,true,
14035532,1.9953030286967048,0.9494005416120546,0.00022870446523948708,9,true,true,
14035533,1.0757476125572991,1.7248740440984007,0.0014421989077238915,5,true,true,
14035534,1.5825652805254236,1.1167259408917707,0.0037579612933177917,17,true,true,
14035535,1.1463478338352107,1.7737044056343665,0.0015584678198157348,11,true,true,
14035536,1.7228005689271337,0.8851522556075045,1.0502687416282675e-9,3,true,true,
14035538,1.3337158065043853,1.3228358629855708,0.0005939872114481458,5,true,true,
14035539,1.3413673589297381,1.5356065841542696,0.0003079284857123124,9,true,true,
14035540,2.2867369793709544,0.7436684527681723,1.9130726188970276e-5,5,true,true,
14035541,1.8996341687063025,0.9480504769229223,0.00031459743088450685,7,true,true,
14035542,NaN,NaN,NaN,0,false,false,too few quoted selections (0 < 3)
14035543,1.2183651733319893,1.3693445775027995,0.00015186958468558175,5,true,true,
14035544,1.7319798676865763,1.0208104805807847,2.0714407153106394e-5,6,true,true,
14035545,1.511515722861161,1.3672164549211812,0.00013784681539743505,9,true,true,
14035546,2.38978232584083,0.7950552461504081,1.454844985758447e-8,3,true,true,
14035548,1.043371370442795,1.7507144053458557,0.0005187004465622376,5,true,true,
14035549,1.7745647436210814,1.059343709295006,0.000260003856194024,13,true,true,
14035550,NaN,NaN,NaN,0,false,false,too few quoted selections (0 < 3)
14035551,2.350884399422024,0.7403465674352762,7.3690776032604015e-9,3,true,true,
14035552,1.998286272544194,1.022572622655192,0.00021508865280260483,8,true,true,
14035553,1.6362101530210031,1.1180233256678505,0.00034110079787342623,11,true,true,
14035554,1.498401521297167,1.152840604375763,0.0011948166338187046,11,true,true,
14035555,0.9642173857766528,1.8088891004054237,0.000759466553596052,5,true,true,
14035556,1.4642134512557807,1.0965801029445192,0.0007328220543302965,5,true,true,
14035558,NaN,NaN,NaN,0,false,false,too few quoted selections (0 < 3)
14035559,1.2128912492757324,1.4651589501751596,0.00011612895012598315,7,true,true,
14035560,1.667579401971512,1.0027566875503444,0.0006848397011397858,7,true,true,
14035561,1.6056345088417476,1.0371619987862708,0.0003751442154866109,7,true,true,
14035562,1.313106922572612,1.3905576564126052,0.0004116182646113134,5,true,true,
14035563,NaN,NaN,NaN,0,false,false,too few quoted selections (0 < 3)
14035564,NaN,NaN,NaN,2,false,false,too few quoted selections (2 < 3)
14035565,NaN,NaN,NaN,2,false,false,too few quoted selections (2 < 3)
14035566,1.8151782114873933,1.0091329737097927,9.261143740908028e-5,4,true,true,
14035567,1.5316109211168447,1.1281095573237112,0.0011862653232752865,7,true,true,
14035568,1.396877250785858,1.3045953021543513,0.0004887720773136886,7,true,true,
14035569,1.1167447883730033,1.4752961270118496,0.001661446310419272,7,true,true,
14035570,1.6048590277886967,1.0473434571650309,0.0005948127907887539,10,true,true,
14035571,NaN,NaN,NaN,2,false,false,too few quoted selections (2 < 3)
14035572,1.541760974061602,1.0312747861139675,2.457259031756269e-7,4,true,true,
14035573,1.3628919752560331,1.200607191127487,0.0011142123566562836,7,true,true,
14035574,1.5586057464873442,1.236941766146002,0.00042557238998714586,9,true,true,
14035575,0.8346165556333653,2.025111593072582,0.00041935660936426913,7,true,true,
14035576,1.73607495743874,0.9810213477862451,0.0009055428292480805,5,true,true,
14035580,1.0340732156412955,1.6483775236682934,0.001689417545597944,13,true,true,
14035582,1.1890143059866303,1.2894644779142397,0.0015124964314005966,7,true,true,
14035583,1.9628535161648635,1.0080305467267676,5.6389585075480866e-5,8,true,true,
14035585,1.5357713325687308,0.8707510280730207,0.000781910551406275,9,true,true,
14035586,0.8899221975403979,1.6125004009680863,1.5594245062684716e-8,7,true,true,
14035587,1.53141769958425,1.0159486633121815,1.7770955846728317e-6,6,true,true,
14035588,1.812624107503905,0.6810347278227694,1.7288568641512357e-9,3,true,true,
14035590,0.9149243574382554,1.5061503983047273,0.0010688760569978577,13,true,true,
14035591,1.2234487912674765,1.2631276962228546,7.878804788624405e-8,3,true,true,
14035592,NaN,NaN,NaN,2,false,false,too few quoted selections (2 < 3)
14035593,1.378152190260276,1.1880624686931294,4.8269426635809344e-5,5,true,true,
14035594,1.7246873977611175,1.0235628075991499,1.2390482249564146e-5,4,true,true,
14035595,1.272525241850854,1.2786352543797648,9.611250416283898e-5,5,true,true,
14035596,1.4025131910199231,1.3631438489916234,0.0008771637709106578,7,true,true,
14035597,1.5507777912836345,0.8038350054077978,0.00038034341958721247,7,true,true,
14035598,2.518007790833074,0.68745241001168,0.0005592363264545891,7,true,true,
14035602,NaN,NaN,NaN,2,false,false,too few quoted selections (2 < 3)
14035603,0.9161252490240631,2.2068625452325703,0.0007438720521004373,17,true,true,
14035604,1.618712416701965,0.8449502112425414,0.0011606781538313592,9,true,true,
14035605,1.0787477467635465,1.329873307097068,9.989160567219679e-6,9,true,true,
14035606,NaN,NaN,NaN,2,false,false,too few quoted selections (2 < 3)
14035607,1.6937204411607751,0.9787495846327435,0.0005013575064369094,5,true,true,
14035608,1.9838808513290094,0.6598268444103995,0.00014378687948657232,5,true,true,
14035609,1.6386064825908107,1.0167075559662353,0.0007755701777880903,7,true,true,
14035610,1.178645323134688,1.7363850783607186,0.0009452515591419242,7,true,true,
14035611,NaN,NaN,NaN,2,false,false,too few quoted selections (2 < 3)
14035612,1.2074632912634116,1.5114254530452325,0.0015703382801574462,5,true,true,
14035613,1.488611256577325,1.280318730251099,0.00048467524578099197,9,true,true,
14035614,0.7103900494222799,1.9856454691331569,0.0004229746082085457,5,true,true,
14035615,1.9056787712736685,1.0243473467919422,0.0003410170456867755,7,true,true,
14035616,1.4701386609192844,0.993246664877753,0.0008053597016764089,5,true,true,
14035617,1.7305424099642643,0.9876407080866157,0.0009184034000487011,13,true,true,
14035618,1.4844047031695038,1.2782122062721455,0.0017001654011782337,7,true,true,
14035619,1.3663573172989603,1.3172229876106423,0.00047686804698595454,9,true,true,
14035620,2.441354148233958,0.7301239842700625,0.0018079939107733464,11,true,true,
14035621,1.2885121067546954,1.0848896316413736,0.002145338641433134,9,true,true,
14035622,1.2865510365075863,1.5801901630750064,0.0008342213891257796,7,true,true,
14035623,1.259957261824489,1.6754104648700352,0.0005632438711919561,5,true,true,
14035624,2.3015644783743854,0.7020693066685644,0.0003927119674123881,9,true,true,
14035625,1.6821414714983622,1.1175078721487899,2.2961733147405276e-6,5,true,true,
14035626,1.1127733262319273,1.2351283439420684,0.0006696870344194519,5,true,true,
14035627,NaN,NaN,NaN,2,false,false,too few quoted selections (2 < 3)
14035628,0.930692732850438,1.8899230957299955,0.0005345824212609113,9,true,true,
14035629,1.8875664047479548,0.9827230736494927,7.671530946879692e-5,12,true,true,
14035630,1.8079866436269771,1.2186191833431117,0.0016853171354824438,13,true,true,
14035631,1.6561879069707053,0.8622909437106131,0.005722712318383885,13,true,false,residual SSE 5.723e-03 exceeds 5.000e-03
14035632,1.6304097052605053,1.335772195812148,0.0006581322909337155,5,true,true,
14035633,NaN,NaN,NaN,2,false,false,too few quoted selections (2 < 3)
14035634,NaN,NaN,NaN,0,false,false,too few quoted selections (0 < 3)
14035635,0.9128765881465841,1.646064807365382,0.0006780043078622359,5,true,true,
14035636,1.3831393726192038,1.5718067715600992,0.001031390340579152,11,true,true,
14035637,2.1065707384039905,0.9182133345406392,0.0007704635038750928,13,true,true,
14035638,1.725344649542396,0.9367969032951501,0.0001880413924054228,5,true,true,
14035640,1.1397189860351522,1.2761129762010461,8.9033715503631e-10,3,true,true,
14035641,1.049889782281538,1.3792100439139217,0.0009021685931317866,11,true,true,
14035642,1.538497364861816,1.3451031556805662,0.00042533096371087577,7,true,true,
14035643,1.3298681631855955,1.4088726721838811,0.001688812596876618,5,true,true,
14035644,1.568214294131934,0.8885407134178221,8.915808698109643e-9,3,true,true,
14035645,1.7509102029437948,1.263336835493033,4.375715981614056e-5,7,true,true,
14035646,1.821421032759967,1.1049518675278283,0.0006214765687331893,7,true,true,
14035647,1.0635403099815595,1.5538423888965929,0.0009933190834527728,11,true,true,
14035648,2.5018608586227695,0.615320844643486,0.00011598545819017907,9,true,true,
14035650,1.557294214543605,1.457020637332206,0.00017241976210811792,9,true,true,
14035651,NaN,NaN,NaN,2,false,false,too few quoted selections (2 < 3)
14035652,0.897334556332677,2.107746231321852,0.000607594563472529,5,true,true,
14035653,1.6831308894973587,1.0075397335626937,5.636439413414572e-7,4,true,true,
14035654,2.1204906419071814,1.1891395727745016,0.00043990234353452607,7,true,true,
14035655,NaN,NaN,NaN,0,false,false,too few quoted selections (0 < 3)
14035656,1.5821579051740062,1.1492653213774342,0.00016027213384406234,7,true,true,
14035662,1.6254122940171347,1.3941460929525913,0.0006464278753432185,15,true,true,
14035663,NaN,NaN,NaN,0,false,false,too few quoted selections (0 < 3)
14035664,NaN,NaN,NaN,2,false,false,too few quoted selections (2 < 3)
14035665,1.5143753545231204,0.7766196241263303,0.0010656738021724867,11,true,true,
14035666,1.4441122242591358,1.3288536460616138,0.0003827230931005523,7,true,true,
14035667,1.3872285504527053,1.0604703067333296,0.0019750365804342297,5,true,true,
14035668,2.2007669265048126,1.2489306097587831,0.0001286400987215725,8,true,true,
14035669,1.7121790877598417,1.276337984435962,7.911452312980132e-5,12,true,true,
14035670,NaN,NaN,NaN,0,false,false,too few quoted selections (0 < 3)
14035671,1.6956129878514083,1.0035523897274017,1.3649871716519727e-10,6,true,true,
14035672,1.7110862803389988,1.0271112666938635,0.0006350517279361745,9,true,true,
14035673,2.103165317150775,1.036112057649703,4.4024623555381914e-5,4,true,true,
14035674,1.5777842607438393,0.906279738735027,0.00019826274222710155,5,true,true,
14035675,1.629987164539115,1.447539568850127,0.0017359193379287165,11,true,true,
14035676,NaN,NaN,NaN,0,false,false,too few quoted selections (0 < 3)
14035677,1.5232017960748592,1.4451938623541438,0.0006249415100446908,11,true,true,
14035678,1.8124981913291325,1.3168626278513802,0.0007248193979357475,9,true,true,
14035679,1.0373988736727022,1.326729237453898,2.5166563416882546e-9,3,true,true,
14035680,1.5613459368398082,1.4394138204785885,0.0008375261021793903,7,true,true,
14035681,1.2326037993983114,2.0964092404808876,0.0003473152762028525,5,true,true,
14035682,1.5512517411939792,1.4959014045290147,0.0007983335411577704,7,true,true,
14035683,NaN,NaN,NaN,0,false,false,too few quoted selections (0 < 3)
14035684,2.0470400969064078,1.0746232563702192,3.481046813083385e-5,5,true,true,
14035685,1.5263116483701118,0.8883370548063363,4.232490728497016e-9,3,true,true,
14035686,NaN,NaN,NaN,0,false,false,too few quoted selections (0 < 3)
14035687,1.4754120953192007,1.9845899642778422,0.00014273157956759,5,true,true,
14035688,NaN,NaN,NaN,0,false,false,too few quoted selections (0 < 3)
14035689,1.2783699149258727,1.2728637800660731,3.6491056529770965e-9,3,true,true,
14035690,1.805516161875399,1.050340767052448,0.0004476991483345205,7,true,true,
14035691,1.4017788866977705,1.3218062199954577,1.5968293748382684e-9,5,true,true,
14035692,NaN,NaN,NaN,0,false,false,too few quoted selections (0 < 3)
14035693,NaN,NaN,NaN,0,false,false,too few quoted selections (0 < 3)
14035694,2.141986267161412,1.259749688114463,5.467972732263256e-5,7,true,true,
14035695,1.5340571761170767,1.149658123817128,0.00010045868290839389,5,true,true,
14035696,1.6481780297282216,1.2025711785307853,0.0002884342466985265,5,true,true,
14035697,1.1600947323329065,1.5779581852068465,3.7668416891540008e-6,5,true,true,
14035698,1.915218188859238,1.0137474868250431,6.639660645853625e-5,5,true,true,
14035699,1.1227080429382164,1.405149946257737,1.971469574904655e-9,3,true,true,
14035700,NaN,NaN,NaN,0,false,false,too few quoted selections (0 < 3)
14035701,1.321444294547762,1.056629680340395,0.003230853712016036,9,true,true,
14035702,1.5672923375802963,1.7078925822935236,7.296596055934462e-5,7,true,true,
14035703,2.1994491033551893,1.3265597152972803,1.2808263350225448e-8,4,true,true,
14035704,1.8148039544715888,1.3250839329474442,0.00020154292921968528,8,true,true,
14035705,1.2852681654245097,1.384637096288871,0.0019152077888084742,5,true,true,
14035706,NaN,NaN,NaN,0,false,false,too few quoted selections (0 < 3)
14035707,1.8247303832298467,1.2881148695791786,0.0024301181154213745,5,true,true,
14035708,NaN,NaN,NaN,0,false,false,too few quoted selections (0 < 3)
14035709,2.18364760017153,1.2522846937783494,1.7005929519847056e-5,5,true,true,
14035710,1.995910325744843,0.9900227661027609,1.4870672295653073e-8,3,true,true,
14035711,1.3578289783292201,1.2508890767812841,7.754252223644282e-5,5,true,true,
14035712,1.3808630129193895,1.5053942906789202,2.620475668936715e-9,4,true,true,
14035713,1.3548198955287227,1.8109880015396806,0.0007356241302085438,5,true,true,
14035714,1.6383606405965534,1.3776705285515718,0.00026550032340226255,7,true,true,
14035715,1.174384428552844,1.229772789749134,0.003215202116127094,7,true,true,
14035716,NaN,NaN,NaN,0,false,false,too few quoted selections (0 < 3)
14035717,1.8341107719980663,1.0035809105844236,1.0637020926671213e-5,4,true,true,
14035718,1.646294916206817,1.3342244240453394,0.0005091512334764054,11,true,true,
14035719,NaN,NaN,NaN,0,false,false,too few quoted selections (0 < 3)
14035720,2.6206081117331177,0.9615378444944714,0.0004227649831181504,11,true,true,
14035721,1.62774685136345,1.4651626261213049,0.000519368503232828,9,true,true,
14035722,1.7602736797805683,1.3541919120675574,3.3989662695022594e-9,4,true,true,
14035723,1.325168831264004,1.3353440100690313,0.001823159941102284,5,true,true,
14035724,1.156364983631338,1.8468261444830534,0.0012289063995934834,11,true,true,
14035725,NaN,NaN,NaN,0,false,false,too few quoted selections (0 < 3)
14035726,NaN,NaN,NaN,2,false,false,too few quoted selections (2 < 3)
14035727,1.4394458706931885,1.1611834997524968,0.0010296246776576024,7,true,true,
14035728,0.9990604833842981,1.9031266147025836,8.562600860196138e-5,5,true,true,
14035729,2.4652132750060582,1.0178975717854633,5.143166716954055e-5,4,true,true,
14035730,NaN,NaN,NaN,0,false,false,too few quoted selections (0 < 3)
14035731,NaN,NaN,NaN,0,false,false,too few quoted selections (0 < 3)
14035732,1.893287158179813,1.206612144962704,0.0009121840011392484,9,true,true,
14035733,1.4984262431777478,1.173206228798546,7.318774269997898e-10,3,true,true,
14035734,1.1726089029552742,1.7110774398936701,0.0005278917167062598,9,true,true,
14035735,1.7048718323677063,1.1065090847826258,0.00045469363718227487,9,true,true,
14035736,1.898995377852384,0.923712116980901,0.0010015022783681684,5,true,true,
14035737,1.5384199582352338,1.1226563385915334,0.0025609398612415437,13,true,true,
14035738,NaN,NaN,NaN,0,false,false,too few quoted selections (0 < 3)
14035739,1.1168543946330343,2.19158915787021,0.0010955276466049376,7,true,true,
14035740,1.1835250431232829,1.2658012536100267,5.055808602622632e-9,3,true,true,
14035741,1.588736479301801,1.061041505705265,1.2163244662304853e-9,3,true,true,
14035742,1.9822605937507134,1.1722107719809196,0.00010040126274454027,7,true,true,
14035743,2.1110692006241565,1.011176360465109,0.00022548610684165692,7,true,true,
14035744,1.378899503668916,1.4175786106359278,0.001164850430285919,9,true,true,
14035745,1.7442499080340577,1.1956031663212112,2.4475016726937073e-9,4,true,true,
14035746,1.5848383926418608,1.2895894039933145,0.0006122145393721568,9,true,true,
14035747,NaN,NaN,NaN,0,false,false,too few quoted selections (0 < 3)
14035748,1.7851230730253727,1.2538311599070129,0.0011440889722481597,9,true,true,
14035749,1.7221457150572963,1.4126711596064967,0.0006815306695067343,9,true,true,
14035750,NaN,NaN,NaN,0,false,false,too few quoted selections (0 < 3)
14035751,1.1611536187483915,1.4912920391394515,3.8168119203630626e-7,5,true,true,
14035752,1.8094931606890816,0.98962364526552,0.0011984170828477233,13,true,true,
14035755,NaN,NaN,NaN,0,false,false,too few quoted selections (0 < 3)
14035756,1.7836389136959712,1.2224843283662643,0.0004979385552074791,5,true,true,
14035760,1.7491869390122534,1.4825956363335653,0.0007450964792651389,9,true,true,
14035761,1.3755603161265724,1.2942316975248784,0.000657483303986905,5,true,true,
14035766,NaN,NaN,NaN,0,false,false,too few quoted selections (0 < 3)
14035767,0.983278603027709,1.8905366640814298,2.1286977289153407e-9,3,true,true,
14035768,1.5699364417236963,1.3466689024266765,1.900671531777308e-5,6,true,true,
14035769,2.0744820956827024,1.0700015694451595,0.0007832024372507016,9,true,true,
14035770,1.6593304057777076,1.3049879923461645,0.00021666687649122006,13,true,true,
14035771,1.4315966967673355,1.9426355898234944,0.00042750751800062144,13,true,true,
14035772,1.5893653151727163,1.4834402121013008,0.0002643989308629273,5,true,true,
14035773,NaN,NaN,NaN,0,false,false,too few quoted selections (0 < 3)
14035774,1.7562080072045057,1.2877919000404394,2.8509770930513238e-9,4,true,true,
14035775,1.6039261438490893,0.9644978547769156,1.196915677661e-9,3,true,true,
14035776,1.3444485510235258,1.6522167152798417,1.0448863110025365e-9,3,true,true,
14035777,1.690145976364079,1.1391319033275438,1.103890719150766e-5,6,true,true,
14035778,1.5650072811789664,1.5582132859168945,0.001343997553805953,11,true,true,
14035781,1.4219163158893258,1.2767563590091795,0.0007570318320972801,5,true,true,
14035782,1.4105593067602928,2.1608484459508195,0.002907318051042141,7,true,true,
14035786,2.1952666370449414,1.17000832648318,0.0005917882414879153,11,true,true,
14035787,NaN,NaN,NaN,0,false,false,too few quoted selections (0 < 3)
14035788,1.852588757414564,1.1292392767290822,0.0011799441698686613,7,true,true,
14035789,1.8687850106501966,1.2614045894198687,0.0013081651428525607,5,true,true,
14035790,1.3917690192086296,1.3422648460841469,0.0007405247626525752,5,true,true,
14035791,1.5132709857483289,1.5945351057439632,0.002011373866999712,11,true,true,
14035792,NaN,NaN,NaN,0,false,false,too few quoted selections (0 < 3)
14035793,1.2374465343664969,1.4614675926040752,0.0009569452359538081,7,true,true,
14035794,NaN,NaN,NaN,2,false,false,too few quoted selections (2 < 3)
14035795,1.6507807267396652,1.2554278834010204,0.0008111938115874166,7,true,true,
14035796,NaN,NaN,NaN,0,false,false,too few quoted selections (0 < 3)
14035797,NaN,NaN,NaN,0,false,false,too few quoted selections (0 < 3)
14035798,NaN,NaN,NaN,0,false,false,too few quoted selections (0 < 3)
14035799,2.106313369109563,1.2192604423602291,0.0008712321029790279,7,true,true,
14035800,1.338473368814331,1.4402487054612867,0.0005824237852079649,7,true,true,
14035801,1.18068619727764,1.3640298286184676,3.830447553797951e-5,5,true,true,
14035802,1.0193058880513726,1.30850197739463,1.0443639309892412e-7,3,true,true,
14035803,1.673867328169312,1.3992347786883528,0.0022608991551241932,5,true,true,
14035804,1.8695913066191172,1.0547200450543355,0.001781373622145668,7,true,true,
14035805,1.242472147354592,1.8362200039387997,0.0007491018930029944,7,true,true,
14035806,NaN,NaN,NaN,0,false,false,too few quoted selections (0 < 3)
14035807,1.4579822296590401,1.0541612525236883,1.3704037616817505e-8,3,true,true,
14035808,1.484971326458428,1.4380701103812614,0.0008669724696702375,7,true,true,
14035809,1.4374895430358776,1.6355015175196774,0.0007456824610009049,9,true,true,
14035810,NaN,NaN,NaN,0,false,false,too few quoted selections (0 < 3)
14035811,2.639825254090071,0.884384447946252,0.00025662603663057475,7,true,true,
14035812,1.766297903530906,1.3039002950177467,0.002068298136393246,7,true,true,
14035813,1.59087977277837,1.3245077489746542,0.000122498014999876,13,true,true,
14035814,1.2920235259970174,1.2656297863292765,0.00045508597192159815,5,true,true,
14035815,1.5100585618328688,1.4268331837195054,0.001972114420685044,7,true,true,
14035816,NaN,NaN,NaN,0,false,false,too few quoted selections (0 < 3)
14035817,2.2734819206635843,1.0088068018153022,0.0003312547336310776,7,true,true,
14035818,1.893590237778888,1.376400279200055,0.0003552253527147562,11,true,true,
14035819,NaN,NaN,NaN,0,false,false,too few quoted selections (0 < 3)
14035820,1.41245656831384,1.0956705062637178,9.656396343316967e-9,3,true,true,
14035821,2.027077349055304,1.0530497811875996,7.131801386938071e-5,7,true,true,
14035822,NaN,NaN,NaN,0,false,false,too few quoted selections (0 < 3)
14035823,1.1975077862841979,1.813741389499698,0.0012092845650678926,5,true,true,
14035824,1.7403811793362611,1.252085579249704,0.001254502707750183,9,true,true,
14035826,0.9473959179008418,2.2782537431980034,6.087806003510845e-11,3,true,true,
14035827,1.3392393400807354,1.1931977410201062,0.0007257167636510576,5,true,true,
14297746,1.333863252146467,1.2081771949144673,0.0001465561774405751,5,true,true,
14343735,NaN,NaN,NaN,2,false,false,too few quoted selections (2 < 3)
14501655,1.0306779418827545,1.7909006747096206,0.00107043136650457,9,true,true,
15017622,0.9721401697955737,1.7795083312560591,0.0004751059256886342,9,true,true,
15305942,0.8111179038765337,1.9116881066078173,0.0005104005596805615,7,true,true,
15332289,1.5882822191792745,1.1226827062754146,0.00029146479296536445,11,true,true,
15336943,1.8642328420931655,1.321580804387409,0.0010718660343966662,13,true,true,
15363335,1.8977737050290282,0.9710575499964126,1.1536509923507371e-5,5,true,true,
15366428,1.5148171087886484,1.661398885291134,0.0005660292930712398,11,true,true,
15368752,1.5972119403726122,1.214419866402304,0.0011957804317633254,7,true,true,
15374710,1.542931964043458,1.0098937523993627,8.395311139527542e-5,7,true,true,
15395623,1.3463155684607282,1.6198763146449202,0.0009947702981914764,7,true,true,
15399013,1.2773304987967247,1.7294565866524387,0.0007418561489012081,9,true,true,
15399014,NaN,NaN,NaN,0,false,false,too few quoted selections (0 < 3)
15416466,1.8121859543751357,1.369399940397358,0.000602089825454001,7,true,true,
15416481,1.8274525817892373,1.2073877646851137,0.0007336395662677262,7,true,true,
15422405,1.6728170365703166,1.2769653311297446,0.0015248310444035398,13,true,true,
15456958,1.5718350312762597,1.3141240485002572,0.0018273106971886444,9,true,true,
15457468,2.38984916434428,0.6922507282228721,9.607993503639931e-5,7,true,true,
15458714,NaN,NaN,NaN,0,false,false,too few quoted selections (0 < 3)
15490658,1.5663067123295626,1.0933298089995218,0.0007038466956492172,5,true,true,
15490775,1.1438820684515971,1.4038552781824833,0.00041542651700753486,5,true,true,
15530801,1.3467080378051244,1.4083382278347574,0.0008825624293969137,5,true,true,
15547533,1.2499915667732848,1.6389416764050637,0.0005708176013298153,5,true,true,
15588896,1.5809380040814285,1.1367673494752928,0.00045693492286736487,5,true,true,
15588903,NaN,NaN,NaN,0,false,false,too few quoted selections (0 < 3)
15588927,1.250438511385144,1.4489203373047346,0.0006943277401203706,11,true,true,
15588942,1.4973260448112256,1.247667144054904,0.0009054619690476081,5,true,true,
15680573,0.8108694974897769,2.1382542205010937,0.0010842249073978883,13,true,true,
15881894,1.5059583828289882,1.5060371404289128,0.0004608415437869078,9,true,true,
