model,container,price,trust,family,selection,n_bets,win_rate,mean_odds,p_model,p_market,stake_units,pnl_units,mean_payoff,flat_roi,kelly_roi,capital_share,efficiency,edge,calibration
m12_joint_hybrid_synergy,raw,close,flat_1.0,1X2_away,away,332,0.25903614457831325,4.548901522768889,0.3270017631463512,0.25737235261982894,4155.12892879064,194.22389976421584,0.018452190583633912,1.8452190583633912,4.6743170450969656,33.23572449251034,0.7316049745482992,0.06962941052652227,-0.06796561856803796
m12_joint_hybrid_synergy,raw,close,flat_1.0,1X2_home,home,249,0.3654618473895582,3.389371095635458,0.3922939860018016,0.3234590276034429,3402.7295435402025,241.23201159483025,0.10577206689524055,10.577206689524054,7.089367771023385,27.21749037629583,1.1095988307261908,0.06883495839835868,-0.026832138612243372
m12_joint_hybrid_synergy,raw,close,flat_1.0,1X2_draw,draw,322,0.2546583850931677,4.121978664511684,0.2540293293131625,0.2482456397586787,2000.6961172260746,137.12207123667812,0.030920750363786217,3.092075036378622,6.853718066229626,16.00301364528643,1.072715903313556,0.0057836895544838285,0.000629055780005161
m12_joint_hybrid_synergy,raw,close,flat_1.0,O/U 2.5_under_25,under_25,122,0.5,2.2593462063631224,0.49263422863322054,0.4479964660598687,971.1452121508601,478.35131175732045,0.1246285623357847,12.46285623357847,49.256414568309914,7.7679213488715275,7.709412429434662,0.044637762573351836,0.007365771366779461
m12_joint_hybrid_synergy,raw,close,flat_1.0,O/U 3.5_under_35,under_35,56,0.5178571428571429,1.5827227917796554,0.6983102794569328,0.6341513668404505,815.9243743724248,-202.51968237310734,-0.20682964935204606,-20.682964935204605,-24.820888888002283,6.52635289496504,-3.884863950814097,0.06415891261648232,-0.1804531365997899
m12_joint_hybrid_synergy,raw,close,flat_1.0,O/U 2.5_over_25,over_25,49,0.5510204081632653,2.102694965321857,0.5203618973648688,0.4764979290296598,374.25852771875117,-22.309632297026578,0.14938548578459737,14.938548578459738,-5.961021765626108,2.9935902181146727,-0.9329947316468942,0.043863968335209,0.030658510798396432
m12_joint_hybrid_synergy,raw,close,flat_1.0,BTTS_btts_yes,btts_yes,22,0.5454545454545454,1.8717151782911863,0.5492760951718674,0.5381370717944668,186.6820460727565,-48.42301140458137,-0.0286902244438399,-2.86902244438399,-25.938761880566297,1.49321793795171,-4.059828856784882,0.011139023377400581,-0.0038215497173219592
m12_joint_hybrid_synergy,raw,close,flat_1.0,BTTS_btts_no,btts_no,33,0.30303030303030304,2.4358483791107175,0.4461938054218609,0.41235920520370617,183.75180813923868,-86.10724868718783,-0.29092900481047607,-29.092900481047607,-46.86062660234599,1.4697797769884964,-7.334433501614459,0.03383460021815471,-0.14316350239155784
m12_joint_hybrid_synergy,raw,close,flat_1.0,O/U 1.5_over_15,over_15,15,0.7333333333333333,1.3799479284294762,0.7562529936091535,0.7234061756194675,180.3034663146975,0.8154960407280138,0.014553633331182713,1.4553633331182714,0.4522908280114072,1.4421974466202763,0.07079070942840816,0.03284681798968603,-0.022919660275820264
m12_joint_hybrid_synergy,raw,close,flat_1.0,O/U 1.5_under_15,under_15,33,0.24242424242424243,5.040798622812367,0.24197913240850763,0.20347037329724035,145.66793588115323,105.85411808813546,0.2238763618269147,22.38763618269147,72.66809778543109,1.1651574397109659,11.373713275728553,0.03850875911126728,0.0004451100157348009
m12_joint_hybrid_synergy,raw,close,flat_1.0,O/U 3.5_over_35,over_35,16,0.1875,3.7163386246234844,0.3048055932772897,0.2728772763845612,85.70798613400582,0.5290560902808394,-0.21330921052631582,-21.33092105263158,0.6172774721992087,0.6855544226847363,0.09661374377915617,0.03192831689272846,-0.11730559327728968
m12_joint_hybrid_synergy,raw,close,canonical_P1,1X2_home,home,249,0.3654618473895582,3.389371095635458,0.3922939860018016,0.3234590276034429,4114.292960586232,317.48103177345934,0.10577206689524055,10.577206689524054,7.716539264822369,37.136256611993275,0.7057882985591061,0.06883495839835868,-0.026832138612243372
m12_joint_hybrid_synergy,raw,close,canonical_P1,1X2_away,away,332,0.25903614457831325,4.548901522768889,0.3270017631463512,0.25737235261982894,3891.2948935135137,111.05302669191994,0.018452190583633912,1.8452190583633912,2.853883597386482,35.123440917504915,0.261028626870016,0.06962941052652227,-0.06796561856803796
m12_joint_hybrid_synergy,raw,close,canonical_P1,1X2_draw,draw,322,0.2546583850931677,4.121978664511684,0.2540293293131625,0.2482456397586787,1836.9686496580873,176.08744647455535,0.030920750363786217,3.092075036378622,9.585762201621149,16.580768510021056,0.8767555716999411,0.0057836895544838285,0.000629055780005161
m12_joint_hybrid_synergy,raw,close,canonical_P1,O/U 2.5_under_25,under_25,122,0.5,2.2593462063631224,0.49263422863322054,0.4479964660598687,1236.3548781112422,606.6603321805317,0.1246285623357847,12.46285623357847,49.068462697968734,11.159533960480704,4.488015366990752,0.044637762573351836,0.007365771366779461
m12_joint_hybrid_synergy,raw,t25,flat_1.0,1X2_away,away,323,0.26625386996904027,4.538014187071875,0.32806686177605515,0.2565865195350505,4539.189420349665,209.760911177661,0.03497902377248089,3.497902377248089,4.621109448248198,32.719766414372536,0.5643325894408733,0.07148034224100464,-0.06181299180701488
m12_joint_hybrid_synergy,raw,t25,flat_1.0,1X2_home,home,257,0.35797665369649806,3.345870098560182,0.3924045986904689,0.32454571854503705,3831.726348070494,441.98460989461745,0.1002594758008738,10.02594758008738,11.53486887489195,27.620171678802837,1.408644935578484,0.06785888014543184,-0.03442794499397084
m12_joint_hybrid_synergy,raw,t25,flat_1.0,1X2_draw,draw,310,0.25806451612903225,4.120979036980516,0.25412242546105873,0.24779535571729613,2182.074047315487,236.06284863799655,0.043770938815172265,4.377093881517227,10.818278551473293,15.729009414532722,1.3211345060351143,0.006327069743762598,0.003942090667973519
m12_joint_hybrid_synergy,raw,t25,flat_1.0,O/U 2.5_under_25,under_25,124,0.5564516129032258,2.247814924847973,0.49319126192122636,0.4501829797486078,1132.363568407589,552.0436300191625,0.2282364276367896,22.82364276367896,48.751447452118754,8.162398178040245,5.953555285316664,0.04300828217261854,0.06326035098199939
m12_joint_hybrid_synergy,raw,t25,flat_1.0,O/U 3.5_under_35,under_35,59,0.576271186440678,1.5762057680078576,0.6990300388794237,0.636870956588233,958.2381232197321,-217.06749562624185,-0.12345469818946533,-12.345469818946533,-22.652771828455673,6.907252519697919,-2.7663697488947783,0.062159082291190715,-0.12275885243874574
m12_joint_hybrid_synergy,raw,t25,flat_1.0,O/U 2.5_over_25,over_25,54,0.5370370370370371,2.066402964266543,0.523502363382661,0.4851041974914895,400.3248488709994,-6.345155354135465,0.1014853712958755,10.148537129587549,-1.585001623563999,2.885655197865498,-0.1935613255888022,0.03839816589117151,0.013534673654376106
m12_joint_hybrid_synergy,raw,t25,flat_1.0,BTTS_btts_yes,btts_yes,25,0.48,1.859860501737967,0.5541994415780496,0.5445435110172414,275.33283466367965,-162.87118871133296,-0.16333275183007115,-16.333275183007114,-59.15429189921387,1.9846772633050151,-7.223956735471733,0.009655930560808157,-0.07419944157804959
m12_joint_hybrid_synergy,raw,t25,flat_1.0,BTTS_btts_no,btts_no,30,0.3,2.47156042846106,0.4454729562237417,0.40648797204218534,215.5714152957917,-51.9926930259797,-0.2646755005952405,-26.467550059524047,-24.118546957925307,1.553899981012613,-2.9453710652702654,0.03898498418155638,-0.14547295622374173
m12_joint_hybrid_synergy,raw,t25,flat_1.0,O/U 1.5_over_15,over_15,13,0.7692307692307693,1.3793973017407297,0.7560344892250341,0.7228384758519067,139.58522987429484,21.80817081741729,0.06047691423434309,6.047691423434309,15.623551888016305,1.006169977377062,1.9079572972612557,0.03319601337312739,0.01319628000573514
m12_joint_hybrid_synergy,raw,t25,flat_1.0,O/U 1.5_under_15,under_15,30,0.2,4.926816233423726,0.2438977261373899,0.20732959002848844,137.01320627967948,85.95938197878864,1.2021857923490605e-5,0.0012021857923490604,62.738026729571786,0.9876301008848432,7.661604529650683,0.036568136108901445,-0.043897726137389875
m12_joint_hybrid_synergy,raw,t25,flat_1.0,O/U 3.5_over_35,over_35,14,0.21428571428571427,3.74162191910806,0.29688245761210486,0.2709743305607886,61.508297243174724,26.659344814648254,-0.1033710021321962,-10.337100213219621,43.342680596814134,0.4433692741087329,5.293033512500155,0.025908127051316232,-0.08259674332639058
m12_joint_hybrid_synergy,raw,t25,canonical_P1,1X2_home,home,257,0.35797665369649806,3.345870098560182,0.3924045986904689,0.32454571854503705,4618.071369177746,541.7313549104772,0.1002594758008738,10.02594758008738,11.730683906839083,37.626985514218184,0.9036518735119866,0.06785888014543184,-0.03442794499397084
m12_joint_hybrid_synergy,raw,t25,canonical_P1,1X2_away,away,323,0.26625386996904027,4.538014187071875,0.32806686177605515,0.2565865195350505,4232.520312198208,97.02370475109578,0.03497902377248089,3.497902377248089,2.292338786218498,34.485603998812195,0.17658614411073267,0.07148034224100464,-0.06181299180701488
m12_joint_hybrid_synergy,raw,t25,canonical_P1,1X2_draw,draw,310,0.25806451612903225,4.120979036980516,0.25412242546105873,0.24779535571729613,1989.6996332743913,271.55350057360226,0.043770938815172265,4.377093881517227,13.647964548634635,16.211615909303458,1.0513460964376184,0.006327069743762598,0.003942090667973519
m12_joint_hybrid_synergy,raw,t25,canonical_P1,O/U 2.5_under_25,under_25,124,0.5564516129032258,2.247814924847973,0.49319126192122636,0.4501829797486078,1433.0048478410838,682.9394813769284,0.2282364276367896,22.82364276367896,47.65786259591666,11.675794577666165,3.6712366614250875,0.04300828217261854,0.06326035098199939
m12_joint_hybrid_synergy,inv_t25,close,flat_1.0,1X2_away,away,357,0.2661064425770308,4.417928207334327,0.29778711843979344,0.26576855412515155,1581.3341484743573,56.48741386523905,0.019391201584694574,1.9391201584694575,3.572136472214749,34.143041026915405,0.39548998432467636,0.032018564314641895,-0.03168067586276263
m12_joint_hybrid_synergy,inv_t25,close,flat_1.0,1X2_home,home,266,0.37593984962406013,3.290485108415888,0.36561111279930886,0.3358158573645286,1244.5641060796888,97.72460850453156,0.0995157769716328,9.95157769716328,7.852115292988716,26.87174205116723,0.8693489115812727,0.029795255434780232,0.010328736824751272
m12_joint_hybrid_synergy,inv_t25,close,flat_1.0,1X2_draw,draw,182,0.24175824175824176,4.3857393544703935,0.24552045950248758,0.2353384208801141,542.2765736220979,100.78194454966567,0.039799472892298265,3.9799472892298264,18.58497111105129,11.708449677746675,2.057639732008078,0.010182038622373463,-0.003762217744245816
m12_joint_hybrid_synergy,inv_t25,close,flat_1.0,O/U 2.5_under_25,under_25,100,0.51,2.2943737772658213,0.4719929689997438,0.44161005478495796,432.2057401769429,259.58173672608655,0.16825510410900807,16.825510410900808,60.05976149687763,9.331878612225516,6.649531538815171,0.03038291421478584,0.03800703100025621
m12_joint_hybrid_synergy,inv_t25,close,flat_1.0,O/U 3.5_under_35,under_35,43,0.5348837209302325,1.6114258831656394,0.6767617118924755,0.6227916280125266,399.6908634402096,-106.52871526068036,-0.17338336924019457,-17.33833692401946,-26.652777184789503,8.629840544257123,-2.9508689024095593,0.05397008387994884,-0.14187799096224296
m12_joint_hybrid_synergy,inv_t25,close,flat_1.0,BTTS_btts_yes,btts_yes,14,0.5714285714285714,1.910983515802657,0.5494181671984608,0.5293951015138969,93.55464682403162,-26.862351735603593,-0.0042852612151018975,-0.42852612151018976,-28.71300640590243,2.01996532349171,-3.1789676967028275,0.020023065684563912,0.02201040423011058
m12_joint_hybrid_synergy,inv_t25,close,flat_1.0,O/U 2.5_over_25,over_25,32,0.5625,2.102809047011702,0.5010317416878914,0.47696727725418775,87.55751961772181,-2.085830382394559,0.1531171004517884,15.311710045178838,-2.3822401451084314,1.8904796227963727,-0.2637503144056553,0.02406446443370369,0.06146825831210856
m12_joint_hybrid_synergy,inv_t25,close,flat_1.0,BTTS_btts_no,btts_no,27,0.2962962962962963,2.427687003172334,0.4375636670647304,0.4149324337460997,79.96641580357792,-26.780285764841732,-0.32679995519721944,-32.67999551972194,-33.489416145175674,1.7265779140930324,-3.707789097454686,0.02263123331863065,-0.1412673707684341
m12_joint_hybrid_synergy,inv_t25,close,flat_1.0,O/U 1.5_over_15,over_15,16,0.75,1.3627936155261406,0.7475333245973121,0.7328736693463515,70.21437503477198,-1.7243672499892342,0.020104615219020183,2.0104615219020183,-2.4558607110513804,1.516018793247681,-0.27190123380563513,0.01465965525096069,0.002466675402687857
m12_joint_hybrid_synergy,inv_t25,close,flat_1.0,O/U 1.5_under_15,under_15,29,0.27586206896551724,5.029521056909278,0.2290741563806153,0.20448808989805628,59.97351684261722,78.22526970619586,0.39268689449269606,39.26868944926961,130.4330208139619,1.2949054746344693,14.440924572277316,0.02458606648255901,0.04678791258490195
m12_joint_hybrid_synergy,inv_t25,close,flat_1.0,O/U 3.5_over_35,over_35,19,0.15789473684210525,3.628864208566496,0.29597325126599994,0.2801519376338522,40.159760702989864,-10.49424680595446,-0.3375235457063712,-33.752354570637124,-26.131248349727265,0.8671009594247834,-2.893127706795119,0.015821313632147727,-0.13807851442389468
m12_joint_hybrid_synergy,inv_t25,close,canonical_P1,1X2_home,home,266,0.37593984962406013,3.290485108415888,0.36561111279930886,0.3358158573645286,1443.5911149434105,111.96169708437552,0.0995157769716328,9.95157769716328,7.7557762669358405,37.28082640963802,0.5322630768328571,0.029795255434780232,0.010328736824751272
m12_joint_hybrid_synergy,inv_t25,close,canonical_P1,1X2_away,away,357,0.2661064425770308,4.417928207334327,0.29778711843979344,0.26576855412515155,1419.5116273453862,27.096775394883373,0.019391201584694574,1.9391201584694575,1.9088801298201954,36.65897221014734,0.13100254265129976,0.032018564314641895,-0.03168067586276263
m12_joint_hybrid_synergy,inv_t25,close,canonical_P1,O/U 2.5_under_25,under_25,100,0.51,2.2943737772658213,0.4719929689997438,0.44161005478495796,523.3440930002631,310.2085558072321,0.16825510410900807,16.825510410900808,59.27430154582372,13.515392330755022,4.0678741923486825,0.03038291421478584,0.03800703100025621
m12_joint_hybrid_synergy,inv_t25,close,canonical_P1,1X2_draw,draw,182,0.24175824175824176,4.3857393544703935,0.24552045950248758,0.2353384208801141,485.76109025790925,114.96482691372954,0.039799472892298265,3.9799472892298264,23.66694846898715,12.544809049459634,1.624214311731897,0.010182038622373463,-0.003762217744245816
m12_joint_hybrid_synergy,inv_t25,t25,flat_1.0,1X2_away,away,336,0.25595238095238093,4.463653093068483,0.2941780736904879,0.26193880563625627,1530.8058508302788,20.613587714379843,-0.007469550415074662,-0.7469550415074663,1.3465840689855895,33.94320083413119,0.12554251418933382,0.03223926805423161,-0.03822569273810694
m12_joint_hybrid_synergy,inv_t25,t25,flat_1.0,1X2_home,home,271,0.36900369003690037,3.2553688284754108,0.36537350703236054,0.3369703381948771,1246.3330168597452,214.67720981064164,0.09689543075677297,9.689543075677296,17.224706952844862,27.635465251543035,1.6058655874814038,0.02840316883748345,0.003630183004539822
m12_joint_hybrid_synergy,inv_t25,t25,flat_1.0,1X2_draw,draw,175,0.25142857142857145,4.379256951506981,0.24550022736605842,0.23554885234482287,518.3940993958969,121.01324306381626,0.07689453162619161,7.689453162619161,23.34386969389453,11.494570011918753,2.17635731758466,0.009951375021235553,0.005928344062513025
m12_joint_hybrid_synergy,inv_t25,t25,flat_1.0,O/U 2.5_under_25,under_25,103,0.5631067961165048,2.2595538466026013,0.476610140876895,0.4490514682597921,442.2519306657444,242.82675635611344,0.2567687539674758,25.67687539674758,54.90688440649065,9.806237736632449,5.118988463814754,0.02755867261710293,0.08649665523960981
m12_joint_hybrid_synergy,inv_t25,t25,flat_1.0,O/U 3.5_under_35,under_35,48,0.5625,1.586959195557941,0.6808210281356838,0.633369305785113,419.67179483227005,-116.0444792096657,-0.14204269683543813,-14.204269683543814,-27.651245720729246,9.30555890460298,-2.577935524562155,0.047451722350570824,-0.11832102813568379
m12_joint_hybrid_synergy,inv_t25,t25,flat_1.0,BTTS_btts_yes,btts_yes,17,0.4117647058823529,1.8609423464960804,0.5552107774964345,0.547868067661325,114.91352140932861,-83.10560749533707,-0.3083941005244016,-30.839410052440158,-72.32012949921715,2.54802575626328,-6.7424315294844686,0.00734270983510954,-0.14344607161408163
m12_joint_hybrid_synergy,inv_t25,t25,flat_1.0,BTTS_btts_no,btts_no,28,0.32142857142857145,2.448700596504545,0.43267435956271993,0.41170286514669213,70.36373579393613,-5.797225173903393,-0.22059822370567336,-22.059822370567336,-8.238938863167911,1.5602046557360063,-0.7681192158418296,0.020971494416027803,-0.11124578813414848
m12_joint_hybrid_synergy,inv_t25,t25,flat_1.0,O/U 2.5_over_25,over_25,31,0.41935483870967744,2.1118890660599465,0.4931898893968775,0.47373280565717546,65.68050808580628,0.3977420241138958,-0.10765654558018338,-10.765654558018339,0.6055708698146457,1.4563614815262915,0.05645758869969667,0.019457083739702064,-0.07383505068720009
m12_joint_hybrid_synergy,inv_t25,t25,flat_1.0,O/U 1.5_under_15,under_15,21,0.23809523809523808,5.064724903692219,0.22506607541956053,0.2009062692209526,47.118614832766,58.25768930762077,0.19896955503512878,19.896955503512878,123.64049646703266,1.0447808292783762,11.527047690220993,0.02415980619860794,0.013029162675677552
m12_joint_hybrid_synergy,inv_t25,t25,flat_1.0,O/U 1.5_over_15,over_15,9,1.0,1.3647622529975472,0.7476802284353261,0.7334862464414937,36.65336669497576,14.165844742167897,0.3574670079375961,35.746700793759615,38.64814072893793,0.8127304885200332,3.6031799778450995,0.014193981993832372,0.2523197715646739
m12_joint_hybrid_synergy,inv_t25,t25,flat_1.0,O/U 3.5_over_35,over_35,11,0.2727272727272727,3.6227146003292705,0.2923229367444123,0.2847016437722268,17.717792409337005,16.73297745969258,0.044594033200998334,4.459403320099834,94.44166108907879,0.3928640498475913,8.804829828613405,0.0076212929721855005,-0.01959566401713958
m12_joint_hybrid_synergy,inv_t25,t25,canonical_P1,1X2_home,home,271,0.36900369003690037,3.2553688284754108,0.36537350703236054,0.3369703381948771,1469.940523292271,241.13311252606545,0.09689543075677297,9.689543075677296,16.404276819717317,37.84454373649388,0.9633200775419066,0.02840316883748345,0.003630183004539822
m12_joint_hybrid_synergy,inv_t25,t25,canonical_P1,1X2_away,away,336,0.25595238095238093,4.463653093068483,0.2941780736904879,0.26193880563625627,1398.1992707124343,-11.187401946097472,-0.007469550415074662,-0.7469550415074663,-0.8001292934731025,35.99752004543488,-0.04698656463207272,0.03223926805423161,-0.03822569273810694
m12_joint_hybrid_synergy,inv_t25,t25,canonical_P1,O/U 2.5_under_25,under_25,103,0.5631067961165048,2.2595538466026013,0.476610140876895,0.4490514682597921,545.8589514219306,297.341171580851,0.2567687539674758,25.67687539674758,54.47216186641158,14.053482187684756,3.19880771153258,0.02755867261710293,0.08649665523960981
m12_joint_hybrid_synergy,inv_t25,t25,canonical_P1,1X2_draw,draw,175,0.25142857142857145,4.379256951506981,0.24550022736605842,0.23554885234482287,470.15568784452864,134.14171275124528,0.07689453162619161,7.689453162619161,28.531338920141565,12.10445403038654,1.6754662167057246,0.009951375021235553,0.005928344062513025
m12_joint_hybrid_synergy,std_t25,close,flat_1.0,1X2_away,away,336,0.2648809523809524,4.526230260038032,0.3033496053713448,0.2587997563464762,2058.9677722186284,145.43549495520858,0.03202616943042515,3.2026169430425147,7.06351487952118,34.84841791527502,1.0529901917568183,0.04454984902486864,-0.03846865299039243
m12_joint_hybrid_synergy,std_t25,close,flat_1.0,1X2_home,home,260,0.36153846153846153,3.3388739076859952,0.3726176212776849,0.32907584498484704,1736.6177024930885,105.62814644927212,0.08329749202770417,8.329749202770417,6.082406409748809,29.39258218225178,0.9067319034483947,0.04354177629283784,-0.011079159739223354
m12_joint_hybrid_synergy,std_t25,close,flat_1.0,1X2_draw,draw,284,0.23943661971830985,4.177490001559571,0.2483068195628331,0.24535770732276319,757.7460939767748,54.20330275617522,-0.014089109135902405,-1.4089109135902405,7.153227603154965,12.824995569559599,1.0663640742605625,0.002949112240069912,-0.008870199844523252
m12_joint_hybrid_synergy,std_t25,close,flat_1.0,O/U 2.5_under_25,under_25,125,0.504,2.2532159031833627,0.4784454405172404,0.4492234742108495,498.6567919334623,208.37464438548255,0.13057324733145398,13.057324733145398,41.78718664946748,8.439860262049038,6.229405392854991,0.0292219663063909,0.025554559482759587
m12_joint_hybrid_synergy,std_t25,close,flat_1.0,O/U 3.5_under_35,under_35,51,0.5098039215686274,1.5981995388033057,0.665980863409601,0.627691719462401,301.1516711202623,-70.98540949742927,-0.21338392371658413,-21.33839237165841,-23.571315156037063,5.097048838104883,-3.513882831630472,0.038289143947200066,-0.15617694184097364
m12_joint_hybrid_synergy,std_t25,close,flat_1.0,O/U 2.5_over_25,over_25,37,0.5405405405405406,2.1183276793730093,0.5078587244427297,0.4733046855764475,159.22176777403837,7.907731807970392,0.14611738544994202,14.611738544994202,4.966489141857005,2.694858452602038,0.740377056329875,0.03455403886628222,0.032681816097810845
m12_joint_hybrid_synergy,std_t25,close,flat_1.0,BTTS_btts_yes,btts_yes,23,0.5217391304347826,1.875584869536586,0.5519416154680817,0.5364267109898134,92.21767642577055,-9.41983920342291,-0.06705570532033953,-6.705570532033953,-10.214786978508714,1.5608015679614156,-1.522764612620745,0.01551490447826831,-0.030202485033299142
m12_joint_hybrid_synergy,std_t25,close,flat_1.0,BTTS_btts_no,btts_no,26,0.23076923076923078,2.4677011728306266,0.43442283097361933,0.4067666802226487,91.30144454779025,-59.73746429213973,-0.46241414828699884,-46.24141482869988,-65.42882709908399,1.5452941706033938,-9.753771934881016,0.02765615075097061,-0.20365360020438855
m12_joint_hybrid_synergy,std_t25,close,flat_1.0,O/U 1.5_over_15,over_15,14,0.7142857142857143,1.3791108756982482,0.7481358684129598,0.7238722096157969,89.37517540112303,-11.19367394009799,-0.011823488097542325,-1.1823488097542325,-12.524365843042963,1.5126917019557051,-1.8670640064670379,0.024263658797162857,-0.03385015412724546
m12_joint_hybrid_synergy,std_t25,close,flat_1.0,O/U 1.5_under_15,under_15,32,0.25,5.032232161864805,0.23086042128756407,0.20427670322501765,70.2480658228434,40.35785428907633,0.2621224981340058,26.21224981340058,57.450484673633085,1.1889617645138422,8.56440425267595,0.02658371806254642,0.019139578712435934
m12_joint_hybrid_synergy,std_t25,close,flat_1.0,O/U 3.5_over_35,over_35,19,0.21052631578947367,3.6064125297913705,0.300755064760518,0.2821462078174828,52.84948930268295,-14.23524485191191,-0.17536829616915245,-17.536829616915245,-26.935444485343865,0.8944875751232457,-4.015388844993841,0.018608856943035212,-0.09022874897104433
m12_joint_hybrid_synergy,std_t25,close,canonical_P1,1X2_home,home,260,0.36153846153846153,3.3388739076859952,0.3726176212776849,0.32907584498484704,2019.9007347959655,155.7920083294694,0.08329749202770417,8.329749202770417,7.712854678732828,39.479172852590494,0.703422362091275,0.04354177629283784,-0.011079159739223354
m12_joint_hybrid_synergy,std_t25,close,canonical_P1,1X2_away,away,336,0.2648809523809524,4.526230260038032,0.3033496053713448,0.2587997563464762,1834.697094413685,107.95549547358965,0.03202616943042515,3.2026169430425147,5.884104564306243,35.85934817228529,0.5366379769644981,0.04454984902486864,-0.03846865299039243
m12_joint_hybrid_synergy,std_t25,close,canonical_P1,1X2_draw,draw,284,0.23943661971830985,4.177490001559571,0.2483068195628331,0.24535770732276319,661.4871434863408,53.35370001392652,-0.014089109135902405,-1.4089109135902405,8.065719876689975,12.928835970794132,0.7356041263518198,0.002949112240069912,-0.008870199844523252
m12_joint_hybrid_synergy,std_t25,close,canonical_P1,O/U 2.5_under_25,under_25,125,0.504,2.2532159031833627,0.4784454405172404,0.4492234742108495,600.2854799930305,243.89634062889925,0.13057324733145398,13.057324733145398,40.63005832353815,11.732643004330097,3.7055140785493177,0.0292219663063909,0.025554559482759587
m12_joint_hybrid_synergy,std_t25,t25,flat_1.0,1X2_away,away,322,0.2670807453416149,4.541895465314236,0.30242039216643946,0.25647619549986966,2155.514971988888,160.23386087434778,0.038193244343202884,3.8193244343202886,7.433669585069056,34.29484419343851,0.8105935133425811,0.04594419666656979,-0.035339646824824544
m12_joint_hybrid_synergy,std_t25,t25,flat_1.0,1X2_home,home,268,0.3582089552238806,3.301790318153882,0.37274213152289165,0.3294762631792898,1890.4491832096933,247.02553145898094,0.08851552876510825,8.851552876510825,13.067028389494682,30.077573589743423,1.424874798371785,0.043265868343601854,-0.014533176299011075
m12_joint_hybrid_synergy,std_t25,t25,flat_1.0,1X2_draw,draw,273,0.2454212454212454,4.177299250838147,0.2487084380770466,0.24482527894249104,784.3046289862872,83.59032694198001,0.005711428196782287,0.5711428196782287,10.657890295766888,12.478505322771644,1.1621738955169378,0.0038831591345555583,-0.0032871926558011855
m12_joint_hybrid_synergy,std_t25,t25,flat_1.0,O/U 2.5_under_25,under_25,130,0.5461538461538461,2.232674490931218,0.4806511075914286,0.4533431869072996,559.5121406300842,210.57016981105616,0.20472397713047624,20.472397713047624,37.634602454546645,8.901994157591457,4.103809602750712,0.027307920684129017,0.0655027385624175
m12_joint_hybrid_synergy,std_t25,t25,flat_1.0,O/U 3.5_under_35,under_35,53,0.5660377358490566,1.5808616680052043,0.672548908342209,0.635641952501528,347.944961924093,-79.09098322589534,-0.13953688624445726,-13.953688624445725,-22.730889043063566,5.5359013563558666,-2.4786562006772472,0.036906955840681044,-0.10651117249315245
m12_joint_hybrid_synergy,std_t25,t25,flat_1.0,O/U 2.5_over_25,over_25,38,0.5,2.1030721474074774,0.5064492661505263,0.47552362406756155,160.20227871033975,21.457699798674263,0.06436618874001834,6.436618874001835,13.39412895460228,2.548862921019523,1.4605429960570133,0.030925642082964777,-0.006449266150526323
m12_joint_hybrid_synergy,std_t25,t25,flat_1.0,BTTS_btts_yes,btts_yes,26,0.5,1.842446761559709,0.5606160319239645,0.5499531967366377,134.47011813122919,-70.36236542176192,-0.14170606168425331,-14.170606168425332,-52.325651527349294,2.139457071703211,-5.705773336319149,0.010662835187326802,-0.060616031923964475
m12_joint_hybrid_synergy,std_t25,t25,flat_1.0,BTTS_btts_no,btts_no,27,0.2962962962962963,2.4900127335859548,0.43103576317192954,0.4030831019490689,98.20473252157976,-31.10972575958242,-0.26506482458366115,-26.506482458366115,-31.678438462979663,1.5624646753338547,-3.454328503178272,0.027952661222860664,-0.13473946687563326
m12_joint_hybrid_synergy,std_t25,t25,flat_1.0,O/U 1.5_under_15,under_15,27,0.2222222222222222,4.961005485407136,0.23082435955021474,0.20562635395590367,61.09937102930101,19.794096286644482,0.1111244687310261,11.112446873102611,32.396563095800055,0.9721080284743068,3.5326353424148356,0.025198005594311068,-0.008602137327992532
m12_joint_hybrid_synergy,std_t25,t25,flat_1.0,O/U 1.5_over_15,over_15,10,0.8,1.3626276463262765,0.7547714252845217,0.7310631821451161,57.65872291015693,4.366008783296236,0.09069509339975093,9.069509339975093,7.572156584354623,0.9173663575957147,0.825694623503387,0.02370824313940556,0.045228574715478365
m12_joint_hybrid_synergy,std_t25,t25,flat_1.0,O/U 3.5_over_35,over_35,12,0.25,3.60428719816058,0.30332081625743,0.2834832081045881,35.88386681493959,9.92321302929686,-0.054522633744856,-5.4522633744856,27.65368927622235,0.5709223259725035,3.015455676469766,0.019837608152841912,-0.053320816257430015
m12_joint_hybrid_synergy,std_t25,t25,canonical_P1,1X2_home,home,268,0.3582089552238806,3.301790318153882,0.37274213152289165,0.3294762631792898,2159.4479752014977,293.4177905775417,0.08851552876510825,8.851552876510825,13.587629521390204,40.21120915037256,1.0082298090850235,0.043265868343601854,-0.014533176299011075
m12_joint_hybrid_synergy,std_t25,t25,canonical_P1,1X2_away,away,322,0.2670807453416149,4.541895465314236,0.30242039216643946,0.25647619549986966,1879.8321401361768,111.26141478742504,0.038193244343202884,3.8193244343202886,5.91868882395878,35.004466059227454,0.4391787760786014,0.04594419666656979,-0.035339646824824544
m12_joint_hybrid_synergy,std_t25,t25,canonical_P1,1X2_draw,draw,273,0.2454212454212454,4.177299250838147,0.2487084380770466,0.24482527894249104,669.5888551106264,81.99275243615355,0.005711428196782287,0.5711428196782287,12.24523852366197,12.468453885812897,0.9086216605682897,0.0038831591345555583,-0.0032871926558011855
m12_joint_hybrid_synergy,std_t25,t25,canonical_P1,O/U 2.5_under_25,under_25,130,0.5461538461538461,2.232674490931218,0.4806511075914286,0.4533431869072996,661.3947466314182,237.0633767657396,0.20472397713047624,20.472397713047624,35.842948250366156,12.31587090458709,2.659619826594568,0.027307920684129017,0.0655027385624175
m12_joint_hybrid_synergy,sta_t25,close,flat_1.0,1X2_away,away,348,0.27011494252873564,4.465832961955143,0.2930624461075024,0.26249416014206617,1381.7269859600663,88.61309372976126,0.03952609651691988,3.9526096516919877,6.413212930642023,35.608447290754164,0.7706334422180087,0.030568285965436204,-0.022947503578766737
m12_joint_hybrid_synergy,sta_t25,close,flat_1.0,1X2_home,home,258,0.37209302325581395,3.334205144035533,0.3603134561611668,0.33017558309271033,1122.2490079664092,77.03399640126838,0.10619270823051007,10.619270823051007,6.864251681617359,28.921447618327086,0.8248317900659474,0.030137873068456444,0.01177956709464717
m12_joint_hybrid_synergy,sta_t25,close,flat_1.0,1X2_draw,draw,193,0.25906735751295334,4.360173206779117,0.24297625619775176,0.23657975104557008,402.89018150059746,64.36748733645905,0.10262528812070465,10.262528812070466,15.976434843042608,10.382871535188375,1.919782659739805,0.006396505152181681,0.016091101315201584
m12_joint_hybrid_synergy,sta_t25,close,flat_1.0,O/U 2.5_under_25,under_25,109,0.5137614678899083,2.27571939458203,0.4706691649476935,0.4451385448620184,362.61152125397103,171.02860262768377,0.16340599382365303,16.340599382365305,47.1657938601174,9.344851314907576,5.667601944682127,0.025530620085675082,0.04309230294221478
m12_joint_hybrid_synergy,sta_t25,close,flat_1.0,O/U 3.5_under_35,under_35,44,0.5454545454545454,1.6088177191542992,0.6620396977516044,0.6238995594764654,252.53424686900587,-63.59958735014935,-0.15674738357564474,-15.674738357564474,-25.18453957777046,6.508052972922963,-3.026259791369503,0.03814013827513907,-0.11658515229705901
m12_joint_hybrid_synergy,sta_t25,close,flat_1.0,O/U 2.5_over_25,over_25,34,0.5588235294117647,2.1115538560597438,0.49737978347650214,0.4745471307159091,76.46665130763097,-3.8919966874923415,0.16253116510913354,16.253116510913355,-5.089796167265848,1.9706199200389278,-0.6116071901850049,0.022832652760593042,0.061443745935262584
m12_joint_hybrid_synergy,sta_t25,close,flat_1.0,BTTS_btts_no,btts_no,26,0.2692307692307692,2.442337588650264,0.4338002478030525,0.4115038101301096,68.52379042165312,-29.442600544948075,-0.39789651873235327,-39.78965187323533,-42.966975941897665,1.76592467555862,-5.163057726275769,0.02229643767294287,-0.16456947857228327
m12_joint_hybrid_synergy,sta_t25,close,flat_1.0,BTTS_btts_yes,btts_yes,17,0.5294117647058824,1.885820559706544,0.5491148595226689,0.5351234081685955,65.6503110278126,-3.1738348008871764,-0.07073492100067215,-7.073492100067215,-4.834455086652352,1.6918723189235332,-0.580924538911621,0.013991451354073425,-0.01970309481678656
m12_joint_hybrid_synergy,sta_t25,close,flat_1.0,O/U 1.5_over_15,over_15,17,0.7647058823529411,1.3726340194891549,0.7425998058577566,0.7276737002651,59.652547080160154,-6.789262010310317,0.04947957157316232,4.947957157316233,-11.381344708025651,1.53730411293024,-1.367621026195598,0.014926105592656613,0.02210607649518448
m12_joint_hybrid_synergy,sta_t25,close,flat_1.0,O/U 1.5_under_15,under_15,30,0.26666666666666666,5.055203688345636,0.22513511203511874,0.20334659372072,49.20846366487649,40.06463656368056,0.34626399800960617,34.62639980096062,81.41818211706838,1.2681499330001416,9.783485223798408,0.021788518314398736,0.04153155463154792
m12_joint_hybrid_synergy,sta_t25,close,flat_1.0,O/U 3.5_over_35,over_35,20,0.2,3.603591903301802,0.29667806624259196,0.2820713189058387,38.82113225667814,-11.2889982104052,-0.2165998813606948,-21.65998813606948,-29.079518175215586,1.000458307448351,-3.4942936452858606,0.014606747336753267,-0.09667806624259195
m12_joint_hybrid_synergy,sta_t25,close,canonical_P1,1X2_home,home,258,0.37209302325581395,3.334205144035533,0.3603134561611668,0.33017558309271033,1300.4155846528047,106.210145662628,0.10619270823051007,10.619270823051007,8.16740024620551,39.18132919045657,0.6210110045067178,0.030137873068456444,0.01177956709464717
m12_joint_hybrid_synergy,sta_t25,close,canonical_P1,1X2_away,away,348,0.27011494252873564,4.465832961955143,0.2930624461075024,0.26249416014206617,1229.2782289535767,64.83932054141526,0.03952609651691988,3.9526096516919877,5.274584631390548,37.037971186842505,0.40105480343238203,0.030568285965436204,-0.022947503578766737
m12_joint_hybrid_synergy,sta_t25,close,canonical_P1,O/U 2.5_under_25,under_25,109,0.5137614678899083,2.27571939458203,0.4706691649476935,0.4451385448620184,433.74775077594217,199.57264562115773,0.16340599382365303,16.340599382365305,46.01122317386943,13.068755565021712,3.4984787154348616,0.025530620085675082,0.04309230294221478
m12_joint_hybrid_synergy,sta_t25,close,canonical_P1,1X2_draw,draw,193,0.25906735751295334,4.360173206779117,0.24297625619775176,0.23657975104557008,355.5259426453546,65.88120031139925,0.10262528812070465,10.262528812070466,18.530630935452518,10.71194405767919,1.4089827098549503,0.006396505152181681,0.016091101315201584
m12_joint_hybrid_synergy,sta_t25,t25,flat_1.0,1X2_away,away,332,0.25301204819277107,4.493353360149232,0.29025566793387103,0.2593862937501835,1350.1711790313148,70.43047323249395,-0.012712525976108502,-1.2712525976108502,5.216410654167907,35.424524784000404,0.5090980847520348,0.030869374183687515,-0.037243619741099965
m12_joint_hybrid_synergy,sta_t25,t25,flat_1.0,1X2_home,home,261,0.3563218390804598,3.305088899832785,0.35992964306262354,0.3307023415057543,1142.2480589205043,183.3954457604985,0.08115889427647908,8.11588942764791,16.05565834218345,29.969233013651287,1.5669596305474305,0.029227301556869256,-0.0036078039821637597
m12_joint_hybrid_synergy,sta_t25,t25,flat_1.0,1X2_draw,draw,177,0.23163841807909605,4.377598002067528,0.24260987622254487,0.2355070070290388,379.4755324306172,73.64483636150189,0.0024276113988383062,0.24276113988383063,19.407005213166677,9.95632302946556,1.8940359261979773,0.007102869193506084,-0.010971458143448826
m12_joint_hybrid_synergy,sta_t25,t25,flat_1.0,O/U 2.5_under_25,under_25,119,0.5714285714285714,2.238614008885821,0.47463989755666636,0.45275078590642664,374.9398032709111,153.35291063360185,0.2599342852799179,25.993428527991792,40.9006750672447,9.837318822793932,3.991720882856961,0.021889111650239712,0.09678867387190504
m12_joint_hybrid_synergy,sta_t25,t25,flat_1.0,O/U 3.5_under_35,under_35,49,0.5714285714285714,1.5810389195596521,0.6698090377221875,0.635954387652283,271.03746809029064,-72.92052434292958,-0.13320655285494032,-13.320655285494032,-26.90422282082328,7.111226824324424,-2.625730452965645,0.03385465006990451,-0.09838046629361608
m12_joint_hybrid_synergy,sta_t25,t25,flat_1.0,BTTS_btts_yes,btts_yes,19,0.3684210526315789,1.8595919108172476,0.5549440000534953,0.5471355673614042,85.40825497229666,-52.93675864719292,-0.38119472152183304,-38.119472152183306,-61.98084560369918,2.240861671477122,-6.049050176473921,0.007808432692091083,-0.18652294742191639
m12_joint_hybrid_synergy,sta_t25,t25,flat_1.0,O/U 2.5_over_25,over_25,32,0.5,2.1246619880615234,0.48962367812351915,0.47100453200742814,60.24982958231021,-0.5201979409968969,0.07642022146919733,7.642022146919733,-0.8634015143332966,1.5807785075086744,-0.08426408242377982,0.018619146116091,0.010376321876480854
m12_joint_hybrid_synergy,sta_t25,t25,flat_1.0,BTTS_btts_no,btts_no,28,0.32142857142857145,2.472751306172036,0.42668498723776865,0.40642311811868753,59.00912134591509,-6.839281640771079,-0.22059822370567336,-22.059822370567336,-11.590210944980507,1.5482259687250917,-1.131152162885625,0.020261869119081122,-0.1052564158091972
m12_joint_hybrid_synergy,sta_t25,t25,flat_1.0,O/U 1.5_under_15,under_15,24,0.25,4.956541007148602,0.22571119874997272,0.205851624736191,37.347194016527226,20.00623529977327,0.2500150273224044,25.00150273224044,53.56824207708865,0.979880640764778,5.228018124529612,0.019859574013781717,0.024288801250027275
m12_joint_hybrid_synergy,sta_t25,t25,flat_1.0,O/U 1.5_over_15,over_15,11,0.9090909090909091,1.3634116680574815,0.7446158105603415,0.7323404702503828,32.33973228558046,9.616697763499973,0.2349434346963319,23.49434346963319,29.736479197101566,0.848499557426794,2.9021458643056133,0.012275340309958693,0.16447509853056752
m12_joint_hybrid_synergy,sta_t25,t25,flat_1.0,O/U 3.5_over_35,over_35,11,0.18181818181818182,3.5756069885800774,0.2972396228513986,0.2881810056163309,19.176201283683863,13.300800993930144,-0.3089337822671156,-30.893378226711558,69.36097925321204,0.5031271798618981,6.7693178385259944,0.009058617235067679,-0.11542144103321678
m12_joint_hybrid_synergy,sta_t25,t25,canonical_P1,1X2_home,home,261,0.3563218390804598,3.305088899832785,0.35992964306262354,0.3307023415057543,1327.2124786227914,215.44248226027867,0.08115889427647908,8.11588942764791,16.232704689744693,40.12566611939817,1.0523907605385592,0.029227301556869256,-0.0036078039821637597
m12_joint_hybrid_synergy,sta_t25,t25,canonical_P1,1X2_away,away,332,0.25301204819277107,4.493353360149232,0.29025566793387103,0.2593862937501835,1198.808077693246,41.35031515259987,-0.012712525976108502,-1.2712525976108502,3.449285663153555,36.24361090748012,0.2236223988386996,0.030869374183687515,-0.037243619741099965
m12_joint_hybrid_synergy,sta_t25,t25,canonical_P1,O/U 2.5_under_25,under_25,119,0.5714285714285714,2.238614008885821,0.47463989755666636,0.45275078590642664,448.6870530210876,177.97753463289132,0.2599342852799179,25.993428527991792,39.666296015126306,13.56517300101257,2.571625876831185,0.021889111650239712,0.09678867387190504
m12_joint_hybrid_synergy,sta_t25,t25,canonical_P1,1X2_draw,draw,177,0.23163841807909605,4.377598002067528,0.24260987622254487,0.2355070070290388,332.93213095660656,75.41980965383253,0.0024276113988383062,0.24276113988383063,22.65320845937292,10.06554997210914,1.4686417165131673,0.007102869193506084,-0.010971458143448826
m12_joint_hybrid_synergy,std_close,close,flat_1.0,1X2_away,away,335,0.25970149253731345,4.531458870506989,0.30972203007975085,0.25851700741559014,2667.6611412817597,221.18033545065046,0.01669224775247704,1.6692247752477039,8.291170569901452,34.92308975495432,1.121378365216557,0.051205022664160715,-0.050020537542437404
m12_joint_hybrid_synergy,std_close,close,flat_1.0,1X2_home,home,255,0.3568627450980392,3.3664905661095275,0.3766264295706978,0.3256282285211239,2222.342147849249,287.11071908382667,0.07975390061535259,7.9753900615352595,12.919285149754653,29.09329565683394,1.7473294921214737,0.05099820104957392,-0.019763684472658583
m12_joint_hybrid_synergy,std_close,close,flat_1.0,1X2_draw,draw,308,0.2532467532467532,4.144922025516154,0.24955246722312358,0.24691519968675235,1073.2265537464177,19.15452546249898,0.032044001173817775,3.2044001173817773,1.7847606729105232,14.04990562102571,0.24138835268407616,0.002637267536371224,0.003694286023629645
m12_joint_hybrid_synergy,std_close,close,flat_1.0,O/U 2.5_under_25,under_25,129,0.49612403100775193,2.250884267604175,0.4802048192115471,0.4494297402930789,607.2999185544637,191.73267441628005,0.11143199872779282,11.143199872779281,31.57133214716299,7.950331185490662,4.270013327118822,0.0307750789184682,0.015919211796204813
m12_joint_hybrid_synergy,std_close,close,flat_1.0,O/U 3.5_under_35,under_35,53,0.49056603773584906,1.5859589346753231,0.671859993698768,0.6333399192826271,375.00405773296717,-106.03869488670551,-0.24769019074614704,-24.769019074614704,-28.27667933188433,4.909281828946223,-3.824412509139604,0.038520074416140915,-0.18129395596291897
m12_joint_hybrid_synergy,std_close,close,flat_1.0,O/U 2.5_over_25,over_25,40,0.55,2.118582708621587,0.5100705583952906,0.4731662840124618,213.33165965870884,3.571586589754001,0.1565216544033078,15.652165440330782,1.6741943485874897,2.7927837544819427,0.22643429004936663,0.03690427438282878,0.03992944160470946
m12_joint_hybrid_synergy,std_close,close,flat_1.0,O/U 1.5_over_15,over_15,15,0.7333333333333333,1.3799479284294762,0.7501755760413242,0.7234061756194675,114.32501052268928,-6.621112720630693,0.014553633331182713,1.4553633331182714,-5.791482275277506,1.4966603298804344,-0.7832962633295032,0.026769400421856715,-0.01684224270799095
m12_joint_hybrid_synergy,std_close,close,flat_1.0,BTTS_btts_yes,btts_yes,25,0.48,1.8794698382312252,0.5507399912227087,0.5363937882499105,110.05465432549836,-10.686775055230203,-0.13485939751057913,-13.485939751057913,-9.710425352500701,1.4407559159155978,-1.3133321544335412,0.014346202972798205,-0.07073999122270869
m12_joint_hybrid_synergy,std_close,close,flat_1.0,BTTS_btts_no,btts_no,28,0.25,2.4571510890570103,0.43635420009994064,0.40799697697694387,109.0490329558791,-62.18387116500889,-0.4181988519807846,-41.81988519807846,-57.023771306773796,1.4275910484565175,-7.712448188993518,0.028357223122996766,-0.18635420009994064
m12_joint_hybrid_synergy,std_close,close,flat_1.0,O/U 1.5_under_15,under_15,32,0.25,5.045198579775253,0.23283767876850636,0.20347719644651896,85.56085295920917,31.108594003326736,0.2621224981340058,26.21224981340058,36.3584430582496,1.120100788351706,4.917468660756767,0.029360482321987402,0.017162321231493638
m12_joint_hybrid_synergy,std_close,close,flat_1.0,O/U 3.5_over_35,over_35,15,0.26666666666666666,3.722322406483224,0.2987983538257579,0.2726669732666028,60.819440513029726,-3.544898821729924,0.044533491519073584,4.453349151907358,-5.828562038433218,0.7962041156629435,-0.7883112903199158,0.02613138055915515,-0.03213168715909126
m12_joint_hybrid_synergy,std_close,close,canonical_P1,1X2_home,home,255,0.3568627450980392,3.3664905661095275,0.3766264295706978,0.3256282285211239,2635.303931394377,370.66074784056366,0.07975390061535259,7.9753900615352595,14.065199213831923,38.99422767669951,1.1585468143675994,0.05099820104957392,-0.019763684472658583
m12_joint_hybrid_synergy,std_close,close,canonical_P1,1X2_away,away,335,0.25970149253731345,4.531458870506989,0.30972203007975085,0.25851700741559014,2417.0237608070092,183.18052812124205,0.01669224775247704,1.6692247752477039,7.578764060642943,35.76436619173259,0.6242608317034575,0.051205022664160715,-0.050020537542437404
m12_joint_hybrid_synergy,std_close,close,canonical_P1,1X2_draw,draw,308,0.2532467532467532,4.144922025516154,0.24955246722312358,0.24691519968675235,953.9309116135951,32.79730623600212,0.032044001173817775,3.2044001173817773,3.4381217587890887,14.11518372213719,0.28319719831169293,0.002637267536371224,0.003694286023629645
m12_joint_hybrid_synergy,std_close,close,canonical_P1,O/U 2.5_under_25,under_25,129,0.49612403100775193,2.250884267604175,0.4802048192115471,0.4494297402930789,751.9312319823517,233.83138230051986,0.11143199872779282,11.143199872779281,31.0974424727723,11.126222409430717,2.561488277846767,0.0307750789184682,0.015919211796204813
m05_joint_production_wealth,raw,close,flat_1.0,1X2_away,away,335,0.25671641791044775,4.545871929445822,0.32085677222359354,0.25704380893985806,3592.952431528801,223.89774601861626,0.018400529154413283,1.8400529154413283,6.231581137948654,32.43740098259695,0.9077417970690019,0.06381296328373548,-0.0641403543131458
m05_joint_production_wealth,raw,close,flat_1.0,1X2_home,home,258,0.37209302325581395,3.3728808414128806,0.3856960369506437,0.3235843803531365,2999.159258236233,154.34365734193653,0.11833768836198523,11.833768836198523,5.146230795116364,27.076598792787795,0.7496410119163658,0.06211165659750717,-0.013603013694829746
m05_joint_production_wealth,raw,close,flat_1.0,1X2_draw,draw,300,0.23666666666666666,4.158647223309878,0.2531318270277654,0.24616049848165833,1691.3349433814674,126.89990306080374,-0.032703253341502043,-3.2703253341502045,7.5029433736580975,15.269478458137716,1.0929385577338975,0.006971328546107047,-0.016465160361098713
m05_joint_production_wealth,raw,close,flat_1.0,O/U 2.5_under_25,under_25,115,0.5217391304347826,2.254502253026686,0.4959271490162356,0.4496053813077957,929.005287937109,469.23687213415616,0.16640239123785458,16.64023912378546,50.509601853409706,8.38711828615741,7.357631352409377,0.046321767708439876,0.025811981418547014
m05_joint_production_wealth,raw,close,flat_1.0,O/U 3.5_under_35,under_35,49,0.5306122448979592,1.5887949744657246,0.6998193329354325,0.6320089561007989,704.3695451029853,-126.31114423795903,-0.1884169651146276,-18.84169651146276,-17.93251072765947,6.359092643125573,-2.6121925003520494,0.06781037683463365,-0.1692070880374733
m05_joint_production_wealth,raw,close,flat_1.0,O/U 2.5_over_25,over_25,55,0.5454545454545454,2.0395389873430267,0.5351910329427,0.4907441219473982,413.4877353244788,-50.91567608471217,0.10008842199727015,10.008842199727015,-12.313708904753073,3.732993332839375,-1.7937130244066202,0.04444691099530179,0.01026351251184543
m05_joint_production_wealth,raw,close,flat_1.0,BTTS_btts_yes,btts_yes,26,0.5769230769230769,1.837983273560308,0.559178473926212,0.5482050592758329,186.37169799297135,-30.37991484107389,0.014946412687852274,1.4946412687852275,-16.300712591146546,1.682575434775001,-2.3744917723824384,0.010973414650379154,0.017744602996864867
m05_joint_production_wealth,raw,close,flat_1.0,O/U 1.5_over_15,over_15,15,0.8,1.3715788360996328,0.7611951629990787,0.728314191606832,161.9015327374851,3.0856113582012696,0.1015319588940284,10.15319588940284,1.905856792106118,1.4616572407189559,0.27762229699412533,0.03288097139224677,0.0388048370009213
m05_joint_production_wealth,raw,close,flat_1.0,BTTS_btts_no,btts_no,29,0.2413793103448276,2.4160473931528097,0.4490235687253856,0.416266864541426,148.36363187130223,-77.29923015413681,-0.4424821977697341,-44.24821977697341,-52.10119837265098,1.3394362185296451,-7.589475992253132,0.03275670418395965,-0.20764425838055803
m05_joint_production_wealth,raw,close,flat_1.0,O/U 1.5_under_15,under_15,36,0.25,4.912183554020936,0.24449208398362055,0.2098963335118134,133.68920337949137,90.10675839390719,0.21677478229195568,21.677478229195568,67.40017601730285,1.2069545533112787,9.818047064834298,0.03459575047180716,0.005507916016379455
m05_joint_production_wealth,raw,close,flat_1.0,O/U 3.5_over_35,over_35,23,0.17391304347826086,3.468845236308428,0.32645447462244237,0.2942700642693795,115.93783235763846,-22.265929705213523,-0.3265977116704806,-32.659771167048056,-19.205059515455527,1.046694057020297,-2.7975621036550455,0.03218441035306285,-0.1525414311441815
m05_joint_production_wealth,raw,close,canonical_P1,1X2_home,home,258,0.37209302325581395,3.3728808414128806,0.3856960369506437,0.3235843803531365,3561.004657874425,207.5930731522821,0.11833768836198523,11.833768836198523,5.829620938384143,37.221862005109095,0.511802175290782,0.06211165659750717,-0.013603013694829746
m05_joint_production_wealth,raw,close,canonical_P1,1X2_away,away,335,0.25671641791044775,4.545871929445822,0.32085677222359354,0.25704380893985806,3316.935618269861,163.31870352769212,0.018400529154413283,1.8400529154413283,4.923782741760915,34.67069878441753,0.43227557066359484,0.06381296328373548,-0.0641403543131458
m05_joint_production_wealth,raw,close,canonical_P1,1X2_draw,draw,300,0.23666666666666666,4.158647223309878,0.2531318270277654,0.24616049848165833,1528.7459932852555,155.26584955364234,-0.032703253341502043,-3.2703253341502045,10.15641906736763,15.979415325138229,0.8916664439736853,0.006971328546107047,-0.016465160361098713
m05_joint_production_wealth,raw,close,canonical_P1,O/U 2.5_under_25,under_25,115,0.5217391304347826,2.254502253026686,0.4959271490162356,0.4496053813077957,1160.2845000221282,563.5366385175568,0.16640239123785458,16.64023912378546,48.568832773928236,12.128023885335121,4.264022400043174,0.046321767708439876,0.025811981418547014
m05_joint_production_wealth,raw,t25,flat_1.0,1X2_away,away,333,0.25825825825825827,4.512199589754312,0.3208175373039203,0.2567108153672031,3833.650895004099,207.67349062567942,0.014912353501452619,1.4912353501452618,5.417120554621011,31.842035666423627,0.6603230118803189,0.06410672193671724,-0.06255927904566205
m05_joint_production_wealth,raw,t25,flat_1.0,1X2_home,home,263,0.34980988593155893,3.33954021591234,0.3861383312956557,0.32425421895218237,3294.405746413411,326.7863856699611,0.07874574935132195,7.874574935132195,9.919433452474104,27.363103253264438,1.209135020614718,0.06188411234347335,-0.036328445364096795
m05_joint_production_wealth,raw,t25,flat_1.0,1X2_draw,draw,297,0.25252525252525254,4.138236141996627,0.25392643520006153,0.24700259790073825,1809.2903930695782,209.36169567215723,0.025545358020802378,2.554535802080238,11.57148108861406,15.027839207298905,1.4105123131940995,0.006923837299323277,-0.0014011826748089873
m05_joint_production_wealth,raw,t25,flat_1.0,O/U 2.5_under_25,under_25,117,0.5470085470085471,2.229582255065962,0.49883427279360143,0.4546302962719674,1016.0592103354502,504.18764919384404,0.19905904210673683,19.905904210673683,49.62187676320432,8.439316594231785,6.048687081826531,0.04420397652163405,0.048174274214945634
m05_joint_production_wealth,raw,t25,flat_1.0,O/U 3.5_under_35,under_35,53,0.5471698113207547,1.578119010151684,0.7011248108487751,0.6362951210798731,823.1895759342816,-149.19498722040782,-0.1674299576709196,-16.74299576709196,-18.124013177776032,6.837354927462561,-2.2092369642205485,0.06482968976890202,-0.1539549995280204
m05_joint_production_wealth,raw,t25,flat_1.0,O/U 2.5_over_25,over_25,61,0.5409836065573771,2.0154465456455553,0.5366342829526923,0.497221643657807,435.983674906015,-24.64012680141036,0.07611125782805878,7.611125782805877,-5.651616842470543,3.6212498494391285,-0.6889070711616782,0.03941263929488531,0.004349323604684763
m05_joint_production_wealth,raw,t25,flat_1.0,BTTS_btts_yes,btts_yes,30,0.4666666666666667,1.8333678385130388,0.5644614053950393,0.551537029532246,289.43700221323917,-138.38533271445516,-0.19243192012635293,-19.243192012635294,-47.811900916698086,2.4040434562435142,-5.8280590396139385,0.01292437586279327,-0.09779473872837263
m05_joint_production_wealth,raw,t25,flat_1.0,BTTS_btts_no,btts_no,25,0.36,2.438652441459914,0.45477787606082193,0.413774320306551,183.87160235613197,-54.65034373877438,-0.12545060071428854,-12.545060071428853,-29.722014187337525,1.5272246431975016,-3.622981938363997,0.04100355575427095,-0.09477787606082194
m05_joint_production_wealth,raw,t25,flat_1.0,O/U 1.5_under_15,under_15,29,0.2413793103448276,4.811256897409039,0.25326938714537006,0.21374254494603903,131.30415024119662,83.94016793408,0.15166320676424958,15.166320676424958,63.92803866434361,1.090603069929548,7.792544878557559,0.03952684219933103,-0.011890076800542465
m05_joint_production_wealth,raw,t25,flat_1.0,O/U 1.5_over_15,over_15,14,0.7142857142857143,1.3528668526515886,0.7717685489994547,0.7379013987220936,127.07481635611705,23.542712292259086,-0.025771436782395706,-2.5771436782395707,18.52665458613177,1.0554745190775607,2.258317169246888,0.03386715027736109,-0.05748283471374038
m05_joint_production_wealth,raw,t25,flat_1.0,O/U 3.5_over_35,over_35,23,0.2608695652173913,3.343256372821938,0.3302847476595308,0.3058211286759981,95.32404212259155,-0.9241491887293712,-0.08117312823103626,-8.117312823103626,-0.9694817468408112,0.791754813431436,-0.1181755326620573,0.02446361898353272,-0.06941518244213951
m05_joint_production_wealth,raw,t25,canonical_P1,1X2_home,home,263,0.34980988593155893,3.33954021591234,0.3861383312956557,0.32425421895218237,3903.8560405783014,398.9459277858593,0.07874574935132195,7.874574935132195,10.21927867316442,37.81218080140679,0.7781940616233537,0.06188411234347335,-0.036328445364096795
m05_joint_production_wealth,raw,t25,canonical_P1,1X2_away,away,333,0.25825825825825827,4.512199589754312,0.3208175373039203,0.2567108153672031,3528.8497295769257,126.45579139254397,0.014912353501452619,1.4912353501452618,3.5834847353419264,34.179924312985655,0.27288095668473555,0.06410672193671724,-0.06255927904566205
m05_joint_production_wealth,raw,t25,canonical_P1,1X2_draw,draw,297,0.25252525252525254,4.138236141996627,0.25392643520006153,0.24700259790073825,1627.1891047157367,230.8572049087502,0.025545358020802378,2.554535802080238,14.187484677700077,15.76071658023441,1.0803713920191758,0.006923837299323277,-0.0014011826748089873
m05_joint_production_wealth,raw,t25,canonical_P1,O/U 2.5_under_25,under_25,117,0.5470085470085471,2.229582255065962,0.49883427279360143,0.4546302962719674,1264.439659235197,599.5372316803724,0.19905904210673683,19.905904210673683,47.41525048676547,12.247178305373142,3.610652722102459,0.04420397652163405,0.048174274214945634
m05_joint_production_wealth,inv_t25,close,flat_1.0,1X2_away,away,357,0.2661064425770308,4.4217038297576226,0.2955344290586721,0.26591693101664277,1421.2743724069605,85.1868359521676,0.021041123211633997,2.1041123211633996,5.993693941578765,33.038706486026975,0.6319559401386223,0.029617498042029344,-0.0294279864816413
m05_joint_production_wealth,inv_t25,close,flat_1.0,1X2_home,home,281,0.3665480427046263,3.2538890582936357,0.36535997177781665,0.33842657094939327,1155.5580336604614,32.64313351753265,0.06328694156016296,6.3286941560162955,2.8248804964064838,26.861908891682123,0.2978463744205778,0.02693340082842338,0.00118807092680967
m05_joint_production_wealth,inv_t25,close,flat_1.0,1X2_draw,draw,162,0.24074074074074073,4.428945020601085,0.2449155041296846,0.23375695515037154,475.3138084284635,101.74598092845193,0.04521193604256448,4.521193604256448,21.406064609159166,11.049065339037245,2.2569870628372497,0.011158548979313065,-0.004174763388943875
m05_joint_production_wealth,inv_t25,close,flat_1.0,O/U 2.5_under_25,under_25,109,0.5137614678899083,2.2549743294867564,0.47949485713439,0.4498676057240343,451.7533693728629,268.9057037854011,0.16099598777084373,16.099598777084374,59.52489168120733,10.501383311026236,6.2761144046902295,0.029627251410355715,0.03426661075551829
m05_joint_production_wealth,inv_t25,close,flat_1.0,O/U 3.5_under_35,under_35,42,0.5238095238095238,1.6086550446618868,0.675673946553873,0.6240403168134367,364.4190912810011,-83.68135630891156,-0.18601038558343672,-18.60103855834367,-22.96294522187517,8.47122528097637,-2.4211395806138545,0.05163362974043628,-0.1518644227443492
m05_joint_production_wealth,inv_t25,close,flat_1.0,O/U 2.5_over_25,over_25,35,0.5142857142857142,2.04191191893081,0.5165460219890128,0.4908038852008507,99.16505196460399,-9.080204817861908,0.03785022234323368,3.785022234323368,-9.156658155236988,2.3051742219074143,-0.9654487815733477,0.025742136788162062,-0.0022603077032985475
m05_joint_production_wealth,inv_t25,close,flat_1.0,BTTS_btts_yes,btts_yes,16,0.625,1.827086621623492,0.5665793288820112,0.5511125784210489,88.51191685859351,-15.060663300938781,0.0911878964367859,9.118789643678591,-17.01540745637638,2.0575332239715913,-1.7940502002182108,0.015466750460962353,0.058420671117988765
m05_joint_production_wealth,inv_t25,close,flat_1.0,BTTS_btts_no,btts_no,25,0.24,2.4329068402299505,0.4355527045660409,0.4142156174577123,69.82860714581311,-28.766272317174224,-0.4393720160795581,-43.937201607955814,-41.195540757537565,1.6232241294209568,-4.343526203156642,0.0213370871083286,-0.1955527045660409
m05_joint_production_wealth,inv_t25,close,flat_1.0,O/U 1.5_over_15,over_15,13,0.7692307692307693,1.3549217700752352,0.7556323909389937,0.7374574799169239,69.49019392748146,2.6425045477975324,0.04480568026956332,4.480568026956331,3.8027013574824613,1.6153574323155158,0.400944682003774,0.018174911022069806,0.01359837829177557
m05_joint_production_wealth,inv_t25,close,flat_1.0,O/U 1.5_under_15,under_15,30,0.26666666666666666,4.965508192414104,0.23197724314271584,0.20812895157378647,59.02076116106651,69.73295659777942,0.32574635360254417,32.57463536025442,118.14987679924957,1.3719867482589299,12.457345536443082,0.02384829156892937,0.034689423523950824
m05_joint_production_wealth,inv_t25,close,flat_1.0,O/U 3.5_over_35,over_35,25,0.2,3.342487841362573,0.32127149645783093,0.3055428471356093,47.511093399060414,-16.266280669706855,-0.32086989473684213,-32.08698947368421,-34.23680556682061,1.1044349353766503,-3.609819396888371,0.01572864932222162,-0.12127149645783092
m05_joint_production_wealth,inv_t25,close,canonical_P1,1X2_home,home,281,0.3665480427046263,3.2538890582936357,0.36535997177781665,0.33842657094939327,1323.698126014936,42.3321954620463,0.06328694156016296,6.3286941560162955,3.198024884230186,37.302561876605466,0.21468371693046767,0.02693340082842338,0.00118807092680967
m05_joint_production_wealth,inv_t25,close,canonical_P1,1X2_away,away,357,0.2661064425770308,4.4217038297576226,0.2955344290586721,0.26591693101664277,1261.4030171833062,64.23843517196529,0.021041123211633997,2.1041123211633996,5.092617846706022,35.54705047552978,0.3418679240516473,0.029617498042029344,-0.0294279864816413
m05_joint_production_wealth,inv_t25,close,canonical_P1,O/U 2.5_under_25,under_25,109,0.5137614678899083,2.2549743294867564,0.47949485713439,0.4498676057240343,540.6999765336734,309.6507061962445,0.16099598777084373,16.099598777084374,57.26848892825137,15.237231159379078,3.844439149530833,0.029627251410355715,0.03426661075551829
m05_joint_production_wealth,inv_t25,close,canonical_P1,1X2_draw,draw,162,0.24074074074074073,4.428945020601085,0.2449155041296846,0.23375695515037154,422.7436970923179,112.38580623898193,0.04521193604256448,4.521193604256448,26.584856737542168,11.913156488485663,1.784643980296414,0.011158548979313065,-0.004174763388943875
m05_joint_production_wealth,inv_t25,t25,flat_1.0,1X2_away,away,339,0.25663716814159293,4.458242500302934,0.291553229648757,0.262180448082956,1352.9509617599006,31.79474339631158,0.001653970273231587,0.1653970273231587,2.3500292541980534,32.80499358991742,0.2076037666899676,0.02937278156580103,-0.03491606150716409
m05_joint_production_wealth,inv_t25,t25,flat_1.0,1X2_home,home,272,0.3602941176470588,3.266467730143996,0.3615299634768885,0.3350753548177489,1130.7666403287683,161.44748050408995,0.07056171652542714,7.056171652542714,14.277701052194942,27.417691724336624,1.2613053700561203,0.026454608659139567,-0.0012358458298296626
m05_joint_production_wealth,inv_t25,t25,flat_1.0,O/U 2.5_under_25,under_25,95,0.5473684210526316,2.2561458227826323,0.48064963782621106,0.4504621312853397,448.18205143625875,245.15920237405663,0.2204975825945307,22.04975825945307,54.70080776068821,10.867067425235835,4.83232015593693,0.03018750654087138,0.06671878322642055
m05_joint_production_wealth,inv_t25,t25,flat_1.0,1X2_draw,draw,148,0.23648648648648649,4.4841820889505755,0.24321189240933455,0.23050535326993182,437.9595174345023,120.62979808941017,0.044640159454370644,4.4640159454370645,27.54359553504865,10.619201706611328,2.433226808154093,0.012706539139402728,-0.006725405922848066
m05_joint_production_wealth,inv_t25,t25,flat_1.0,O/U 3.5_under_35,under_35,44,0.5681818181818182,1.5885159051090085,0.6821637418822275,0.6335817188976385,392.24061932903527,-92.86650755555078,-0.137486085376335,-13.7486085376335,-23.675902744189965,9.510655867420672,-2.0915512352447245,0.048582022984589024,-0.11398192370040927
m05_joint_production_wealth,inv_t25,t25,flat_1.0,BTTS_btts_yes,btts_yes,21,0.47619047619047616,1.8278503629674243,0.5619086724478861,0.5541994778861629,107.74472960469251,-71.78462976942657,-0.1839491679036588,-18.39491679036588,-66.62472497058474,2.6124857913782833,-5.885690075503567,0.007709194561723254,-0.08571819625740995
m05_joint_production_wealth,inv_t25,t25,flat_1.0,O/U 2.5_over_25,over_25,36,0.4722222222222222,2.0346788828389477,0.5112792885185065,0.49232501593181816,79.06613081065865,-1.0395028570507299,-0.03761296362343506,-3.761296362343506,-1.3147258458113367,1.9171159840481549,-0.11614410215000853,0.018954272586688303,-0.03905706629628425
m05_joint_production_wealth,inv_t25,t25,flat_1.0,BTTS_btts_no,btts_no,27,0.37037037037037035,2.438763395487619,0.4338374811902001,0.4134447200225581,62.9186456597603,-6.441624567800648,-0.10678334310217973,-10.678334310217972,-10.238021655193378,1.525588011608225,-0.9044363406433048,0.020392761167641993,-0.06346711081982975
m05_joint_production_wealth,inv_t25,t25,flat_1.0,O/U 1.5_under_15,under_15,23,0.2608695652173913,4.834725601340532,0.23951885396216002,0.2136449543979784,47.56793034793031,55.95085257879932,0.2424449128766625,24.24449128766625,117.6230543762427,1.1533793125211715,10.390929855219966,0.025873899564181624,0.021350711255231275
m05_joint_production_wealth,inv_t25,t25,flat_1.0,O/U 1.5_over_15,over_15,11,0.9090909090909091,1.3466236615434477,0.7576487407367796,0.7436293573432919,42.886147656715686,15.647556002129134,0.22650937013076045,22.650937013076046,36.486270875576835,1.0398601566052028,3.223231052425802,0.014019383393487628,0.1514421683541295
m05_joint_production_wealth,inv_t25,t25,flat_1.0,O/U 3.5_over_35,over_35,18,0.16666666666666666,3.3939936343178227,0.31204093312865333,0.3020265961595865,21.939232325804575,8.355614825801158,-0.3516218905472637,-35.162189054726376,38.08526525321224,0.5319604303170978,3.3644877006654728,0.01001433696906684,-0.14537426646198667
m05_joint_production_wealth,inv_t25,t25,canonical_P1,1X2_home,home,272,0.3602941176470588,3.266467730143996,0.3615299634768885,0.3350753548177489,1318.4701124620835,185.4159078421946,0.07056171652542714,7.056171652542714,14.062958734495151,37.96447856867487,0.7856352896940969,0.026454608659139567,-0.0012358458298296626
m05_joint_production_wealth,inv_t25,t25,canonical_P1,1X2_away,away,339,0.25663716814159293,4.458242500302934,0.291553229648757,0.262180448082956,1217.4536534404924,15.1547004589726,0.001653970273231587,0.1653970273231587,1.2447866426903242,35.05577615869217,0.06954072276686254,0.02937278156580103,-0.03491606150716409
m05_joint_production_wealth,inv_t25,t25,canonical_P1,O/U 2.5_under_25,under_25,95,0.5473684210526316,2.2561458227826323,0.48064963782621106,0.4504621312853397,542.0901203940078,291.3784696744178,0.2204975825945307,22.04975825945307,53.750927883104545,15.609128006366191,3.002826545681771,0.03018750654087138,0.06671878322642055
m05_joint_production_wealth,inv_t25,t25,canonical_P1,1X2_draw,draw,148,0.23648648648648649,4.4841820889505755,0.24321189240933455,0.23050535326993182,394.89068705893067,129.70468865898954,0.044640159454370644,4.4640159454370645,32.84571981806027,11.370617266266777,1.8349450561336154,0.012706539139402728,-0.006725405922848066
m05_joint_production_wealth,std_t25,close,flat_1.0,1X2_away,away,341,0.2668621700879765,4.505272451469627,0.3018667337638492,0.26001234655323296,1936.431631176847,153.91123966736498,0.037004267606830774,3.700426760683077,7.948188678049375,34.95295248162025,1.1655481370330543,0.04185438721061624,-0.03500456367587268
m05_joint_production_wealth,std_t25,close,flat_1.0,1X2_home,home,265,0.36981132075471695,3.339832664855012,0.3686351394693195,0.32749891480307486,1617.7805119240702,75.44520342996374,0.10374812062206387,10.374812062206388,4.663500572165671,29.201240285776535,0.683870831973538,0.041136224666244614,0.0011761812853974818
m05_joint_production_wealth,std_t25,close,flat_1.0,1X2_draw,draw,258,0.2364341085271318,4.2232156584901075,0.2467957825847252,0.24295624462167886,676.6439461414769,46.501439300785215,-0.018986828608122827,-1.8986828608122828,6.872364641102162,12.213549559756766,1.0077858149706473,0.003839537963046341,-0.010361674057593417
m05_joint_production_wealth,std_t25,close,flat_1.0,O/U 2.5_under_25,under_25,119,0.5126050420168067,2.2525036398964366,0.4789669850143017,0.4501927083279343,469.277308496383,212.29567558223619,0.14511066182689472,14.511066182689472,45.23885381597829,8.470543034152044,6.633972081254691,0.028774276686367395,0.033638057002504995
m05_joint_production_wealth,std_t25,close,flat_1.0,O/U 3.5_under_35,under_35,46,0.5,1.591441342529283,0.6688354718596741,0.6310691182939592,260.60225359859925,-48.14133517442393,-0.22938746905595891,-22.93874690559589,-18.473107776180296,4.703919332849978,-2.708956370550319,0.037766353565714894,-0.16883547185967407
m05_joint_production_wealth,std_t25,close,flat_1.0,O/U 2.5_over_25,over_25,40,0.55,2.0581013038125224,0.5244772815452189,0.4868386142386386,194.17386304180022,-16.5516540219525,0.11275381792583535,11.275381792583534,-8.524141077828478,3.50487448087593,-1.2500076628161034,0.037638667306580276,0.025522718454781157
m05_joint_production_wealth,std_t25,close,flat_1.0,BTTS_btts_yes,btts_yes,23,0.5652173913043478,1.866340403567805,0.5550037079840336,0.539436048752731,94.02717957933685,-4.453268120031386,-0.005154412404527269,-0.5154412404527269,-4.736149845134804,1.6972081466258535,-0.6945243567193498,0.015567659231302655,0.010213683320314138
m05_joint_production_wealth,std_t25,close,flat_1.0,O/U 1.5_over_15,over_15,14,0.7857142857142857,1.3666916101067492,0.7548802154229772,0.7311956340192376,80.96894814910507,-5.655756285660459,0.07798424167217331,7.798424167217331,-6.985092946057952,1.461504631290533,-1.0243166588086878,0.023684581403739635,0.03083407029130847
m05_joint_production_wealth,std_t25,close,flat_1.0,BTTS_btts_no,btts_no,26,0.23076923076923078,2.4628967819412892,0.4335536819177942,0.40791937144014107,76.25836740400611,-48.41935646243607,-0.46712245135854946,-46.71224513585494,-63.493827773570246,1.3764777693588184,-9.31094060197179,0.025634310477653133,-0.20278445114856342
m05_joint_production_wealth,std_t25,close,flat_1.0,O/U 3.5_over_35,over_35,27,0.18518518518518517,3.383328787069409,0.3231137992852425,0.30181043516542166,71.62219259279566,-21.53644461489443,-0.31225176397088505,-31.225176397088504,-30.069513142858938,1.2927939484256512,-4.409490821719075,0.02130336411982081,-0.1379286141000573
m05_joint_production_wealth,std_t25,close,flat_1.0,O/U 1.5_under_15,under_15,33,0.2727272727272727,4.98474869568035,0.2304243958441569,0.2068312623487631,62.32269769483133,34.399299507274016,0.32739067159122437,32.739067159122435,55.19545972755106,1.124936329267636,8.094041027963941,0.023593133495393798,0.04230287688311582
m05_joint_production_wealth,std_t25,close,canonical_P1,1X2_home,home,265,0.36981132075471695,3.339832664855012,0.3686351394693195,0.32749891480307486,1879.275996876674,121.38575881044619,0.10374812062206387,10.374812062206388,6.459176779365422,39.44125296392442,0.5781800787904346,0.041136224666244614,0.0011761812853974818
m05_joint_production_wealth,std_t25,close,canonical_P1,1X2_away,away,341,0.2668621700879765,4.505272451469627,0.3018667337638492,0.26001234655323296,1729.8378558042214,120.34676208294103,0.037004267606830774,3.700426760683077,6.95711229113959,36.30492411478624,0.6227517638927625,0.04185438721061624,-0.03500456367587268
m05_joint_production_wealth,std_t25,close,canonical_P1,1X2_draw,draw,258,0.2364341085271318,4.2232156584901075,0.2467957825847252,0.24295624462167886,591.5112532062298,47.94344563066841,-0.018986828608122827,-1.8986828608122828,8.105246581666128,12.414326052952756,0.7255246709107758,0.003839537963046341,-0.010361674057593417
m05_joint_production_wealth,std_t25,close,canonical_P1,O/U 2.5_under_25,under_25,119,0.5126050420168067,2.2525036398964366,0.4789669850143017,0.4501927083279343,564.1220957182212,242.62090106329555,0.14511066182689472,14.511066182689472,43.008579685998434,11.839496868336612,3.849825580088594,0.028774276686367395,0.033638057002504995
m05_joint_production_wealth,std_t25,t25,flat_1.0,1X2_away,away,333,0.25825825825825827,4.515420587358872,0.2992073131319657,0.25641526514101054,1991.9941373306656,146.8162209032597,0.014912353501452619,1.4912353501452618,7.370313905642214,34.21395545644533,0.8796203427170164,0.04279204799095515,-0.040949054873707424
m05_joint_production_wealth,std_t25,t25,flat_1.0,1X2_home,home,268,0.35074626865671643,3.3181245387947573,0.3674105755591352,0.3264474200348391,1729.0637535873009,202.53787956301113,0.07406547547421642,7.406547547421642,11.713731153221177,29.697933913532395,1.397991502587649,0.04096315552429608,-0.01666430690241877
m05_joint_production_wealth,std_t25,t25,flat_1.0,1X2_draw,draw,256,0.24609375,4.2061526392309565,0.24794423026872825,0.24339108610796903,696.938425448866,70.9097599954553,0.015113856884921426,1.5113856884921426,10.174465549059889,11.970426919100134,1.2142857126309468,0.0045531441607592205,-0.0018504802687282496
m05_joint_production_wealth,std_t25,t25,flat_1.0,O/U 2.5_under_25,under_25,125,0.576,2.217062020577393,0.4835333473451066,0.45731544748628317,499.2500501942731,202.8622888527171,0.2526742546808214,25.267425468082138,40.63340379711075,8.574984563892572,4.849449973414543,0.026217899858823446,0.09246665265489334
m05_joint_production_wealth,std_t25,t25,flat_1.0,O/U 3.5_under_35,under_35,49,0.5510204081632653,1.5790377857728042,0.673451592315994,0.6368385472532148,311.9480425399971,-61.605298660559264,-0.16697582723135757,-16.697582723135756,-19.748576769049738,5.357935664655568,-2.3569213045955317,0.03661304506277929,-0.1224311841527288
m05_joint_production_wealth,std_t25,t25,flat_1.0,O/U 2.5_over_25,over_25,40,0.55,2.0110285889773074,0.5321743264836147,0.4983077443825327,192.66806473374905,-6.925092815134232,0.10383830896376352,10.383830896376352,-3.5943127496007836,3.3092148521648848,-0.4289682438377084,0.03386658210108201,0.01782567351638531
m05_joint_production_wealth,std_t25,t25,flat_1.0,BTTS_btts_yes,btts_yes,26,0.46153846153846156,1.8350398136688904,0.567854276606247,0.5522079794733381,143.88935416455718,-66.15528422638928,-0.2016522155304072,-20.16522155304072,-45.976496739801654,2.4714048408997082,-5.487128816621034,0.015646297132908882,-0.10631581506778542
m05_joint_production_wealth,std_t25,t25,flat_1.0,BTTS_btts_no,btts_no,25,0.36,2.451846237106289,0.43965803184235175,0.41068065902939616,92.27690281870761,-28.144433510321228,-0.12707001055035408,-12.707001055035407,-30.49997632193547,1.5849232603308194,-3.640062006670266,0.028977372812955593,-0.07965803184235176
m05_joint_production_wealth,std_t25,t25,flat_1.0,O/U 1.5_under_15,under_15,28,0.25,4.826658929459361,0.2377389923240814,0.21293973439347527,57.802178640350526,22.366864963714047,0.19279403557725847,19.279403557725846,38.695539666216305,0.9927946715428339,4.618172889048913,0.02479925793060614,0.01226100767591859
m05_joint_production_wealth,std_t25,t25,flat_1.0,O/U 3.5_over_35,over_35,21,0.2857142857142857,3.3307509921005902,0.3253749990476543,0.30709192162721266,54.495891907761376,-1.749663383956558,-0.05114569163815997,-5.114569163815997,-3.21063354081442,0.9360067800148862,-0.38317751613645085,0.018283077420441662,-0.039660713333368625
m05_joint_production_wealth,std_t25,t25,flat_1.0,O/U 1.5_over_15,over_15,11,0.7272727272727273,1.3543014022092479,0.7632423368740714,0.7364627124289399,51.841699047269856,6.924605804123898,-0.006584625834937196,-0.6584625834937196,13.357212304731684,0.8904190774208611,1.5941350416890088,0.02677962444513149,-0.0359696096013441
m05_joint_production_wealth,std_t25,t25,canonical_P1,1X2_home,home,268,0.35074626865671643,3.3181245387947573,0.3674105755591352,0.3264474200348391,1978.9243901422608,250.5061920597766,0.07406547547421642,7.406547547421642,12.658704562318736,40.27079908636108,0.9616437991242285,0.04096315552429608,-0.01666430690241877
m05_joint_production_wealth,std_t25,t25,canonical_P1,1X2_away,away,333,0.25825825825825827,4.515420587358872,0.2992073131319657,0.25641526514101054,1746.940828040768,102.20203041517803,0.014912353501452619,1.4912353501452618,5.850342998154082,35.549970202112505,0.4444330017521317,0.04279204799095515,-0.040949054873707424
m05_joint_production_wealth,std_t25,t25,canonical_P1,1X2_draw,draw,256,0.24609375,4.2061526392309565,0.24794423026872825,0.24339108610796903,596.9352101183098,69.63901059807401,0.015113856884921426,1.5113856884921426,11.666091967379824,12.147537335936857,0.8862379989369802,0.0045531441607592205,-0.0018504802687282496
m05_joint_production_wealth,std_t25,t25,canonical_P1,O/U 2.5_under_25,under_25,125,0.576,2.217062020577393,0.4835333473451066,0.45731544748628317,591.2425880749722,224.51825711662318,0.2526742546808214,25.267425468082138,37.973965618348394,12.031693375589612,2.8847682150465133,0.026217899858823446,0.09246665265489334
m05_joint_production_wealth,sta_t25,close,flat_1.0,1X2_away,away,350,0.26571428571428574,4.447267591973534,0.29312085282073613,0.2643780370798824,1282.8571132858654,104.25122018511907,0.024956134044529555,2.4956134044529557,8.126487284160092,35.2180783321147,0.9869904979625719,0.028742815740853744,-0.027406567106450397
m05_joint_production_wealth,sta_t25,close,flat_1.0,1X2_home,home,273,0.358974358974359,3.304462983838246,0.359107076025062,0.3315468090193693,1057.5854579224215,36.2317347234916,0.06271447776393611,6.271447776393611,3.425891917487897,29.0337303463332,0.4160866376051684,0.027560267005692696,-0.00013271705070300177
m05_joint_production_wealth,sta_t25,close,flat_1.0,1X2_draw,draw,172,0.23255813953488372,4.408484613293311,0.2418867791752397,0.23450227579321686,362.4317701348118,49.52749617117169,0.010819744748469204,1.0819744748469204,13.665329657151526,9.949783447013163,1.6597024091115264,0.0073845033820228445,-0.00932863964035599
m05_joint_production_wealth,sta_t25,close,flat_1.0,O/U 2.5_under_25,under_25,110,0.5363636363636364,2.2527334570817774,0.4750309327760194,0.45024356060413817,350.1254076882267,178.38209099738327,0.205113415296255,20.511341529625497,50.94805663353221,9.611938778157473,6.18782089094876,0.024787372171881206,0.061332703587617
m05_joint_production_wealth,sta_t25,close,flat_1.0,O/U 3.5_under_35,under_35,41,0.5121951219512195,1.6095453884586433,0.6623583536695873,0.623782225889093,229.79503639368025,-48.09998150830834,-0.2042230274273004,-20.42230274273004,-20.931688631387328,6.308527667056237,-2.542227294905036,0.03857612778049424,-0.15016323171836776
m05_joint_production_wealth,sta_t25,close,flat_1.0,O/U 2.5_over_25,over_25,33,0.45454545454545453,2.0550780324139906,0.5132197357019854,0.48749497725621643,89.23062974229418,-13.170708248971136,-0.08180942815269417,-8.180942815269416,-14.760299559701963,2.44963470626816,-1.7926903596961286,0.02572475844576899,-0.058674281156530894
m05_joint_production_wealth,sta_t25,close,flat_1.0,BTTS_btts_yes,btts_yes,17,0.5294117647058824,1.8840452483080705,0.5496793780825097,0.5357711050782197,62.16940908366179,5.15785085099029,-0.07073492100067215,-7.073492100067215,8.2964450314291,1.7067271922136429,1.007632464872014,0.013908273004289984,-0.020267613376627303
m05_joint_production_wealth,sta_t25,close,flat_1.0,BTTS_btts_no,btts_no,26,0.23076923076923078,2.4058801680690634,0.43861369718855453,0.4191622058147883,59.13542856916148,-26.87857708429166,-0.4830965187323533,-48.30965187323533,-45.4525784874561,1.6234357934201349,-5.520375717865138,0.019451491373766228,-0.20784446641932375
m05_joint_production_wealth,sta_t25,close,flat_1.0,O/U 1.5_over_15,over_15,14,0.7857142857142857,1.3577392291543684,0.7535650080375828,0.7360084968636948,57.579871995268476,-2.287432037239186,0.06921090833883999,6.921090833883999,-3.97262438761092,1.5807313388849928,-0.48248922141168477,0.0175565111738879,0.03214927767670295
m05_joint_production_wealth,sta_t25,close,flat_1.0,O/U 3.5_over_35,over_35,24,0.16666666666666666,3.387350269484268,0.3169426246031993,0.30084364898463456,46.62859415188193,-17.419611707346633,-0.4067832344672457,-40.67832344672457,-37.35821768635411,1.280087598494245,-4.537287094402894,0.016098975618564715,-0.15027595793653262
m05_joint_production_wealth,sta_t25,close,flat_1.0,O/U 1.5_under_15,under_15,30,0.26666666666666666,5.034267316501695,0.2254893178752025,0.2048844542263854,45.07091233691753,34.223909888511294,0.32574635360254417,32.57463536025442,75.93347485996756,1.2373248000439843,9.222387920319472,0.020604863648817084,0.041177348791464174
m05_joint_production_wealth,sta_t25,close,canonical_P1,1X2_home,home,273,0.358974358974359,3.304462983838246,0.359107076025062,0.3315468090193693,1210.8916012844613,57.56833113926072,0.06271447776393611,6.271447776393611,4.754210127330533,39.393120272321255,0.37391894131392384,0.027560267005692696,-0.00013271705070300177
m05_joint_production_wealth,sta_t25,close,canonical_P1,1X2_away,away,350,0.26571428571428574,4.447267591973534,0.29312085282073613,0.2643780370798824,1131.2836890170195,80.800752824947,0.024956134044529555,2.4956134044529557,7.142395281519116,36.803289721631835,0.5617498618242113,0.028742815740853744,-0.027406567106450397
m05_joint_production_wealth,sta_t25,close,canonical_P1,O/U 2.5_under_25,under_25,110,0.5363636363636364,2.2527334570817774,0.4750309327760194,0.45024356060413817,414.1862258915603,200.08979912148743,0.205113415296255,20.511341529625497,48.30913888813718,13.474441307857496,3.799516972335054,0.024787372171881206,0.061332703587617
m05_joint_production_wealth,sta_t25,close,canonical_P1,1X2_draw,draw,172,0.23255813953488372,4.408484613293311,0.2418867791752397,0.23450227579321686,317.50415607072597,52.369226819040875,0.010819744748469204,1.0819744748469204,16.494028760800006,10.32914869818948,1.297256454186793,0.0073845033820228445,-0.00932863964035599
m05_joint_production_wealth,sta_t25,t25,flat_1.0,1X2_away,away,344,0.2558139534883721,4.444389878099344,0.28995920154873384,0.26193690669056624,1239.0558205535635,67.52763096636565,-0.005433187487427747,-0.5433187487427747,5.449926455790898,34.97408111294105,0.5357932488786268,0.028022294858167596,-0.03414524806036173
m05_joint_production_wealth,sta_t25,t25,flat_1.0,1X2_home,home,271,0.35424354243542433,3.2823719076859037,0.3590776940196453,0.3324511817119421,1058.029002205613,155.7656042907397,0.06601405561702609,6.601405561702609,14.722243337944798,29.864346326585498,1.447373400871781,0.026626512307703187,-0.004834151584220958
m05_joint_production_wealth,sta_t25,t25,flat_1.0,O/U 2.5_under_25,under_25,105,0.5904761904761905,2.2472120595045544,0.4753856027493037,0.45174305489677513,352.28383673835964,150.45340031150207,0.3048096682708191,30.48096682708191,42.70800548344301,9.943703323520161,4.198710055396407,0.02364254785252856,0.1150905877268868
m05_joint_production_wealth,sta_t25,t25,flat_1.0,1X2_draw,draw,163,0.2331288343558282,4.424942151829121,0.2413725620100521,0.23331927890029136,328.0724900712014,67.58141505656863,0.014139870380128552,1.4139870380128552,20.599537328442707,9.260304248075423,2.0251820130297804,0.00805328310976075,-0.008243727654223904
m05_joint_production_wealth,sta_t25,t25,flat_1.0,O/U 3.5_under_35,under_35,48,0.5625,1.581199452606034,0.6694088778849364,0.6359995398891842,257.3375903846711,-55.09240590357183,-0.14768724492830712,-14.768724492830712,-21.408611863202378,7.263712909642246,-2.1047237604423947,0.033409337995752186,-0.10690887788493642
m05_joint_production_wealth,sta_t25,t25,flat_1.0,BTTS_btts_yes,btts_yes,24,0.5,1.8221075630066244,0.5662134013341392,0.5574489092263369,87.84374966518543,-48.06437122847059,-0.15106675725658794,-15.106675725658794,-54.71575543128215,2.4795125248534124,-5.379216142673732,0.00876449210780228,-0.06621340133413922
m05_joint_production_wealth,sta_t25,t25,flat_1.0,O/U 2.5_over_25,over_25,31,0.45161290322580644,2.0391795289798353,0.5115528229492183,0.4911630133860474,73.12619325679833,-6.764195135025003,-0.07390691093395278,-7.3906910933952785,-9.250030438848471,2.0640889393516293,-0.9093891268552132,0.020389809563170935,-0.059939919723411894
m05_joint_production_wealth,sta_t25,t25,flat_1.0,BTTS_btts_no,btts_no,27,0.3333333333333333,2.4313559880802114,0.4343827691814865,0.41513283563378667,53.94529606895992,-6.735062023419405,-0.19173149125032793,-19.173149125032793,-12.484984816488483,1.5226813264430035,-1.22742400861553,0.019249933547699827,-0.10104943584815318
m05_joint_production_wealth,sta_t25,t25,flat_1.0,O/U 1.5_under_15,under_15,23,0.2608695652173913,4.836802174994005,0.23483684895510762,0.21353986473296657,36.87938634519408,18.92948683263987,0.24244491287666253,24.244491287666253,51.32809601401261,1.0409721886912762,5.046168520839407,0.021296984222141047,0.02603271626228368
m05_joint_production_wealth,sta_t25,t25,flat_1.0,O/U 1.5_over_15,over_15,10,0.9,1.3567528348632298,0.7516839344894246,0.7382725424322649,31.29971288629794,10.642951345633845,0.2251177781659651,22.51177781659651,34.0033513543602,0.8834781122355642,3.342937972228138,0.013411392057159688,0.1483160655105754
m05_joint_production_wealth,sta_t25,t25,flat_1.0,O/U 3.5_over_35,over_35,18,0.16666666666666666,3.352870937465603,0.3152107794723107,0.3052635519907099,24.90998037630932,6.116695209268385,-0.41868175582990397,-41.868175582990396,24.555198827397223,0.7031189876607746,2.4140710637686067,0.009947227481600762,-0.14854411280564403
m05_joint_production_wealth,sta_t25,t25,canonical_P1,1X2_home,home,271,0.35424354243542433,3.2823719076859037,0.3590776940196453,0.3324511817119421,1217.2846526619574,185.87492533670795,0.06601405561702609,6.601405561702609,15.269635161359897,40.423531321379684,0.9861049399047035,0.026626512307703187,-0.004834151584220958
m05_joint_production_wealth,sta_t25,t25,canonical_P1,1X2_away,away,344,0.2558139534883721,4.444389878099344,0.28995920154873384,0.26193690669056624,1091.6086430843848,43.35219451827651,-0.005433187487427747,-0.5433187487427747,3.9714044765881584,36.25008832397108,0.2564711947167742,0.028022294858167596,-0.03414524806036173
m05_joint_production_wealth,sta_t25,t25,canonical_P1,O/U 2.5_under_25,under_25,105,0.5904761904761905,2.2472120595045544,0.4753856027493037,0.45174305489677513,416.37322116674727,169.4069513528488,0.3048096682708191,30.48096682708191,40.686322448437544,13.826902286503929,2.627501124223767,0.02364254785252856,0.1150905877268868
m05_joint_production_wealth,sta_t25,t25,canonical_P1,1X2_draw,draw,163,0.2331288343558282,4.424942151829121,0.2413725620100521,0.23331927890029136,286.06033373774636,67.6637891952276,0.014139870380128552,1.4139870380128552,23.65367763894879,9.499478068145287,1.5275419563202923,0.00805328310976075,-0.008243727654223904
m05_joint_production_wealth,std_close,close,flat_1.0,1X2_away,away,345,0.2608695652173913,4.491580849415826,0.2978635210243885,0.26059036453765444,1753.9700938877172,109.69844253033068,0.01706919186721757,1.706919186721757,6.2542937825799205,36.96167998622466,0.8368909129423098,0.03727315648673407,-0.036993955806997214
m05_joint_production_wealth,std_close,close,flat_1.0,1X2_home,home,269,0.3643122676579926,3.336772113329683,0.36301260975162736,0.32702800867985726,1444.60281015936,204.91120329153688,0.09158349850241518,9.158349850241517,14.184605058945738,30.442335911189865,1.8980507616337758,0.035984601071770095,0.0012996579063652147
m05_joint_production_wealth,std_close,close,flat_1.0,1X2_draw,draw,248,0.24596774193548387,4.239142620934664,0.24414985825182078,0.24209696368478428,498.4888722740869,12.899618581605235,0.014913043267269622,1.4913043267269621,2.5877445413691333,10.504732228842848,0.3462676949586065,0.0020528945670365006,0.0018178836836630907
m05_joint_production_wealth,std_close,close,flat_1.0,O/U 2.5_under_25,under_25,130,0.5230769230769231,2.2325920344751657,0.4760069575337122,0.453837270422977,397.8058815445174,117.96000040978815,0.15665674272879263,15.665674272879263,29.65265368923098,8.383024169868039,3.9678399000479883,0.022169687110735192,0.04706996554321091
m05_joint_production_wealth,std_close,close,flat_1.0,O/U 2.5_over_25,over_25,38,0.5526315789473685,2.052991921530964,0.5220175425005001,0.48807518259091437,167.53730742184058,-14.576177413638675,0.11653411571666111,11.653411571666112,-8.700257654814433,3.5305392972545357,-1.1641868490174219,0.03394235990958577,0.03061403644686833
m05_joint_production_wealth,std_close,close,flat_1.0,O/U 3.5_under_35,under_35,39,0.4358974358974359,1.6062629988122683,0.6540359729712569,0.6262154965605564,161.70360624999466,-39.35598135817444,-0.3267875867403241,-32.67875867403241,-24.338344871127905,3.407604820435094,-3.256728955623334,0.027820476410700512,-0.21813853707382103
m05_joint_production_wealth,std_close,close,flat_1.0,O/U 1.5_over_15,over_15,14,0.7857142857142857,1.3666916101067492,0.7531402255409618,0.7311956340192376,72.28884565847851,-4.754459854862081,0.07798424167217331,7.798424167217331,-6.57703109180088,1.5233538981727441,-0.8800765915726886,0.021944591521724233,0.03257406017332387
m05_joint_production_wealth,std_close,close,flat_1.0,BTTS_btts_yes,btts_yes,24,0.5416666666666666,1.8366363561251629,0.5614204723457683,0.5495376200494387,71.95440583065998,-1.523517310777802,-0.031827202352411134,-3.1827202352411135,-2.1173370736509183,1.5163061965422808,-0.28332218123648284,0.011882852296329571,-0.019753805679101677
m05_joint_production_wealth,std_close,close,flat_1.0,O/U 3.5_over_35,over_35,24,0.20833333333333334,3.441516936150935,0.31683898112152015,0.2967166415386239,66.27120487532633,-19.563942244583945,-0.22628323446724571,-22.628323446724572,-29.521029957715264,1.396543233798233,-3.950227247258975,0.02012233958289622,-0.1085056477881868
m05_joint_production_wealth,std_close,close,flat_1.0,BTTS_btts_no,btts_no,23,0.21739130434782608,2.453444739286819,0.43309171077465225,0.40951056769475574,63.53559209344349,-35.21332629349212,-0.5061996878423703,-50.61996878423704,-55.42299226818087,1.3388952473459328,-7.416184817941075,0.023581143079896505,-0.21570040642682617
m05_joint_production_wealth,std_close,close,flat_1.0,O/U 1.5_under_15,under_15,31,0.2903225806451613,5.0503752364705115,0.22298365332548306,0.20392370744224633,47.21576380263025,24.15176090996467,0.4130287794358195,41.30287794358195,51.15190132457255,0.9949850103257853,6.844667501467731,0.01905994588323673,0.06733892731967825
m05_joint_production_wealth,std_close,close,canonical_P1,1X2_home,home,269,0.3643122676579926,3.336772113329683,0.36301260975162736,0.32702800867985726,1683.9695907086966,262.6045946582902,0.09158349850241518,9.158349850241517,15.594378669734372,40.49918142180781,1.2934199819035703,0.035984601071770095,0.0012996579063652147
m05_joint_production_wealth,std_close,close,canonical_P1,1X2_away,away,345,0.2608695652173913,4.491580849415826,0.2978635210243885,0.26059036453765444,1560.4289865614646,86.69548125466861,0.01706919186721757,1.706919186721757,5.555874826813448,37.52805096439091,0.460812172780075,0.03727315648673407,-0.036993955806997214
m05_joint_production_wealth,std_close,close,canonical_P1,O/U 2.5_under_25,under_25,130,0.5230769230769231,2.2325920344751657,0.4760069575337122,0.453837270422977,478.65727614665667,134.3591875053194,0.15665674272879263,15.665674272879263,28.070018821598953,11.511625846743206,2.3281673483233316,0.022169687110735192,0.04706996554321091
m05_joint_production_wealth,std_close,close,canonical_P1,1X2_draw,draw,248,0.24596774193548387,4.239142620934664,0.24414985825182078,0.24209696368478428,434.97779464580765,17.662442884383356,0.014913043267269622,1.4913043267269621,4.060538975044801,10.46114176705807,0.33678688704759074,0.0020528945670365006,0.0018178836836630907
