model,spec,method,w_base,sigma,w_max,identity_spec,head_logloss,head_market_logloss,head_delta_logloss,head_ece,head_market_ece,head_mce,head_brier,head_rps,head_market_rps,head_n_obs,wide_logloss,wide_market_logloss,wide_ece,wide_market_ece,wide_brier,wide_market_brier,wide_n_obs,crps_all,crps_home,crps_away,lpd_all,lpd_all_market,lpd_small,lpd_small_market,n_small,lpd_large,lpd_large_market,n_large,n_shifted,w_median,w_p10,w_p90,var_retention_median,container,form,scheme,ret_side,ret_sup,ret_tot,rate_ratio,n_fixtures,mean_total,mean_sd_total,mean_cv_total,p_under_05,p_under_05_plugin,jensen_under_05,realised_under_05,bias_under_05,p_under_15,jensen_under_15,realised_under_15,bias_under_15,p_under_25,realised_under_25,bias_under_25,p_over_35,jensen_over_35,realised_over_35,bias_over_35
m12_joint_hybrid_synergy,sta_w1.00,static_geometric,1.0,NaN,1.0,true,0.6348776748799607,0.633061118131463,0.0018165567484976775,0.01506271590749618,0.018347074313313467,0.19640169051638687,0.22195660379177787,0.22464227757688746,0.21091067161472066,2148,0.6221334766928769,0.6188520887711146,0.013680474634336097,0.019774077253720466,0.21677212341825453,0.2152849575008106,2511,0.6283192113476559,0.6383234483339266,0.6183149743613853,-0.6221334766928762,-0.6188520887711139,-0.6141580341036027,-0.6131492077834999,874,-0.6534761521857122,-0.6469014061505117,877,-1,NaN,NaN,NaN,NaN,raw,none,none,1.0,1.0,1.0,NaN,710,2.707141275347865,0.18756602155724728,0.06939569900744429,0.06881293116092482,0.0676308811294901,0.001182050031434708,0.061971830985915494,0.006841100175009329,0.250892302963466,0.0019912482212436538,0.21830985915492956,0.03258244380853642,0.4938463332026219,0.4887323943661972,0.005113938836424692,0.28820511825994805,0.0003997051445720776,0.2943661971830986,-0.0061610789231505425
m12_joint_hybrid_synergy,std_w0.40_s0.15,standard_gaussian,0.4,0.15,1.0,false,0.6318780957930537,0.633061118131463,-0.0011830223384093896,0.00932368175359929,0.018347074313313467,0.27009944353601933,0.22065686697214854,0.2209900606028182,0.21091067161472066,2148,0.6186994096612235,0.6188520887711146,0.009280035631511667,0.019774077253720466,0.2152826583058459,0.2152849575008106,2511,0.6238690280820528,0.6305251417813956,0.6172129143827098,-0.6186994096612257,-0.6188520887711139,-0.6143116035514592,-0.6131492077834999,874,-0.6439717443319032,-0.6469014061505117,877,-1,NaN,NaN,NaN,NaN,std_A_pool,std,A_pool,0.7059217084732545,0.6866945682543686,0.6743761976555451,1.0,710,2.70971946777405,0.15615466524464552,0.057824415494092965,0.06857892284849137,0.0677255565239044,0.0008533663245869689,0.061971830985915494,0.006607091862575881,0.25033160384008674,0.0014328024469548804,0.21830985915492956,0.03202174468515717,0.4931730053933998,0.4887323943661972,0.004440611027202612,0.28874479793699614,0.0002925704007994513,0.2943661971830986,-0.005621399246102443
m12_joint_hybrid_synergy,std_w0.40_s0.15,standard_gaussian,0.4,0.15,1.0,false,0.6318775213369018,0.633061118131463,-0.001183596794561259,0.009185837701072667,0.018347074313313467,0.26876162662062586,0.22065563655422654,0.22099530020977318,0.21091067161472066,2148,0.6186812643671313,0.6188520887711146,0.009257505606511686,0.019774077253720466,0.2152733201716383,0.2152849575008106,2511,0.6238188115821638,0.6304310620289739,0.6172065611353537,-0.6186812643671308,-0.6188520887711139,-0.6143399983809469,-0.6131492077834999,874,-0.6439058858522914,-0.6469014061505117,877,-1,NaN,NaN,NaN,NaN,std_B_full,std,B_full,1.0,1.0,1.0,1.0012575154343688,710,2.7130852815669138,0.1885206204344754,0.06959613134279162,0.06868792207968735,0.06750188503854095,0.0011860370411464025,0.061971830985915494,0.006716091093771859,0.2502995521675063,0.0020021801139161726,0.21830985915492956,0.03198969301257676,0.4926930401432878,0.4887323943661972,0.003960645777090599,0.2895784089574993,0.00038826642551846417,0.2943661971830986,-0.0047877882255992765
m12_joint_hybrid_synergy,std_w0.40_s0.15,standard_gaussian,0.4,0.15,1.0,false,0.6318670484759404,0.633061118131463,-0.0011940696555226005,0.00979532062324556,0.018347074313313467,0.2680014000804931,0.220650498914771,0.22099954183876358,0.21091067161472066,2148,0.618697354786806,0.6188520887711146,0.009774327511041344,0.019774077253720466,0.21527971542628607,0.2152849575008106,2511,0.6238690280820528,0.6305251417813956,0.6172129143827098,-0.618697354786806,-0.6188520887711139,-0.6143119956275448,-0.6131492077834999,874,-0.6439119385422684,-0.6469014061505117,877,-1,NaN,NaN,NaN,NaN,std_B_anch,std,B_anch,1.0,1.0,1.0,1.0,710,2.709719467774051,0.18828332008051402,0.0695963638021164,0.06891264823382674,0.06772555652390438,0.0011870917099223663,0.061971830985915494,0.006940817247911249,0.2508987926832048,0.001999991290073023,0.21830985915492956,0.032588933528275243,0.49350067906040246,0.4887323943661972,0.00476828469420526,0.28884482482617574,0.0003925972899789834,0.2943661971830986,-0.005521372356922849
m12_joint_hybrid_synergy,std_w0.40_s0.15,standard_gaussian,0.4,0.15,1.0,false,0.6318784480518156,0.633061118131463,-0.001182670079647452,0.009200946160145848,0.018347074313313467,0.26971667236093877,0.2206567121290614,0.22099265534586612,0.21091067161472066,2148,0.6186940769046403,0.6188520887711146,0.009271494971478568,0.019774077253720466,0.21527988910675888,0.2152849575008106,2511,0.6238543087852046,0.6304953809062684,0.617213236664141,-0.6186940769046403,-0.6188520887711139,-0.6143233176200319,-0.6131492077834999,874,-0.6439495472435759,-0.6469014061505117,877,-1,NaN,NaN,NaN,NaN,std_C_sqrt,std,C_sqrt,0.8401914505155157,0.8156532450563387,0.8149222686752171,1.000570687862839,710,2.711006714637758,0.16999364071864367,0.06287195561161112,0.06862110519342861,0.06763948778432813,0.0009816174091004629,0.061971830985915494,0.0066492742075131145,0.2503190872383683,0.0016512860541187267,0.21830985915492956,0.03200922808343876,0.4929875504231022,0.4887323943661972,0.004255156056905018,0.2890657538733937,0.00033138163531882625,0.2943661971830986,-0.005300443309704861
m12_joint_hybrid_synergy,std_w0.40_s0.15,standard_gaussian,0.4,0.15,1.0,false,0.6318772808134333,0.633061118131463,-0.0011838373180297346,0.009170754792894451,0.018347074313313467,0.2689191785697638,0.22065535064351466,0.22099464622433815,0.21091067161472066,2148,0.6186868425136107,0.6188520887711146,0.009248001979618831,0.019774077253720466,0.2152764708555338,0.2152849575008106,2511,0.6238391350323025,0.6304710986926091,0.617207171371996,-0.6186868425136114,-0.6188520887711139,-0.6143277060686575,-0.6131492077834999,874,-0.6439714824708902,-0.6469014061505117,877,-1,NaN,NaN,NaN,NaN,std_D_sup,std,D_sup,0.8190645661586535,1.0,0.6651859941792931,1.000554624473937,710,2.71120125113796,0.15652000920914158,0.05786782687285404,0.06847764457821962,0.06762757354052942,0.0008500710376902116,0.061971830985915494,0.006505813592304122,0.250066528880905,0.0014317237011317045,0.21830985915492956,0.03175666972597546,0.49281991263669617,0.4887323943661972,0.004087518270498969,0.289064128790403,0.00028683768172348427,0.2943661971830986,-0.005302068392695591
m12_joint_hybrid_synergy,std_w0.40_s0.15,standard_gaussian,0.4,0.15,1.0,false,0.6318742638464133,0.633061118131463,-0.001186854285049721,0.009749430102363382,0.018347074313313467,0.268522929928237,0.22065363717361347,0.22099779083281965,0.21091067161472066,2148,0.6186950228496823,0.6188520887711146,0.009740931128078213,0.019774077253720466,0.2152796908528624,0.2152849575008106,2511,0.6238690280820528,0.6305251417813956,0.6172129143827098,-0.6186950228496817,-0.6188520887711139,-0.6143072804558203,-0.6131492077834999,874,-0.6439892740027154,-0.6469014061505117,877,-1,NaN,NaN,NaN,NaN,std_D_sup_anch,std,D_sup_anch,0.8190645661586535,1.0,0.6651859941792931,1.0000000000000002,710,2.709719467774051,0.1564480064745202,0.05786836421254965,0.06857587718381666,0.06772555652390438,0.0008503206599122844,0.061971830985915494,0.00660404619790117,0.2503300485753565,0.0014312471822247152,0.21830985915492956,0.03202018942042695,0.49317633423510004,0.4887323943661972,0.004443939868902846,0.2887400392725588,0.0002878117363620475,0.2943661971830986,-0.005626157910539775
m12_joint_hybrid_synergy,std_w0.40_s0.15,standard_gaussian,0.4,0.15,1.0,false,0.6318757086013289,0.633061118131463,-0.0011854095301341294,0.009343725426869337,0.018347074313313467,0.26994512858427466,0.2206561846037214,0.2209891409212244,0.21091067161472066,2148,0.6186916199922919,0.6188520887711146,0.009291059466243078,0.019774077253720466,0.21527887003949345,0.2152849575008106,2511,0.623835680298845,0.630464706357131,0.6172066542405585,-0.6186916199922914,-0.6188520887711139,-0.6143259277116583,-0.6131492077834999,874,-0.6438916180452223,-0.6469014061505117,877,-1,NaN,NaN,NaN,NaN,std_D_tot,std,D_tot,0.8487534517019282,0.6651859941792946,1.0,1.0006688883333625,710,2.711486249137336,0.18765131724953835,0.06933066496409872,0.06878659655335805,0.06760841338908091,0.001178183164277136,0.061971830985915494,0.006814765567442552,0.2505691399746166,0.001985596848578177,0.21830985915492956,0.03225928081968704,0.49306621654591937,0.4887323943661972,0.004333822179722169,0.28922932449254835,0.0003896461308271241,0.2943661971830986,-0.005136872690550243
m12_joint_hybrid_synergy,inv_w0.25_s0.35,inverse_gaussian,0.25,0.35,1.0,false,0.6306418226148336,0.633061118131463,-0.0024192955166294494,0.013318687435018801,0.018347074313313467,0.07784262225102989,0.22001023668360054,0.22053869743540241,0.21091067161472066,2148,0.6175942198212524,0.6188520887711146,0.011193671294517605,0.019774077253720466,0.21471754935582366,0.2152849575008106,2511,0.6242468876966478,0.6320154543041909,0.616478321089105,-0.6175942198212534,-0.6188520887711139,-0.6135688734762075,-0.6131492077834999,874,-0.6429252048025301,-0.6469014061505117,877,-1,NaN,NaN,NaN,NaN,inv_A_pool,inv,A_pool,0.08495746447266736,0.09419541544207582,0.09372911918104092,1.0,710,2.7045867475815233,0.08577259659318556,0.03182659944859494,0.06849047034998136,0.06815435853685721,0.0003361118131241574,0.061971830985915494,0.006518639364065867,0.2505148729072057,0.0005610414263926198,0.21830985915492956,0.032205013752276135,0.4939893287330597,0.4887323943661972,0.005256934366862476,0.28748707994052397,0.000119118592535977,0.2943661971830986,-0.006879117242574617
m12_joint_hybrid_synergy,inv_w0.25_s0.35,inverse_gaussian,0.25,0.35,1.0,false,0.6306758824308827,0.633061118131463,-0.002385235700580357,0.014359136143410674,0.018347074313313467,0.07818694823564543,0.220024095777164,0.2205561849136516,0.21091067161472066,2148,0.6176020571624935,0.6188520887711146,0.011660101679466822,0.019774077253720466,0.21471942259861868,0.2152849575008106,2511,0.6242434465075785,0.6320029439860599,0.616483949029097,-0.6176020571624938,-0.6188520887711139,-0.6137103937668901,-0.6131492077834999,874,-0.6428065221114743,-0.6469014061505117,877,-1,NaN,NaN,NaN,NaN,inv_B_full,inv,B_full,1.0,1.0,1.0,1.0037755855325208,710,2.7131359209774284,0.18863296832359464,0.06963119909727215,0.0687654351312466,0.06757892729530822,0.0011865078359383793,0.061971830985915494,0.006793604145331103,0.2504159979046425,0.002002903642609252,0.21830985915492956,0.03210613874971291,0.49273915759635406,0.4887323943661972,0.004006763230156862,0.28962700620038206,0.0003858869087490617,0.2943661971830986,-0.0047391909827165235
m12_joint_hybrid_synergy,inv_w0.25_s0.35,inverse_gaussian,0.25,0.35,1.0,false,0.6306973598235418,0.633061118131463,-0.0023637583079212376,0.013100669606953276,0.018347074313313467,0.09111862593436615,0.22003644349992907,0.2205487214518904,0.21091067161472066,2148,0.6176413187712798,0.6188520887711146,0.0100632079477608,0.019774077253720466,0.21473804727151338,0.2152849575008106,2511,0.6242468876966478,0.6320154543041909,0.616478321089105,-0.6176413187712791,-0.6188520887711139,-0.6136448556954548,-0.6131492077834999,874,-0.6428839119177296,-0.6469014061505117,877,-1,NaN,NaN,NaN,NaN,inv_B_anch,inv,B_anch,1.0,1.0,1.0,0.9999999999999998,710,2.7045867475815233,0.18802575780597125,0.06963049994870082,0.06934347616214945,0.06815435853685721,0.001189117625292238,0.061971830985915494,0.007371645176233954,0.251950912154917,0.0019970806741039715,0.21830985915492956,0.03364105299998743,0.4947989567971646,0.4887323943661972,0.006066562430967426,0.28776468765348867,0.0003967263055005738,0.2943661971830986,-0.006601509529609917
m12_joint_hybrid_synergy,inv_w0.25_s0.35,inverse_gaussian,0.25,0.35,1.0,false,0.6306484850115657,0.633061118131463,-0.002412633119897367,0.013308237798519886,0.018347074313313467,0.07794034977989062,0.22001291493898126,0.22054241718161402,0.21091067161472066,2148,0.6175927123087782,0.6188520887711146,0.011089479254777315,0.019774077253720466,0.2147165351403201,0.2152849575008106,2511,0.6242381213901705,0.6320000950592709,0.6164761477210701,-0.6175927123087781,-0.6188520887711139,-0.6136006489715329,-0.6131492077834999,874,-0.6428909787311367,-0.6469014061505117,877,-1,NaN,NaN,NaN,NaN,inv_C_sqrt,inv,C_sqrt,0.2914746325456702,0.3033603288228136,0.3026065883336244,1.0009038544476956,710,2.7066401941195193,0.12220629604334227,0.04526377099269107,0.06855681155102714,0.06801573320730907,0.0005410783437180837,0.061971830985915494,0.006584980565111642,0.25049097353808325,0.0009078895025112644,0.21830985915492956,0.032181114383153686,0.49368698148203577,0.4887323943661972,0.004954587115838571,0.2880039437111747,0.0001862270688444455,0.2943661971830986,-0.006362253471923873
m12_joint_hybrid_synergy,inv_w0.25_s0.35,inverse_gaussian,0.25,0.35,1.0,false,0.6306786899751674,0.633061118131463,-0.002382428156295635,0.013610044775795532,0.018347074313313467,0.07803487579904633,0.22002496225626722,0.22055642986978702,0.21091067161472066,2148,0.6176192240153462,0.6188520887711146,0.01134218819581825,0.019774077253720466,0.21472767640282406,0.2152849575008106,2511,0.6242521801023101,0.6320223761704721,0.6164819840341481,-0.617619224015346,-0.6188520887711139,-0.6137125669304553,-0.6131492077834999,874,-0.6429112227861856,-0.6469014061505117,877,-1,NaN,NaN,NaN,NaN,inv_D_sup,inv,D_sup,0.5109544868255522,1.0,0.0916058739645475,1.0017338468920478,710,2.708480300320967,0.08948795289484543,0.033144532359955486,0.068243218569479,0.06789142125934372,0.0003517973101352878,0.061971830985915494,0.006271387583563506,0.24983986515280748,0.0005892759951540578,0.21830985915492956,0.03153000599787792,0.4930614376804907,0.4887323943661972,0.0043290433142935125,0.28834337052825343,0.00012253802253405573,0.2943661971830986,-0.006022826654845159
m12_joint_hybrid_synergy,inv_w0.25_s0.35,inverse_gaussian,0.25,0.35,1.0,false,0.6306853021168624,0.633061118131463,-0.0023758160146006846,0.012594164626140688,0.018347074313313467,0.09983139262884144,0.2200291915067955,0.22055044489893932,0.21091067161472066,2148,0.6176328801585119,0.6188520887711146,0.010064306991148703,0.019774077253720466,0.2147343325615371,0.2152849575008106,2511,0.6242468876966478,0.6320154543041908,0.616478321089105,-0.6176328801585137,-0.6188520887711139,-0.6136762084996814,-0.6131492077834999,874,-0.6429400398590657,-0.6469014061505117,877,-1,NaN,NaN,NaN,NaN,inv_D_sup_anch,inv,D_sup_anch,0.5109544868255522,1.0,0.0916058739645475,0.9999999999999999,710,2.7045867475815233,0.08939062803159441,0.03314446170997419,0.06850631428226313,0.06815435853685722,0.00035195574540589325,0.061971830985915494,0.006534483296347635,0.25054275966484735,0.0005889281840342745,0.21830985915492956,0.03223290050991778,0.4940063630488876,0.4887323943661972,0.005273968682690422,0.28749116558687043,0.00012320423888240907,0.2943661971830986,-0.006875031596228154
m12_joint_hybrid_synergy,inv_w0.25_s0.35,inverse_gaussian,0.25,0.35,1.0,false,0.6306417635752958,0.633061118131463,-0.0024193545561672636,0.013356462455510323,0.018347074313313467,0.07797640735778755,0.22001055974827144,0.22054054361276354,0.21091067161472066,2148,0.6175813815546536,0.6188520887711146,0.011119782287740744,0.019774077253720466,0.21471106496257392,0.2152849575008106,2511,0.6242486570191494,0.6320191620541071,0.616478151984192,-0.617581381554654,-0.6188520887711139,-0.6135665726888119,-0.6131492077834999,874,-0.6428321167209983,-0.6469014061505117,877,-1,NaN,NaN,NaN,NaN,inv_D_tot,inv,D_tot,0.59595194145687,0.09160587396454742,1.0,1.0020592532460053,710,2.7092262471245134,0.1871325823553093,0.0691956335821161,0.06901551576975369,0.06784119820038283,0.0011743175693708654,0.061971830985915494,0.007043684783838197,0.2510918348744467,0.001975534711680749,0.21830985915492956,0.03278197571951713,0.4936638592420104,0.4887323943661972,0.004931464875813196,0.2887730877349853,0.000388982199553516,0.2943661971830986,-0.005593109448113309
m05_joint_production_wealth,sta_w1.00,static_geometric,1.0,NaN,1.0,true,0.633809660720174,0.633061118131463,0.000748542588710932,0.017940470262691816,0.018347074313313467,0.12503165820865836,0.22146339756741482,0.22403520433970808,0.21091067161472066,2148,0.6211761492459108,0.6188520887711146,0.014407592326572223,0.019774077253720466,0.21630011534654206,0.2152849575008106,2511,0.6270457522503458,0.63771835774312,0.6163731467575714,-0.6211761492459112,-0.6188520887711139,-0.6157104910994187,-0.6156015010101509,903,-0.6544483084289011,-0.6481821414057323,863,-1,NaN,NaN,NaN,NaN,raw,none,none,1.0,1.0,1.0,NaN,710,2.7203771543623705,0.21786949193542093,0.0802928587341803,0.06890253333081002,0.06731886097875332,0.0015836723520567116,0.061971830985915494,0.0069307023448945265,0.25016411212005446,0.0026702482179927697,0.21830985915492956,0.031854252965124896,0.491582082579476,0.4887323943661972,0.0028496882132788004,0.2914074256309591,0.000500219313802031,0.2943661971830986,-0.002958771552139472
m05_joint_production_wealth,std_w0.40_s0.15,standard_gaussian,0.4,0.15,1.0,false,0.6316523186943394,0.633061118131463,-0.0014087994371236867,0.00937897730363319,0.018347074313313467,0.08533954471443206,0.22055931274028104,0.221112849142207,0.21091067161472066,2148,0.6185022841401838,0.6188520887711146,0.009329157807825124,0.019774077253720466,0.21517791034124384,0.2152849575008106,2511,0.6234675863644036,0.6315016568775144,0.6154335158512931,-0.618502284140183,-0.6188520887711139,-0.615438038974761,-0.6156015010101509,903,-0.6471035882477306,-0.6481821414057323,863,-1,NaN,NaN,NaN,NaN,std_A_pool,std,A_pool,0.7324456153669736,0.717295482153651,0.7114335584427482,1.0,710,2.720051644886614,0.1839177043894357,0.0678932004196431,0.06854517923929446,0.06737247193675569,0.0011727073025387517,0.061971830985915494,0.006573348253378963,0.2495843343878604,0.001970320193203639,0.21830985915492956,0.03127447523293084,0.49129870653260804,0.4887323943661972,0.0025663121664108446,0.2912169984861809,0.00038288704423271905,0.2943661971830986,-0.00314919869691771
m05_joint_production_wealth,std_w0.40_s0.15,standard_gaussian,0.4,0.15,1.0,false,0.6316575531299407,0.633061118131463,-0.0014035650015223888,0.010398004889629699,0.018347074313313467,0.08359354581409639,0.2205610509664191,0.22111956232141336,0.21091067161472066,2148,0.6184747711669558,0.6188520887711146,0.010176586763284394,0.019774077253720466,0.21516419631948955,0.2152849575008106,2511,0.6234064210798358,0.6313860227235972,0.6154268194360741,-0.6184747711669547,-0.6188520887711139,-0.6155035471385442,-0.6156015010101509,903,-0.6469534894492008,-0.6481821414057323,863,-1,NaN,NaN,NaN,NaN,std_B_full,std,B_full,1.0,1.0,1.0,1.0015506004666448,710,2.7243914701219594,0.21884148347721805,0.0805107997914009,0.06867733043897613,0.06708760155819887,0.0015897288807772264,0.061971830985915494,0.006705499453060634,0.24953371177020317,0.002688176048672487,0.21830985915492956,0.031223852615273606,0.4906836447203313,0.4887323943661972,0.0019512503541341264,0.29227811914880214,0.000492437357703715,0.2943661971830986,-0.0020880780342964478
m05_joint_production_wealth,std_w0.40_s0.15,standard_gaussian,0.4,0.15,1.0,false,0.6316339234278883,0.633061118131463,-0.0014271947035747745,0.009431720157233238,0.018347074313313467,0.08277905332204849,0.22054956802285683,0.2211142550898557,0.21091067161472066,2148,0.6185076139696787,0.6188520887711146,0.009343702442896342,0.019774077253720466,0.21517656364701881,0.2152849575008106,2511,0.6234675863644037,0.6315016568775144,0.6154335158512931,-0.6185076139696793,-0.6188520887711139,-0.6154209306490903,-0.6156015010101509,903,-0.6469992071223241,-0.6481821414057323,863,-1,NaN,NaN,NaN,NaN,std_B_anch,std,B_anch,1.0,1.0,1.0,1.0,710,2.720051644886614,0.21848480928339495,0.08051212549991286,0.06896413088571,0.06737247193675573,0.0015916589489542823,0.061971830985915494,0.00699229989979451,0.25029843466285717,0.0026844204682003494,0.21830985915492956,0.03198857550792761,0.49171708400122066,0.4887323943661972,0.002984689635023463,0.2913343877663482,0.0005002763244000791,0.2943661971830986,-0.0030318094167504084
m05_joint_production_wealth,std_w0.40_s0.15,standard_gaussian,0.4,0.15,1.0,false,0.6316556974917545,0.633061118131463,-0.001405420639708499,0.009376053162488227,0.018347074313313467,0.08482730035367902,0.22056062576671429,0.22111676416459847,0.21091067161472066,2148,0.6184945996125255,0.6188520887711146,0.009318972175413325,0.019774077253720466,0.21517401151648397,0.2152849575008106,2511,0.6234503731397294,0.6314657986398402,0.6154349476396185,-0.6184945996125251,-0.6188520887711139,-0.6154659205275688,-0.6156015010101509,903,-0.647053471665264,-0.6481821414057323,863,-1,NaN,NaN,NaN,NaN,std_C_sqrt,std,C_sqrt,0.8558302611004486,0.8359848889726421,0.8343396575554882,1.0006980924450992,710,2.721728827229054,0.1988769002823178,0.0733153590774795,0.06859655258327184,0.06726170799254594,0.001334844590725894,0.061971830985915494,0.006624721597356345,0.24956386114072843,0.002248072994067462,0.21830985915492956,0.03125400198579886,0.4910581466704768,0.4887323943661972,0.0023257523042796158,0.29162992411916017,0.0004281615893285493,0.2943661971830986,-0.0027362730639384214
m05_joint_production_wealth,std_w0.40_s0.15,standard_gaussian,0.4,0.15,1.0,false,0.6316574935784408,0.633061118131463,-0.0014036245530222313,0.009540647656710569,0.018347074313313467,0.08379455440607142,0.2205608059881853,0.2211179278811129,0.21091067161472066,2148,0.6184813658090705,0.6188520887711146,0.009448054562001545,0.019774077253720466,0.2151685971395974,0.2152849575008106,2511,0.6234291921448827,0.631426006945413,0.6154323773443523,-0.6184813658090705,-0.6188520887711139,-0.6154777222423173,-0.6156015010101509,903,-0.6470357752230672,-0.6481821414057323,863,-1,NaN,NaN,NaN,NaN,std_D_sup,std,D_sup,0.8396407361828311,1.0,0.6996228854267866,1.0006658076953634,710,2.7219854827438397,0.184060639342883,0.06784927211144036,0.06841146593678282,0.06724600442667443,0.0011654615101083963,0.061971830985915494,0.006439634950867329,0.2492352241256697,0.0019628414054616715,0.21830985915492956,0.030925364970740138,0.4908354640178075,0.4887323943661972,0.0021030696516102787,0.291633760104288,0.00037549522028044823,0.2943661971830986,-0.002732437078810601
m05_joint_production_wealth,std_w0.40_s0.15,standard_gaussian,0.4,0.15,1.0,false,0.6316433875578348,0.633061118131463,-0.001417730573628262,0.009747028589165178,0.018347074313313467,0.08326208880040209,0.22055362566278416,0.22111403197882953,0.21091067161472066,2148,0.6184943935256678,0.6188520887711146,0.009653638486998498,0.019774077253720466,0.21517300983474594,0.2152849575008106,2511,0.6234675863644036,0.6315016568775144,0.6154335158512931,-0.6184943935256677,-0.6188520887711139,-0.6154295683872784,-0.6156015010101509,903,-0.6470776337979461,-0.6481821414057323,863,-1,NaN,NaN,NaN,NaN,std_D_sup_anch,std,D_sup_anch,0.8396407361828311,1.0,0.6996228854267866,0.9999999999999999,710,2.720051644886614,0.18394993376970145,0.06785074316471278,0.06853842123781564,0.06737247193675569,0.0011659493010599496,0.061971830985915494,0.006566590251900151,0.24957601494141185,0.001962000746755139,0.21830985915492956,0.031266155786482286,0.49129766714212064,0.4887323943661972,0.002565272775923444,0.29121145202768944,0.00037734058574127383,0.2943661971830986,-0.0031547451554091444
m05_joint_production_wealth,std_w0.40_s0.15,standard_gaussian,0.4,0.15,1.0,false,0.6316518612900834,0.633061118131463,-0.0014092568413796025,0.010335983172162938,0.018347074313313467,0.08515482647543626,0.22055977933913185,0.2211152707305562,0.21091067161472066,2148,0.6184960632877813,0.6188520887711146,0.010142331954520977,0.019774077253720466,0.21517419399368187,0.2152849575008106,2511,0.6234255886078509,0.6314189270283901,0.6154322501873118,-0.6184960632877821,-0.6188520887711139,-0.6154699273227376,-0.6156015010101509,903,-0.6470065124587198,-0.6481821414057323,863,-1,NaN,NaN,NaN,NaN,std_D_tot,std,D_tot,0.8586082390701416,0.6996228854267859,1.0,1.0007658406669557,710,2.7222667342758893,0.2177735206402592,0.08019793995494617,0.06880614062607114,0.06722687420180351,0.0015792664242676208,0.061971830985915494,0.0068343096401556475,0.24988660085966366,0.0026651842579921165,0.21830985915492956,0.031576741704734096,0.49117469796089125,0.4887323943661972,0.002442303594694051,0.29181525405038444,0.0004954816479119195,0.2943661971830986,-0.002550943132714145
m05_joint_production_wealth,inv_w0.25_s0.35,inverse_gaussian,0.25,0.35,1.0,false,0.6302702903867858,0.633061118131463,-0.0027908277446772045,0.007647789706851516,0.018347074313313467,0.059612228102299714,0.21984844919466381,0.22047799112193217,0.21091067161472066,2148,0.6173792731219838,0.6188520887711146,0.007389318237178788,0.019774077253720466,0.2145984927511482,0.2152849575008106,2511,0.6234772135896218,0.6318601206613127,0.615094306517931,-0.6173792731219836,-0.6188520887711139,-0.6158884597014836,-0.6156015010101509,903,-0.6439897292478306,-0.6481821414057323,863,-1,NaN,NaN,NaN,NaN,inv_A_pool,inv,A_pool,0.0823213106920476,0.08954966956542107,0.08913139287209323,1.0,710,2.7065160758370492,0.09735816764626733,0.03620885673964743,0.06880537376655237,0.06836553036574579,0.00043984340080658387,0.061971830985915494,0.006833542780636873,0.2509093172978535,0.0007260188047432889,0.21830985915492956,0.03259945814292392,0.4939308611812818,0.4887323943661972,0.005198466815084624,0.2880631071494852,0.00015663129778177579,0.2943661971830986,-0.006303090033613401
m05_joint_production_wealth,inv_w0.25_s0.35,inverse_gaussian,0.25,0.35,1.0,false,0.6303346113793156,0.633061118131463,-0.002726506752147473,0.007341483844585606,0.018347074313313467,0.04393975207204592,0.21987435239415035,0.22050578401124465,0.21091067161472066,2148,0.617392059882734,0.6188520887711146,0.007982625801728666,0.019774077253720466,0.2146019382173969,0.2152849575008106,2511,0.6234980374055258,0.6318992795452649,0.6150967952657865,-0.6173920598827338,-0.6188520887711139,-0.6161575515054639,-0.6156015010101509,903,-0.6437497146278225,-0.6481821414057323,863,-1,NaN,NaN,NaN,NaN,inv_B_full,inv,B_full,1.0,1.0,1.0,1.0049937456345774,710,2.718411408560593,0.21857566186250355,0.08058930670083583,0.069162375416939,0.06756779727338395,0.0015945781435550532,0.061971830985915494,0.007190544431023502,0.2507344780941025,0.0026867581603436793,0.21830985915492956,0.03242461893917292,0.4921857252638903,0.4887323943661972,0.0034533308976931187,0.2910114135775384,0.0005008591916516191,0.2943661971830986,-0.0033547836055601854
m05_joint_production_wealth,inv_w0.25_s0.35,inverse_gaussian,0.25,0.35,1.0,false,0.6303428163507728,0.633061118131463,-0.0027183017806902132,0.007318694762278591,0.018347074313313467,0.07028436657383375,0.2198821023500082,0.22048217030746417,0.21091067161472066,2148,0.6174418126385341,0.6188520887711146,0.006921451253512945,0.019774077253720466,0.21462494083426278,0.2152849575008106,2511,0.6234772135896218,0.6318601206613125,0.615094306517931,-0.6174418126385345,-0.6188520887711139,-0.6158613335067216,-0.6156015010101509,903,-0.6438477915475113,-0.6481821414057323,863,-1,NaN,NaN,NaN,NaN,inv_B_anch,inv,B_anch,1.0,1.0,1.0,0.9999999999999998,710,2.7065160758370492,0.21758415051806015,0.08058929069234419,0.06996519918173784,0.0683655303657458,0.0015996688159920424,0.061971830985915494,0.007993368195822345,0.2528589082206635,0.0026756097275532843,0.21830985915492956,0.03454904906573392,0.4950354032639402,0.4887323943661972,0.00630300889774299,0.2884284207261676,0.0005219448744641335,0.2943661971830986,-0.005937776456930999
m05_joint_production_wealth,inv_w0.25_s0.35,inverse_gaussian,0.25,0.35,1.0,false,0.6302832124063075,0.633061118131463,-0.0027779057251555717,0.00757928788606999,0.018347074313313467,0.05976226572112453,0.21985364339789393,0.22048356640933253,0.21091067161472066,2148,0.6173764623234912,0.6188520887711146,0.006994089559916571,0.019774077253720466,0.21459685721001584,0.2152849575008106,2511,0.6234693108071838,0.631849657177498,0.6150889644368694,-0.6173764623234909,-0.6188520887711139,-0.6159487781789669,-0.6156015010101509,903,-0.6439185838566998,-0.6481821414057323,863,-1,NaN,NaN,NaN,NaN,inv_C_sqrt,inv,C_sqrt,0.2869168797201489,0.2971444469181387,0.29649635336290336,1.001195216013265,710,2.709328337525302,0.13995906220443455,0.051885711747139934,0.06889035233444704,0.06817581702908793,0.0007145353053591258,0.061971830985915494,0.006918521348531548,0.25086714832499735,0.0011905554723269291,0.21830985915492956,0.03255728917006778,0.49351353937430253,0.4887323943661972,0.004781145008105336,0.2887659257121744,0.00024425399593652676,0.2943661971830986,-0.0056002714709241785
m05_joint_production_wealth,inv_w0.25_s0.35,inverse_gaussian,0.25,0.35,1.0,false,0.6303391249667037,0.633061118131463,-0.0027219931647592954,0.0069605127088741845,0.018347074313313467,0.04374008111503369,0.21987587050778526,0.22050348002543357,0.21091067161472066,2148,0.6174197011145702,0.6188520887711146,0.00725830007394285,0.019774077253720466,0.2146148471047269,0.2152849575008106,2511,0.6234911381726975,0.6318923229185928,0.6150899534268023,-0.6174197011145698,-0.6188520887711139,-0.6161366245540351,-0.6156015010101509,903,-0.6438965462600621,-0.6481821414057323,863,-1,NaN,NaN,NaN,NaN,inv_D_sup,inv,D_sup,0.5190127224100751,1.0,0.08840501552553999,1.0023302168738168,710,2.7120718746118326,0.10237788170376044,0.037966376488814346,0.068455195789852,0.06799182987257188,0.0004633659172801294,0.061971830985915494,0.006483364803936506,0.24995316366585782,0.0007692205294162153,0.21830985915492956,0.031643304510928255,0.49261393528360464,0.4887323943661972,0.0038815409174074444,0.28928296142994114,0.00016056567362996525,0.2943661971830986,-0.005083235753157445
m05_joint_production_wealth,inv_w0.25_s0.35,inverse_gaussian,0.25,0.35,1.0,false,0.6303365485764136,0.633061118131463,-0.0027245695550494053,0.0072931651561262715,0.018347074313313467,0.052001463215353594,0.2198767141014931,0.22048902852932348,0.21091067161472066,2148,0.6174377380922172,0.6188520887711146,0.007519669478525508,0.019774077253720466,0.214623359804734,0.2152849575008106,2511,0.6234772135896218,0.6318601206613127,0.615094306517931,-0.6174377380922179,-0.6188520887711139,-0.6159897825922819,-0.6156015010101509,903,-0.6439384940355315,-0.6481821414057323,863,-1,NaN,NaN,NaN,NaN,inv_D_sup_anch,inv,D_sup_anch,0.5190127224100751,1.0,0.08840501552553999,1.0,710,2.7065160758370497,0.10221683058742001,0.03796666075251059,0.06882921477508022,0.06836553036574576,0.0004636844093344433,0.061971830985915494,0.006857383789164728,0.25095185997530756,0.0007685614821974208,0.21830985915492956,0.03264200082037799,0.4939576688527188,0.4887323943661972,0.005225274486521603,0.28806834688304206,0.00016187103133860853,0.2943661971830986,-0.006297850300056529
m05_joint_production_wealth,inv_w0.25_s0.35,inverse_gaussian,0.25,0.35,1.0,false,0.6302690928147596,0.633061118131463,-0.002792025316703417,0.007832935093112395,0.018347074313313467,0.059774252517477366,0.21984825078215947,0.2204826681527349,0.21091067161472066,2148,0.617356476413161,0.6188520887711146,0.007053170173583887,0.019774077253720466,0.21458745590862868,0.2152849575008106,2511,0.6234910270714317,0.6318875429080498,0.6150945112348136,-0.6173564764131599,-0.6188520887711139,-0.6159099025575373,-0.6156015010101509,903,-0.643862902503296,-0.6481821414057323,863,-1,NaN,NaN,NaN,NaN,inv_D_tot,inv,D_tot,0.5805469084722055,0.08840501552553981,1.0,1.0026943185851453,710,2.712832584322589,0.2165062968020811,0.0800154967881771,0.06951593004621989,0.06794002309436036,0.0015759069518595241,0.061971830985915494,0.007544099060304399,0.251689476129642,0.002643322650521227,0.21830985915492956,0.03337961697471242,0.493495260392011,0.4887323943661972,0.004762866025813828,0.28979623661474135,0.0005076834186008534,0.2943661971830986,-0.004569960568357234
