model,container,form,scheme,trust,target_mdd,risk_lambda,kelly_fraction,total_return_pct,sharpe_ann,calmar,realised_mdd,deepest_mdd,n_settings,reached
m12_joint_hybrid_synergy,raw,none,none,flat_1.0,-23.44618631203682,23.0,0.4,111.7025036864669,1.2200695848572278,4.764207799079082,-23.44618631203679,-44.63933698606788,24,true
m12_joint_hybrid_synergy,std_A_pool,std,A_pool,flat_1.0,-23.44618631203682,12.0,0.5,134.17374819075025,1.313899471880532,6.039747572661374,-22.215125148289516,-32.0923729531541,24,true
m12_joint_hybrid_synergy,std_B_full,std,B_full,flat_1.0,-23.44618631203682,12.0,0.3,136.77006174215524,1.3262277710847865,6.29858316340719,-21.714417067118646,-31.44492784662986,24,true
m12_joint_hybrid_synergy,std_B_anch,std,B_anch,flat_1.0,-23.44618631203682,12.0,0.4,136.1753469983884,1.324393226697337,6.242428539432777,-21.81448231856925,-31.56843327628444,24,true
m12_joint_hybrid_synergy,std_C_sqrt,std,C_sqrt,flat_1.0,-23.44618631203682,12.0,0.4,135.18902415125487,1.3188772553533206,6.138559298827271,-22.022923876793335,-31.842871313806135,24,true
m12_joint_hybrid_synergy,std_D_sup,std,D_sup,flat_1.0,-23.44618631203682,12.0,0.5,136.09592405845854,1.320610902468702,6.20469638636066,-21.934340632303694,-31.742343381555266,24,true
m12_joint_hybrid_synergy,std_D_sup_anch,std,D_sup_anch,flat_1.0,-23.44618631203682,12.0,0.3,135.47638927624055,1.3177223835471696,6.141201070167067,-22.060243220884317,-31.8968517337573,24,true
m12_joint_hybrid_synergy,std_D_tot,std,D_tot,flat_1.0,-23.44618631203682,12.0,0.5,135.27099289629146,1.3223875945784747,6.175512854318552,-21.90441443283469,-31.677359561321662,24,true
m12_joint_hybrid_synergy,inv_A_pool,inv,A_pool,flat_1.0,-23.44618631203682,15.0,0.3,64.09472239607919,1.0430916359252744,3.044945392557045,-21.04954740822283,-32.27983681818419,24,true
m12_joint_hybrid_synergy,inv_B_full,inv,B_full,flat_1.0,-23.44618631203682,15.0,0.4,63.315602212544796,1.0252692498351323,2.940395578303408,-21.533021842277954,-33.3876776943017,24,true
m12_joint_hybrid_synergy,inv_B_anch,inv,B_anch,flat_1.0,-23.44618631203682,15.0,0.3,65.14325906625247,1.0485756927473264,3.0371757406847997,-21.448630118309996,-32.88222931689743,24,true
m12_joint_hybrid_synergy,inv_C_sqrt,inv,C_sqrt,flat_1.0,-23.44618631203682,15.0,0.5,64.0358272816447,1.040580952208227,3.02860718554028,-21.143655600956123,-32.50401606360795,24,true
m12_joint_hybrid_synergy,inv_D_sup,inv,D_sup,flat_1.0,-23.44618631203682,15.0,0.5,63.87423836898867,1.0321537261384723,2.992218382175576,-21.34678362698485,-33.01211029808094,24,true
m12_joint_hybrid_synergy,inv_D_sup_anch,inv,D_sup_anch,flat_1.0,-23.44618631203682,15.0,0.5,64.96363240804222,1.0451042228606506,3.0650465236108015,-21.194990649444144,-32.682071772312746,24,true
m12_joint_hybrid_synergy,inv_D_tot,inv,D_tot,flat_1.0,-23.44618631203682,15.0,0.3,63.40131534080804,1.035173298684695,2.975495287296451,-21.307819108802814,-32.75174741620723,24,true
m12_joint_hybrid_synergy,raw,none,none,canonical_P1,-16.148567670505155,23.0,0.3,151.52046006000467,1.5922465968934099,9.382903991959111,-16.148567670505155,-39.87098501854617,24,true
m12_joint_hybrid_synergy,std_A_pool,std,A_pool,canonical_P1,-16.148567670505155,18.0,0.4,97.19836289431585,1.5715349522988216,6.763413631366386,-14.37119895248507,-27.341755794930695,24,true
m12_joint_hybrid_synergy,std_B_full,std,B_full,canonical_P1,-16.148567670505155,18.0,0.4,97.89370141695888,1.5730428634781728,6.883946358997649,-14.22057876569696,-27.13887115028044,24,true
m12_joint_hybrid_synergy,std_B_anch,std,B_anch,canonical_P1,-16.148567670505155,18.0,0.4,98.28710446714955,1.5768087139068379,6.898657606895628,-14.247279698140925,-27.155061778225065,24,true
m12_joint_hybrid_synergy,std_C_sqrt,std,C_sqrt,canonical_P1,-16.148567670505155,18.0,0.4,97.5943255873724,1.5735676826145122,6.819599734371603,-14.310858318485359,-27.256444507334603,24,true
m12_joint_hybrid_synergy,std_D_sup,std,D_sup,canonical_P1,-16.148567670505155,18.0,0.4,97.6848819928946,1.5707259777154543,6.854098497352031,-14.252039422928275,-27.19668949413261,24,true
m12_joint_hybrid_synergy,std_D_sup_anch,std,D_sup_anch,canonical_P1,-16.148567670505155,18.0,0.4,97.58272597409182,1.569636075040439,6.812087212732285,-14.324937853364917,-27.27907939014295,24,true
m12_joint_hybrid_synergy,std_D_tot,std,D_tot,canonical_P1,-16.148567670505155,18.0,0.4,97.74981431103258,1.5773175106465755,6.851712677275487,-14.266478895887062,-27.179740482406668,24,true
m12_joint_hybrid_synergy,inv_A_pool,inv,A_pool,canonical_P1,-16.148567670505155,8.0,0.6,192.23016572984636,1.7268247333281794,12.549055644254771,-15.318297342784792,-15.318297342784792,24,false
m12_joint_hybrid_synergy,inv_B_full,inv,B_full,canonical_P1,-16.148567670505155,8.0,0.6,190.5533811094378,1.7030331355615456,12.580514019482148,-15.146708696826487,-15.162309853133186,24,false
m12_joint_hybrid_synergy,inv_B_anch,inv,B_anch,canonical_P1,-16.148567670505155,8.0,0.6,195.89961337640807,1.7286674157738062,12.482401440463367,-15.694064504396838,-15.694064504396838,24,false
m12_joint_hybrid_synergy,inv_C_sqrt,inv,C_sqrt,canonical_P1,-16.148567670505155,8.0,0.6,191.67685607816844,1.7198569038600917,12.52956834899732,-15.297961648735281,-15.297961648735281,24,false
m12_joint_hybrid_synergy,inv_D_sup,inv,D_sup,canonical_P1,-16.148567670505155,8.0,0.6,189.63196450502008,1.698245880556978,12.536264188607037,-15.126672639633561,-15.253810600349698,24,false
m12_joint_hybrid_synergy,inv_D_sup_anch,inv,D_sup_anch,canonical_P1,-16.148567670505155,8.0,0.6,192.7317691875413,1.7129702540768035,12.529559988655674,-15.38216580327175,-15.38216580327175,24,false
m12_joint_hybrid_synergy,inv_D_tot,inv,D_tot,canonical_P1,-16.148567670505155,8.0,0.6,192.42491675207432,1.728627653676441,12.53429209953806,-15.35187749128377,-15.35187749128377,24,false
m05_joint_production_wealth,raw,none,none,flat_1.0,-22.73179591720139,23.0,0.5,93.23398562246108,1.1325702219683662,4.101479089556226,-22.73179591720139,-44.77317512491638,24,true
m05_joint_production_wealth,std_A_pool,std,A_pool,flat_1.0,-22.73179591720139,15.0,0.3,83.96363957085636,1.1583339119485285,4.195046730133662,-20.014947382524422,-32.944321359493586,24,true
m05_joint_production_wealth,std_B_full,std,B_full,flat_1.0,-22.73179591720139,15.0,0.3,85.66159284810423,1.1687358465463256,4.316857876096297,-19.84350546318365,-32.883355965654516,24,true
m05_joint_production_wealth,std_B_anch,std,B_anch,flat_1.0,-22.73179591720139,15.0,0.3,86.04436214953613,1.1751399413928658,4.308314387265268,-19.97169993068992,-32.82760285963044,24,true
m05_joint_production_wealth,std_C_sqrt,std,C_sqrt,flat_1.0,-22.73179591720139,15.0,0.3,84.58311505058944,1.1622579208740416,4.23628296892375,-19.96635155655766,-32.955395662120154,24,true
m05_joint_production_wealth,std_D_sup,std,D_sup,flat_1.0,-22.73179591720139,15.0,0.3,85.52598261792205,1.1662409545995729,4.274853291440546,-20.006764393334628,-33.07807121639118,24,true
m05_joint_production_wealth,std_D_sup_anch,std,D_sup_anch,flat_1.0,-22.73179591720139,15.0,0.3,85.41965473562891,1.1675896788141766,4.255296502666842,-20.073725692697433,-33.02038721831587,24,true
m05_joint_production_wealth,std_D_tot,std,D_tot,flat_1.0,-22.73179591720139,15.0,0.5,84.53734498677159,1.1648775265819837,4.271739495022709,-19.789911132285038,-32.73537177080916,24,true
m05_joint_production_wealth,inv_A_pool,inv,A_pool,flat_1.0,-22.73179591720139,12.0,0.5,82.9149560807897,1.1335565561472756,3.7609179094342697,-22.046467930820125,-29.85051195446657,24,true
m05_joint_production_wealth,inv_B_full,inv,B_full,flat_1.0,-22.73179591720139,12.0,0.4,81.70533560015639,1.107495259722115,3.6985539633302533,-22.091156817024576,-29.93266994599607,24,true
m05_joint_production_wealth,inv_B_anch,inv,B_anch,flat_1.0,-22.73179591720139,12.0,0.4,85.13713344922138,1.1416587381724779,3.8197150473886956,-22.288870345819227,-29.96002611864526,24,true
m05_joint_production_wealth,inv_C_sqrt,inv,C_sqrt,flat_1.0,-22.73179591720139,12.0,0.5,83.00242789268528,1.1310904729443392,3.7742831965469517,-21.991573914915353,-29.807250490003838,24,true
m05_joint_production_wealth,inv_D_sup,inv,D_sup,flat_1.0,-22.73179591720139,12.0,0.5,82.81458428472,1.1164494900538235,3.692710347853692,-22.426504243110806,-30.2385815258986,24,true
m05_joint_production_wealth,inv_D_sup_anch,inv,D_sup_anch,flat_1.0,-22.73179591720139,12.0,0.5,84.82491919475679,1.1361940231238727,3.7723599393378175,-22.485902872154494,-30.208479263367465,24,true
m05_joint_production_wealth,inv_D_tot,inv,D_tot,flat_1.0,-22.73179591720139,12.0,0.4,81.31264558006379,1.1194662589285327,3.731499302666859,-21.790877870980864,-29.60289770143315,24,true
m05_joint_production_wealth,raw,none,none,canonical_P1,-16.0657856083645,23.0,0.3,130.15276802337246,1.5444444505204973,8.101238943186797,-16.0657856083645,-37.448490412747105,24,true
m05_joint_production_wealth,std_A_pool,std,A_pool,canonical_P1,-16.0657856083645,15.0,0.5,103.5755229641675,1.436531072444175,6.433950521986925,-16.098277817060588,-27.26963561244326,24,true
m05_joint_production_wealth,std_B_full,std,B_full,canonical_P1,-16.0657856083645,15.0,0.5,103.35773001925403,1.4243069053831245,6.43803151179702,-16.054244194030705,-27.278436878028455,24,true
m05_joint_production_wealth,std_B_anch,std,B_anch,canonical_P1,-16.0657856083645,15.0,0.5,105.44052168237039,1.4449042696089207,6.602583204451113,-15.969586208514261,-27.109214815617065,24,true
m05_joint_production_wealth,std_C_sqrt,std,C_sqrt,canonical_P1,-16.0657856083645,15.0,0.5,103.5823288412813,1.4332310926733196,6.4401143999233135,-16.083926838708752,-27.272999053617042,24,true
m05_joint_production_wealth,std_D_sup,std,D_sup,canonical_P1,-16.0657856083645,15.0,0.5,103.59591799987643,1.426915222153893,6.486555189294545,-15.970868199942526,-27.184370277394198,24,true
m05_joint_production_wealth,std_D_sup_anch,std,D_sup_anch,canonical_P1,-16.0657856083645,15.0,0.5,104.35190262164107,1.4353188830742025,6.534532743162442,-15.969298299229134,-27.136139413291332,24,true
m05_joint_production_wealth,std_D_tot,std,D_tot,canonical_P1,-16.0657856083645,15.0,0.5,103.61259987363178,1.4358314768699743,6.433111641968041,-16.106140486928382,-27.262934787742783,24,true
m05_joint_production_wealth,inv_A_pool,inv,A_pool,canonical_P1,-16.0657856083645,8.0,0.6,186.70467047867575,1.9081977447003964,12.64246718791776,-14.768056559174381,-14.768056559174381,24,false
m05_joint_production_wealth,inv_B_full,inv,B_full,canonical_P1,-16.0657856083645,8.0,0.6,185.94628616745788,1.868845503619006,11.947106353542935,-15.564127468599557,-15.564127468599557,24,false
m05_joint_production_wealth,inv_B_anch,inv,B_anch,canonical_P1,-16.0657856083645,8.0,0.6,191.50776186781755,1.9073251387125816,12.876169864416902,-14.873037858645086,-14.873037858645086,24,false
m05_joint_production_wealth,inv_C_sqrt,inv,C_sqrt,canonical_P1,-16.0657856083645,8.0,0.6,186.75870869249073,1.8993024317211438,12.49084203440148,-14.951650831715893,-14.951650831715893,24,false
m05_joint_production_wealth,inv_D_sup,inv,D_sup,canonical_P1,-16.0657856083645,8.0,0.6,185.06405358098465,1.866925464066705,12.058978318758397,-15.346578183419357,-15.346578183419357,24,false
m05_joint_production_wealth,inv_D_sup_anch,inv,D_sup_anch,canonical_P1,-16.0657856083645,8.0,0.6,188.13900916968421,1.8864851835239103,12.556240413084073,-14.98370555039997,-14.98370555039997,24,false
m05_joint_production_wealth,inv_D_tot,inv,D_tot,canonical_P1,-16.0657856083645,8.0,0.6,187.19212089435473,1.9096784006522687,12.460256005938529,-15.02313602586812,-15.02313602586812,24,false
